"Codice Accertatore","Denominazione","Codice Catastale","Decreto","Data Decreto","Tipo","Marca","Modello","Versione","Matricola","Note","Data Ultima Comunicazione","Data Primo Inserimento"
"CMAGP005","Palma di Montechiaro Polizia Municipale","G282","3758","06/08/2014","rilevatore di velocità in modalità istantanea","Sodi scientifica","Autovelox 106","non presente","955385 – 957381","","13/10/2025 07:13:07","13/10/2025 07:13:07"
"CMAGP007","COMANDO POLIZIA LOCALE MENFI  AG","F126","20923","02/03/07","MOBILE","ELTRAFF","VELOMATIC","512D","5000","","31/10/2025 11:52:12","31/10/2025 11:52:12"
"CMALP001","Polizia Locale Novi Ligure","F965","3758","06/08/2024","RILEVATORE MOBILE","SODISCIENTIFICA","AUTOVELOX","106","958770","","11/11/2025 08:30:10","11/11/2025 08:30:10"
"CMALP001","Polizia Locale Novi Ligure","F965","1824","20/03/2000","RILEVATORE MOBILE","ELTRAFF","TELELASER","MICRODIGICAM","UL001011","","11/11/2025 08:30:10","11/11/2025 08:30:10"
"CMALP002","POLIZIA MUNICIPALE ALESSANDRIA","A182","3758","06/08/2014","RILEVATORE VELOCITA' MOD. ISTANTANEA","SODI SCIENTIFICA","AUTOVELOX","106","958581","","28/10/2025 09:41:54","28/10/2025 09:41:54"
"CMALP002","POLIZIA MUNICIPALE ALESSANDRIA","A182","288","17/01/2018","DISPOSITIVO MISURAZIONE VELOCITA' ISTANTANEA","ENGYNE SPA","MVDN 1507","UNICA","CMP3918444","0X000","28/10/2025 09:41:54","28/10/2025 09:41:54"
"CMALP002","POLIZIA MUNICIPALE ALESSANDRIA","A182","3758","06/08/2014","RILEVATORE VELOCITA' MOD. ISTANTANEA","SODI SCIENTIFICA","AUTOVELOX","106","958581","","22/10/2025 18:53:04","22/10/2025 18:53:04"
"CMALP002","POLIZIA MUNICIPALE ALESSANDRIA","A182","288","17/01/2018","DISPOSITIVO MISURAZIONE VELOCITA' ISTANTANEA","ENGYNE SPA","MVDN 1507","UNICA","CMP3918444","0X000","22/10/2025 18:53:04","22/10/2025 18:53:04"
"CMALP003","CASALE MONFERRATO POLIZIA MUNICIPALE","B885","1824","20/03/2000","MOBILE","ELTRAFF","TELELASER","ULTRALYTE","UL007761","","08/10/2025 13:10:22","08/10/2025 13:10:22"
"CMALP004","Polizia Locale Tortona","L304","48","01/03/2021","Dispositivo fisso","Safety21 S.p.A.","AGUIA Red & Speed","AGUIA-T5-5-R","16319","","22/11/2025 09:31:10","22/11/2025 09:31:10"
"CMALP004","Polizia Locale Tortona","L304","48","01/03/2021","Dispositivo portatile","Safety21 S.p.A.","AGUIA Red & Speed","AGUIA-T5-5-R","16429","","22/11/2025 09:31:10","22/11/2025 09:31:10"
"CMALP004","Polizia Locale Tortona","L304","3248","13/06/2011","Dispositivo portatile","Eltraff","TeleLaser","TruCam","TC002911","","22/11/2025 09:31:10","22/11/2025 09:31:10"
"CMALP005","POLIZIA LOCALE UNIONE BASSA VALLE SCRIVIA","C243","3248","13/06/2021","TELELASER","ELTRAFF","TRUSPEED","UNICA","TS0006892","","23/10/2025 16:03:05","23/10/2025 16:03:05"
"CMALP011","POLIZIA LOCALE","L570","4199","08/09/1997","MOBILE","ELTRAFF","TELELASER","LTI 20-20","12272","","23/02/2026 17:39:12","29/10/2025 15:32:50"
"CMALP011","POLIZIA LOCALE","L570","288","17/01/2018","MOBILE","ENGINE","ENVES","EVO 1507","AK0791H CMP3706280 ACCC8ED3283B","","23/02/2026 17:39:12","23/02/2026 17:39:12"
"CMALP210","Comune Castelnuovo Bormida","C229","1824","20/03/2000","Mobile","Eltraff","Telelaser","Ultralyte","UL006188","","10/11/2025 09:58:32","10/11/2025 09:58:32"
"CMALP221","Polizia Locale Casal Cermelli","B870","20923","02/03/2007","Autovelox Mobile","Eltraff","Velomatic","512","1950 Rilevatore e 1968 Unita' di comando","","21/10/2025 15:32:07","21/10/2025 15:32:07"
"CMALP221","Polizia Locale Casal Cermelli","B870","20923","02/03/2007","Autovelox Mobile","Eltraff","Velomatic","512","1549 Rilevatore e 1534 Unita' di comando","","21/10/2025 15:32:07","21/10/2025 15:32:07"
"CMALP226","CMALP22601","I144","2483","10/11/1993","RILEVATORE DI VELOCITA' IN MODALITA' ISTANTANEA","SODI SCIENTIFICA","AUTOVELOX 104/C-2","NON PRESENTE","928085 (RILEVATORE) 927230 (ELABORATORE)","","07/11/2025 15:06:32","07/11/2025 15:06:32"
"CMALP228","Polizia Municipale Capriata D'Orba","B701","20923","02/03/2007","Autovelox Mobile","Eltraff","Velomatic","512","1950 Rilevatore e 1968 Unita' di comando","","15/10/2025 09:54:22","15/10/2025 09:54:22"
"CMALP228","Polizia Municipale Capriata D'Orba","B701","20923","02/03/2007","Autovelox Mobile","Eltraff","Velomatic","512","1549 Rilevatore e 1534 Unita' di comando","","15/10/2025 09:54:22","15/10/2025 09:54:22"
"CMALP236","PROVINCIA DI ALESSANDRIA - U.O.A. POLIZIA LOCALE","A182","4020","21/06/2017","RILEVATORE DI VELOCITA' ISTANTANEA","ENGINE S.R.L.","ENVES EVO MVD","1605","0x00029529","","09/02/2026 20:31:13","10/11/2025 16:15:48"
"CMALP236","PROVINCIA DI ALESSANDRIA - U.O.A. POLIZIA LOCALE","A182","4020","21/06/2017","RILEVATORE DI VELOCITA' ISTANTANEA","ENGINE S.R.L.","ENVES EVO MVD","1605","0x00032BBA","","09/02/2026 20:31:13","10/11/2025 16:15:48"
"CMALP236","PROVINCIA DI ALESSANDRIA - U.O.A. POLIZIA LOCALE","A182","4020","21/06/2017","RILEVATORE DI VELOCITA' ISTANTANEA","ENGINE S.R.L.","ENVES EVO MVD","1605","0x0002DC87","","09/02/2026 20:31:13","10/11/2025 16:15:48"
"CMALP236","PROVINCIA DI ALESSANDRIA - U.O.A. POLIZIA LOCALE","A182","4020","21/06/2017","RILEVATORE DI VELOCITA' ISTANTANEA","ENGINE S.R.L.","ENVES EVO MVD","1605","0x00032BC2","","09/02/2026 20:31:13","10/11/2025 16:15:48"
"CMALP236","PROVINCIA DI ALESSANDRIA - U.O.A. POLIZIA LOCALE","A182","4020","21/06/2017","RILEVATORE DI VELOCITA' ISTANTANEA","ENGINE S.R.L.","ENVES EVO MVD","1605","0x0002956D","","09/02/2026 20:31:13","10/11/2025 16:15:48"
"CMALP236","PROVINCIA DI ALESSANDRIA - U.O.A. POLIZIA LOCALE","A182","4020","21/06/2017","RILEVATORE DI VELOCITA' ISTANTANEA","ENGINE S.R.L.","ENVES EVO MVD","1605","0x00029556","","09/02/2026 20:31:13","10/11/2025 16:15:48"
"CMALP236","PROVINCIA DI ALESSANDRIA - U.O.A. POLIZIA LOCALE","A182","4020","21/06/2017","RILEVATORE DI VELOCITA' ISTANTANEA","ENGINE S.R.L.","ENVES EVO MVD","1605","0x00029525","","09/02/2026 20:31:13","10/11/2025 16:15:48"
"CMALP236","PROVINCIA DI ALESSANDRIA - U.O.A. POLIZIA LOCALE","A182","4020","21/06/2017","RILEVATORE DI VELOCITA' ISTANTANEA","ENGINE S.R.L.","ENVES EVO MVD","1605","0x0002DC82","","09/02/2026 20:31:13","10/11/2025 16:15:48"
"CMALP236","PROVINCIA DI ALESSANDRIA - U.O.A. POLIZIA LOCALE","A182","4020","21/06/2017","RILEVATORE DI VELOCITA' ISTANTANEA","ENGINE S.R.L.","ENVES EVO MVD","1605","0x00039A01","","09/02/2026 20:31:13","10/11/2025 16:15:48"
"CMALP236","PROVINCIA DI ALESSANDRIA - U.O.A. POLIZIA LOCALE","A182","4020","21/06/2017","RILEVATORE DI VELOCITA' ISTANTANEA","ENGINE S.R.L.","ENVES EVO MVD","1605","0x000399F2","","09/02/2026 20:31:13","10/11/2025 16:15:48"
"CMALP236","PROVINCIA DI ALESSANDRIA - U.O.A. POLIZIA LOCALE","A182","4020","21/06/2017","RILEVATORE DI VELOCITA' ISTANTANEA","ENGINE S.R.L.","ENVES EVO MVD","1605","0x0002DCFA","","09/02/2026 20:31:13","10/11/2025 16:15:48"
"CMALP236","PROVINCIA DI ALESSANDRIA - U.O.A. POLIZIA LOCALE","A182","4020","21/06/2017","RILEVATORE DI VELOCITA' ISTANTANEA","ENGINE S.R.L.","ENVES EVO MVD","1605","0x00032BE2","","09/02/2026 20:31:13","10/11/2025 16:15:48"
"CMALP236","PROVINCIA DI ALESSANDRIA - U.O.A. POLIZIA LOCALE","A182","4020","21/06/2017","RILEVATORE DI VELOCITA' ISTANTANEA","ENGINE S.R.L.","ENVES EVO MVD","1605","0x0003E5B0","","09/02/2026 20:31:13","10/11/2025 16:15:48"
"CMALP236","PROVINCIA DI ALESSANDRIA - U.O.A. POLIZIA LOCALE","A182","4020","21/06/2017","RILEVATORE DI VELOCITA' ISTANTANEA","ENGINE S.R.L.","ENVES EVO MVD","1605","0x000399FE","","09/02/2026 20:31:13","10/11/2025 16:15:48"
"CMALP236","PROVINCIA DI ALESSANDRIA - U.O.A. POLIZIA LOCALE","A182","4020","21/06/2017","RILEVATORE DI VELOCITA' ISTANTANEA","ENGINE S.R.L.","ENVES EVO MVD","1605","0x0002EB08","","09/02/2026 20:31:13","10/11/2025 16:15:48"
"CMALP236","PROVINCIA DI ALESSANDRIA - U.O.A. POLIZIA LOCALE","A182","4020","21/06/2017","RILEVATORE DI VELOCITA' ISTANTANEA","ENGINE S.R.L.","ENVES EVO MVD","1605","0x000399FB","","09/02/2026 20:31:13","10/11/2025 16:15:48"
"CMALP236","PROVINCIA DI ALESSANDRIA - U.O.A. POLIZIA LOCALE","A182","4020","21/06/2017","RILEVATORE DI VELOCITA' ISTANTANEA","ENGINE S.R.L.","ENVES EVO MVD","1605","0x00032519","","09/02/2026 20:31:13","10/11/2025 16:15:48"
"CMALP236","PROVINCIA DI ALESSANDRIA - U.O.A. POLIZIA LOCALE","A182","4020","21/06/2017","RILEVATORE DI VELOCITA' ISTANTANEA","ENGINE S.R.L.","ENVES EVO MVD","1605","0x0003BA0C","","09/02/2026 20:31:13","10/11/2025 16:15:48"
"CMALP236","PROVINCIA DI ALESSANDRIA - U.O.A. POLIZIA LOCALE","A182","4020","21/06/2017","RILEVATORE DI VELOCITA' ISTANTANEA","ENGINE S.R.L.","ENVES EVO MVD","1605","0x0002DCE4","","09/02/2026 20:31:13","10/11/2025 16:15:48"
"CMALP236","PROVINCIA DI ALESSANDRIA - U.O.A. POLIZIA LOCALE","A182","4020","21/06/2017","RILEVATORE DI VELOCITA' ISTANTANEA","ENGINE S.R.L.","ENVES EVO MVD","1605","0x0003E58A","","09/02/2026 20:31:13","10/11/2025 16:15:48"
"CMALP236","PROVINCIA DI ALESSANDRIA - U.O.A. POLIZIA LOCALE","A182","4020","21/06/2017","RILEVATORE DI VELOCITA' ISTANTANEA","ENGINE S.R.L.","ENVES EVO MVD","1605","0x00029593","","09/02/2026 20:31:13","10/11/2025 16:15:48"
"CMALP236","PROVINCIA DI ALESSANDRIA - U.O.A. POLIZIA LOCALE","A182","4020","21/06/2017","RILEVATORE DI VELOCITA' ISTANTANEA","ENGINE S.R.L.","ENVES EVO MVD","1605","0x0002AD89","","09/02/2026 20:31:13","10/11/2025 16:15:48"
"CMALP236","PROVINCIA DI ALESSANDRIA - U.O.A. POLIZIA LOCALE","A182","4020","21/06/2017","RILEVATORE DI VELOCITA' ISTANTANEA","ENGINE S.R.L.","ENVES EVO MVD","1605","0x0002956A","","09/02/2026 20:31:13","03/02/2026 19:10:39"
"CMALP236","PROVINCIA DI ALESSANDRIA - U.O.A. POLIZIA LOCALE","A182","4020","21/06/2017","RILEVATORE DI VELOCITA' ISTANTANEA","ENGINE S.R.L.","ENVES EVO MVD","1605","0x00039A49","","09/02/2026 20:31:13","03/02/2026 19:10:39"
"CMALP236","PROVINCIA DI ALESSANDRIA - U.O.A. POLIZIA LOCALE","A182","4020","21/06/2017","RILEVATORE DI VELOCITA' ISTANTANEA","ENGINE S.R.L.","ENVES EVO MVD","1605","0x0002DCAA","","09/02/2026 20:31:13","03/02/2026 19:10:39"
"CMALP236","PROVINCIA DI ALESSANDRIA - U.O.A. POLIZIA LOCALE","A182","4020","21/06/2017","RILEVATORE DI VELOCITA' ISTANTANEA","ENGINE S.R.L.","ENVES EVO MVD","1605","0x00039A47","","09/02/2026 20:31:13","09/02/2026 20:31:13"
"CMALP236","PROVINCIA DI ALESSANDRIA - U.O.A. POLIZIA LOCALE","A182","4020","21/06/2017","RILEVATORE DI VELOCITA' ISTANTANEA","ENGINE S.R.L.","ENVES EVO MVD","1605","0x0002DCB1","","09/02/2026 20:31:13","09/02/2026 20:31:13"
"CMALP236","PROVINCIA DI ALESSANDRIA - U.O.A. POLIZIA LOCALE","A182","4020","21/06/2017","RILEVATORE DI VELOCITA' ISTANTANEA","ENGINE S.R.L.","ENVES EVO MVD","1605","0x0002EC31","","09/02/2026 20:31:13","09/02/2026 20:31:13"
"CMALP236","PROVINCIA DI ALESSANDRIA - U.O.A. POLIZIA LOCALE","A182","4020","21/06/2017","RILEVATORE DI VELOCITA' ISTANTANEA","ENGINE S.R.L.","ENVES EVO MVD","1605","0x0002EC16","","09/02/2026 20:31:13","09/02/2026 20:31:13"
"CMALP236","PROVINCIA DI ALESSANDRIA - U.O.A. POLIZIA LOCALE","A182","4671","28/07/2016","RILEVATORE DI VELOCITA' MEDIA","ENGINE S.P.A.","CELERITAS EVO","1506","AM1251H-AK0751H","","09/02/2026 20:31:13","10/11/2025 16:15:48"
"CMALP236","PROVINCIA DI ALESSANDRIA - U.O.A. POLIZIA LOCALE","A182","4671","28/07/2016","RILEVATORE DI VELOCITA' MEDIA","ENGINE S.P.A.","CELERITAS EVO","1506","AK0757H-AK0752H","","09/02/2026 20:31:13","10/11/2025 16:15:48"
"CMALP236","PROVINCIA DI ALESSANDRIA - U.O.A. POLIZIA LOCALE","A182","4671","28/07/2016","RILEVATORE DI VELOCITA' MEDIA","ENGINE S.P.A.","CELERITAS EVO","1506","AN1611H-AN1612H","","09/02/2026 20:31:13","03/02/2026 19:10:39"
"CMALP242","polizia locale","D528","1824","20/03/2000","pistola laser","telelaser","ultralyte","ultralyte","UL016708","","11/02/2026 09:48:52","11/02/2026 09:48:52"
"CMALP243","POLIZIA LOCALE ACQUI TERME","A052","4668          288","28.07.2016       17.01.2018","MOBILE","ENVES","EVO MVDm 1507","VE1365","AL1029H","","11/10/2025 13:06:48","11/10/2025 13:06:48"
"CMALP243","POLIZIA LOCALE ACQUI TERME","A052","4199","08.09.1997","MOBILE","ELTRAFF","LTI 2020","LTI2020","12279","","11/10/2025 13:06:48","11/10/2025 13:06:48"
"CMALP259","COMUNITA' COLLINARE BASSO GRUE-CURONE","L904","550","23/12/2021","Apparato di rilevamento di velocita' istantanea","Engine S.P.A.","EnVES EVO MVD 1605","EnVES EVO MVD 1605 approv.min.23/12/2021 decr 550","0x0003BA18","APPARATO BIDIREZIONALE INSTALLATO SULLA SP 99 Km 3+315 (Via I Maggio civ.58) - dispositivo noleggiato","27/02/2026 16:27:53","27/02/2026 16:27:53"
"CMALP259","COMUNITA' COLLINARE BASSO GRUE-CURONE","L904","20923","02/03/2007","Apparato di rilev. di velocita' istantanea mobile","Eltraff","Velomatic","512D","4466 rilevat. -4487 unità com.","Estensione approv. 5913 del 17/12/2014 -Utilizzato dall'Unione nei Comuni di Viguzzolo,Castellar Guidobono,Carbonara Scrivia,Casalnoceto e Sarezzano","27/02/2026 16:27:53","22/10/2025 11:31:34"
"CMALP274","""POLIZIA LOCALE UNIONE MONTANA VALLI BORBERA E SPINTI""","""A998""","""288""","""17/01/2018""","""SENSORE LASER""","""ENGINE SPA""","""ENVES EVO MVDM 1507""","""ENVES EVO MVDM 1507""","""CMP3797161""","","24/11/2025 10:22:00","24/11/2025 10:22:00"
"CMALP275","UNIONE TERRE DI FIUME TRA I COMUNI DI SALE E MOLINO DEI TORTI","6151","128","23/03/2023","RILEVATORE DI VELOCITA' IN MODALITA' ISTANTANEA","ENGINE SRL","ENVES EVO MVDM 1507","non presente","AI0389H","0","07/10/2025 10:16:42","07/10/2025 10:16:42"
"CMALP275","UNIONE TERRE DI FIUME","6151","128","23/03/2023","RILEVATORE DI VELOCITA' IN MODALITA' ISTANTANEA","ENGINE SRL","ENVES","EVO MVDM 1507","AI0389H","LASER: CMP3509088 - TELECAMERA: ACCC8E988D23","11/10/2025 14:34:38","11/10/2025 14:34:38"
"CMALP275","UNIONE TERRE DI FIUME","6151","1824","20/03/2000","RILEVATORE DI VELOCITA' IN MODALITA' ISTANTANEA","LASER TECHNOLOGY","TELELASER","ULTRALYTE","UL013372","","11/10/2025 14:34:38","11/10/2025 14:34:38"
"CMALP283","COMUNE DI STREVI - POLIZIA LOCALE","I977","290","25/07/2023","REVELAZIONE VELOCITA' MEDIA A POSTAZIONE FISSA","ENGINE SPA","CELERITAS MVD 2022","NA","AP0177K - AP0178K","DISPOSITIVO A NOLEGGIO.   S.S. 30 di Val Bormida direzione Alessandria fino al km 27+570 (lung.tratta 2,293 km)","16/04/2026 13:02:35","16/04/2026 13:02:35"
"CMALP283","COMUNE DI STREVI - POLIZIA LOCALE","I977","290","25/07/2023","REVELAZIONE VELOCITA' MEDIA A POSTAZIONE FISSA","ENGINE SPA","CELERITAS MVD 2022","NA","AP0171K - AP0191K","DISPOSITIVO A NOLEGGIO.  S.S. 30 di Val Bormida direzione Acqui Terme fino al km 29+680 (lung.tratta 2,3066 km)","16/04/2026 13:02:35","16/04/2026 13:02:35"
"CMANP000","COMUNE DI ANCONA","A271","3758","06/08/2014","FISSO","SODI","AUTOVELOX","106","CPU 955604 RIL.954615","","03/10/2025 07:59:56","03/10/2025 07:59:56"
"CMANP000","COMUNE DI ANCONA","A271","3758","06/08/2014","MOBILE","SODI","AUTOVELOX","106","CPU 949406 RIL.948992","","03/10/2025 07:59:56","03/10/2025 07:59:56"
"CMANP000","COMUNE DI ANCONA","A271","3758","06/08/2014","FISSO","SODI","AUTOVELOX","106","CPU 950556 RIL.949136","","03/10/2025 07:59:56","03/10/2025 07:59:56"
"CMANP000","COMUNE DI ANCONA","A271","3758","06/08/2014","FISSO","SODI","AUTOVELOX","106","CPU 953331 RIL.952859","","03/10/2025 07:59:56","03/10/2025 07:59:56"
"CMANP000","COMUNE DI ANCONA","A271","3758","06/08/2014","FISSO","SODI","AUTOVELOX","106","CPU 946994 RIL.947331","","03/10/2025 07:59:56","03/10/2025 07:59:56"
"CMANP000","COMUNE DI ANCONA","A271","3758","06/08/2014","FISSO","SODI","AUTOVELOX","106","CPU 953940 RIL.953470","","03/10/2025 07:59:56","03/10/2025 07:59:56"
"CMANP000","COMUNE DI ANCONA","A271","3248","13/06/2011","MOBILE","ELTRAFF","TELELASER","TRUCAM","TC001285","","03/10/2025 07:59:56","03/10/2025 07:59:56"
"CMANP000","COMUNE DI ANCONA","A271","3248","13/06/2011","MOBILE","ELTRAFF","TELELASER","TRUCAM HD","TC012347","ESTENSIONE APP. 0000242 DEL 05/07/2028","03/10/2025 07:59:56","03/10/2025 07:59:56"
"CMANP001","Polizia Locale Senigallia","I608","3248","13/06/2011","mobile","Eltraff","Telelaser","TruCam HD","TC011170","Estensione di approvazione 0000242 del 05/07/2018","22/10/2025 08:01:24","22/10/2025 08:01:24"
"CMANP002","Polizia Locale Comune di Falconara Marittima","D472","5240","31/08/2017","Sistema rilevamento velocità media","Safety21 S.p.A.","VELOCAR RED&SPEED EVO M","ND","non applicabile","Dec.sub.tit.n.227_04/07/2025 SS 16 ADRIATICA DAL KM 288+320 AL KM 289+800 DIR PESCARA MATR 319 NOLEGGIO","27/11/2025 15:56:37","04/11/2025 16:36:01"
"CMANP002","Polizia Locale Comune di Falconara Marittima","D472","5240","31/08/2017","Sistema rilevamento velocità media","Safety21 S.p.A.","VELOCAR RED&SPEED EVO M","ND","non applicabile","Dec.sub.tit.n.227_04/07/2025 SS 16 ADRIATICA DAL KM 288+320 AL KM 289+800 DIR PESCARA MATR 320 NOLEGGIO","27/11/2025 15:56:37","04/11/2025 16:36:01"
"CMANP002","Polizia Locale Comune di Falconara Marittima","D472","103683","30/12/2010","Sistema rilevamento velocità","Eltraff s.r.l.","VELOMATIC 512D","ND","4660-4672","'-","27/11/2025 15:56:37","27/11/2025 15:56:37"
"CMANP003","COMUNE DI OSIMO","G157","3758","06/08/2014","Rilevatore di velocita in modalita istantanea","Sodi Scientifica","Autovelox 106","Non presente","955412","","03/11/2025 11:23:56","03/11/2025 11:23:56"
"CMANP003","COMUNE DI OSIMO","G157","3758","06/08/2014","Rilevatore di velocita in modalita istantanea","Sodi Scientifica","Autovelox 106","Non presente","958926","","03/11/2025 11:23:56","03/11/2025 11:23:56"
"CMANP003","COMUNE DI OSIMO","G157","3248","13/06/2011","Mobile","Eltraff","Telelaser","TruCam","TC001298","","03/11/2025 11:23:56","03/11/2025 11:23:56"
"CMANP004","FABRIANO POLIZIA MUNICIPALE","D451","3758","06/08/2014","MOBILE","SODI SCENTIFICA SPA","AUTOVELOX","106","955623","","15/10/2025 11:55:36","15/10/2025 11:55:36"
"CMANP004","FABRIANO POLIZIA MUNICIPALE","D451","3248","13/06/2011","MOBILE","ELTRAFF","TELELASER","TRUCAM HD","TC006598","ESTENSIONE DI APPROVAZIONE 00000242 DEL 05/07/2018","15/10/2025 11:55:36","15/10/2025 11:55:36"
"CMANP006","Comune di Monsano","F381","n. 3248","13/06/2011","Telelaser","Eltraff","Telelaser TruCam","HD","TC011767","estensione approvazione n. 242 del 05/07/2018","19/11/2025 08:20:26","19/11/2025 08:20:26"
"CMANP201","COMUNE DI CASTELFIDARDO","C100","4164","03/08/2011","RILEVATORE DI VELOCITA' IN MODALITA' ISTANTANEA","SODI SCIENTIFICA","AUTOSTOP HD","AUTOSTOP HD","945046","","06/11/2025 10:12:30","06/11/2025 10:12:30"
"CMANP201","COMUNE DI CASTELFIDARDO","C100","4164","03/08/2011","RILEVATORE DI VELOCITA' IN MODALITA' ISTANTANEA","SODI SCIENTIFICA","AUTOSTOP HD","AUTOSTOP HD","943101","","06/11/2025 10:12:30","06/11/2025 10:12:30"
"CMANP201","COMUNE DI CASTELFIDARDO","C100","242","05/07/2018","RILEVATORE DI VELOCITA' IN MODALITA' ISTANTANEA","ELTRAFF SRL","TELELASER TRUCAM HD","TELELASER TRUCAM HD","TC006496","","06/11/2025 10:12:30","06/11/2025 10:12:30"
"CMANP204","POLIZIA LOCALE COMUNE DI CHIARAVALLE(AN)","C615","3758","06/08/2014","AUTOVELOX","SODI SCIENTIFICA SPA","106","106","959064 - 959520","","27/10/2025 16:16:26","27/10/2025 16:16:26"
"CMANP208","CORPO POLIZIA LOCALE COMUNE DI NUMANA","F978","1824","20/03/2000","MOBILE","ELTRAFF","TELELASER","ULTRALYTE","UL022831","","03/10/2025 06:38:41","03/10/2025 06:38:41"
"CMANP216","COMUNE DI FILOTTRANO","D597","3248","13/06/2011","MOBILE","ELTRAFF","TELELASER","TRUCAM HD","TC012547","Estensione di approvazione 0000242 del 05/07/2018","07/10/2025 12:15:09","07/10/2025 12:15:09"
"CMANP217","Polizia locale Comune di Loreto","E690","4164","03/08/2011","fisso","Sodi Scientifica S.r.l.","Autostop HD","nessuna","945326 e 947969","","25/11/2025 11:21:45","25/11/2025 11:21:45"
"CMANP217","Polizia locale Comune di Loreto","E690","3758","06/08/2014","fisso","Sodi Scientifica S.r.l.","Autovelox 106","nessuna","959277 e 960427","","25/11/2025 11:21:45","25/11/2025 11:21:45"
"CMANP218","COMUNE DI CAMERANO","B468","3758","06/08/2014","RILEVATORE DI VELOCITA' IN MODALITA' ISTANTANEA","SODI SCIENTIFICA","AUTOVELOX 106","NON PRESENTE","953483","","16/10/2025 09:14:22","16/10/2025 09:14:22"
"CMANP218","COMUNE DI CAMERANO","B468","3758","06/08/2014","RILEVATORE DI VELOCITA' IN MODALITA' ISTANTANEA","SODI SCIENTIFICA","AUTOVELOX 106","NON PRESENTE","953535","","16/10/2025 09:14:22","16/10/2025 09:14:22"
"CMANP222","Unione dei Comuni ""Le Terre della Marca Senone""","M318","3758","06/08/2014","Rilevatore di velocità in modalità istantanea","Sodi Scentifica","Autovelox 106","non presente","953541","L'autovelox viene utilizzato nei Comuni di Barbara, Ostra, Ostra Vetere e Trecastelli.","21/10/2025 09:05:20","21/10/2025 09:05:20"
"CMANP223","COMUNE DI SIROLO","I758","3758","06/08/2014","RILEVATORE DI VELOCITA' IN MODALITA' ISTANTANEA","SODI SCIENTIFICA","AUTOVELOX 106","AUTOVELOX 106","957444","","05/12/2025 13:03:03","05/12/2025 13:03:03"
"CMANP232","Polizia locale comune di Santa Maria Nuova","I251","prot 1012","25/02/1997","Autovelox mobile","SODI SCIENTIFICA","104 C/2","Video System AVS96-G","918326","le altre matricole deI restanti componenti sono Telecamera 918845 Stampante 917304 CPU 918233","14/10/2025 08:25:59","14/10/2025 08:25:59"
"CMANP235","ASSOCIAZIONE POLIZIA LOCALE COLLI DELL'ESINOCASTELBELLINO CUPRAMONTANA ROSORA MERGO","D211 C060 H575 F145","3248","13.06.2011","MOBILE","ELTRAFF","TELELASER","TRSPEED","TS006895","","28/11/2025 15:03:03","28/11/2025 15:03:03"
"CMAOP000","Polizia Locale comune di Aosta","CMAO000001","4668","28/07/2016","MOBILE","ENGINE","EnVES EVO","MVDm 1507","non applicabile","","11/11/2025 14:42:23","06/11/2025 18:51:32"
"CMAOP000","Polizia Locale comune di Aosta","CMAO000001","1824","20/03/2000","MOBILE","ELTRAFF","TELELASER","ULTRALYTE","non applicabile","","11/11/2025 14:42:23","06/11/2025 18:51:32"
"CMAOP001","ND","ND","3248","13/06/2011","MOBILE","ELTRAFF","TELELASER","TRUCAM","ND","","11/11/2025 11:49:25","11/11/2025 11:49:25"
"CMAOP003","polizia locale comune di valtournenche","L654","3248","13/06/2011","MOBILE","ELTRAFF","TELELASER","TRUCAMHD","TC011765","ESTENSIONE DI APPROVAZIONE 0000242 DEL 05/07/2018","12/11/2025 07:32:04","12/11/2025 07:32:04"
"CMAOP004","COMUNE DI COURMAYEUR - POLIZIA LOCALE","D012","1824","20/03/2000","MOBILE","ELTRAFF","TELELASER","ULTRALYTE","UL016411","","26/11/2025 07:52:35","26/11/2025 07:52:35"
"CMAOP004","COMUNE DI COURMAYEUR - POLIZIA LOCALE","D012","5913","17/12/2014","MOBILE SU VELOBOX FISSI","VELOMATIC","512","D","7366","noleggio","26/11/2025 07:52:35","26/11/2025 07:52:35"
"CMAOP208","polizia locale di gressan","e165","356","18/08/21","automatico velocità instantanea","maggioli spa","autoscan speed","non presente","2023.0077","noleggio","10/11/2025 11:52:06","10/11/2025 11:52:06"
"CMAOP213","Polizia Locale di Saint Christophe;","H669;","M.I.T. Prot. 4668;","28/07/2016;","Tecnologia Laser;","Engine Srl;","Enves Evo;","MVDm 1507;","AI0310H;","Apparecchiatura a noleggio, servizio sospeso da Aprile 2025;","02/12/2025 12:38:05","02/12/2025 12:38:05"
"CMAOP216","Polizia locale Gressoney-La-Trinité","E167","20923","02/03/2007","fisso/mobile","ELTRAFF","VELOMATIC","512D","UL005180","","08/10/2025 07:42:51","08/10/2025 07:42:51"
"CMAOP228","Polizia Locale di Challand Saint Victor","C594","N/A","N/A","N/A","N/A","N/A","N/A","N/A","N/A","06/11/2025 08:59:10","06/11/2025 08:59:10"
"CMAOP232","Polizia Locale COMUNE DI VALPELLINE","cmaop23201","2961","27/11/1989","MISURATORE DI VELOCITA'","ELTRAF SRL","VELOMATIC","512D","RILEVATORE N° 7212; MVAS N° 7257","","20/11/2025 14:45:36","20/11/2025 14:45:36"
"CMAOP232","Polizia Locale COMUNE DI VALPELLINE","cmaop23201","2961","27/11/1989","MISURATORE DI VELOCITA'","ELTRAF SRL","VELOMATIC","512D","RILEVATORE N° 7095; MVAS N° 7160","","20/11/2025 14:45:36","20/11/2025 14:45:36"
"CMAOP232","Polizia Locale COMUNE DI VALPELLINE","cmaop23201","3758","06/08/2014","MISURATORE DI VELOCITA'","SODI SCIENTIFICA  SPA","AUTOVELOX","106","RILEVATORE N° 958769; CPU N° 959177","","20/11/2025 14:45:36","20/11/2025 14:45:36"
"CMAOP235","Polizia Locale COMUNE DI ROISAN","cmaop23501","2961","27/11/1989","MISURATORE DI VELOCITA'","ELTRAF SRL","VELOMATIC","512D","RILEVATORE N› 7212; MVAS N› 7257","","27/11/2025 14:48:09","27/11/2025 14:48:09"
"CMAOP235","Polizia Locale COMUNE DI ROISAN","cmaop23501","2961","27/11/1989","MISURATORE DI VELOCITA'","ELTRAF SRL","VELOMATIC","512D","RILEVATORE N› 7095; MVAS N› 7160","","27/11/2025 14:48:09","27/11/2025 14:48:09"
"CMAOP235","Polizia Locale COMUNE DI ROISAN","cmaop23501","3758","06/08/2014","MISURATORE DI VELOCITA'","SODI SCIENTIFICA  SPA","AUTOVELOX","106","RILEVATORE N› 958769; CPU N› 959177","","27/11/2025 14:48:09","27/11/2025 14:48:09"
"CMAOP242","Polizia Locale Comune di Gignod","E029","3758","06/08/2014","rilevatore di velocità in modalità istantanea","Sodi Scientifica","Autovelox 106","non presente","958769","","21/11/2025 13:31:51","21/11/2025 13:31:51"
"CMAPP002","CMAP000201 COMUNE SANT'ELPIDIO A MARE POLIZIA LOCALE","I324","903","27/06/2006","RILEVATORE DI VELOCITA' IN MODALITA' ISTANTANEA","SODI SCIENTIFICA SPA","104/E","NON PRESENTE","944526 SERIE CPU","RILEVATORE DI VELOCITA'- BARRA DI VELOCITA'- VIDEOCAMERA DECRETO PREFETTURA DI FERMO N.12701 DEL 14/03/2025","02/01/2026 09:32:35","02/01/2026 09:32:35"
"CMAPP004","COMUNE DI FERMO","D542","12698","14/03/2025","MOBILE","ELTRAFF","VELOMATIC","512D","3283","","11/10/2025 09:26:33","11/10/2025 09:26:33"
"CMAPP006","COMUNE DI PORTO SANT'ELPIDIO (FM) -POLIZIA LOCALE","G921","Decreto Dirigenziale di APPROVAZIONE n. 903","27.06.2006","rilevatore di velocità in modalità istantanea","Sodi Scientifica S.p.A.","104/e","non presente","CPU n.934871-BARRA n.934314- VIDEOCAMERA n.934496","DECRETO PREFETTURA DI FERMO DEL 14.03.2025 LOCALITA' POSIZIONAMENTO","15/10/2025 11:47:30","15/10/2025 11:47:30"
"CMAPP008","Polizia Locale Comune di Porto San Giorgio","G920","288","43117","Dispositivo rilevamento velocità istantanea mobile","Engine S.p.A.","EnVES EVO MVDm 1507","ND","AM1184H-CMP3556168","","20/11/2025 16:21:11","20/11/2025 16:21:11"
"CMAPP008","Polizia Locale Comune di Porto San Giorgio","G920","288","43117","Dispositivo rilevamento velocità istantanea mobile","Engine S.p.A.","EnVES EVO MVDm 1507","ND","AL1049H-CMP3361047","","20/11/2025 16:21:11","20/11/2025 16:21:11"
"CMAPP009","POLIZIA LOCALE COMUNE MONTEGRANARO","F522","decreto n 20923","02/03/2007","fisso-mobile","eltraff","velomatic","512 d+","1835/1810","estensione di approvazione n 0000054 del 08/03/2021","19/11/2025 11:03:16","19/11/2025 11:03:16"
"CMAPP009","POLIZIA LOCALE COMUNE MONTEGRANARO","F522","decreto n 20923","02/03/2007","fisso-mobile","eltraff","velomatic","512 d+","7626/7792","estensione di approvazione n 0000054 del 08/03/2021","19/11/2025 11:03:16","19/11/2025 11:03:16"
"CMAPP009","POLIZIA LOCALE COMUNE MONTEGRANARO","F522","decreto n 20923","02/03/2007","fisso-mobile","eltraff","velomatic","512  D","7210/7165","estensione di approvazione n 103683 del 30/12/2010","19/11/2025 11:03:16","19/11/2025 11:03:16"
"CMAPP009","POLIZIA LOCALE COMUNE MONTEGRANARO","F522","decreto n 20923","02/03/2007","fisso-mobile","eltraff","velomatic","512  D","4053/4099","estensione di approvazione n 5913 del 17/12/2014","19/11/2025 11:03:16","19/11/2025 11:03:16"
"CMAPP010","POLIZIA LOCALE COMUNE DI MONTEPRANDONE","F591","2961;3480;103683;54","27/11/1989;19/09/1996;30/12/2010;08/03/2021","MANUALE;MOBILE","ELTRAFF","VELOMATIC","512D+/2F","2119;2091","","29/10/2025 11:24:50","29/10/2025 11:24:50"
"CMAPP010","POLIZIA LOCALE COMUNE DI MONTEPRANDONE","F591","2961;3480;103683;54","27/11/1989;19/09/1996;30/12/2010;08/03/2021","MANUALE;MOBILE","ELTRAFF","VELOMATIC","512D+/2F","3648;3662","","29/10/2025 11:24:50","29/10/2025 11:24:50"
"CMAPP010","POLIZIA LOCALE COMUNE DI MONTEPRANDONE","F591","2961;3480;103683;54","27/11/1989;19/09/1996;30/12/2010;08/03/2021","MANUALE;MOBILE","ELTRAFF","VELOMATIC","512D+/2F","3649;3663","","29/10/2025 11:24:50","29/10/2025 11:24:50"
"CMAPP216","POLIZIA MUNICIPALE DI MONTE URANO","F653","5913","17/12/2014","AUTOVELOX","ELTRAFF SRL","VELOMATIC 512D","VELOMATIC 512D - 2F","ROE3283 / MVAS3296","","07/11/2025 16:43:56","07/11/2025 16:43:56"
"CMAPP222","Polizia Locale Comune di Montegiorgio","F520","242","05/07/2018","Dispositivo mobile di rilevazione della velocità","Eltraff","Telelaser Tru-Cam","Telelaser TruCam HD","TC007298","Il Decreto di estensione del MIT n. 242 del 05/07/2018 si riferisce al dispositivo censito già approvato con Decreto n. 3248 del 13/06/2011","15/10/2025 12:54:34","15/10/2025 12:54:34"
"CMAQP000","COMUNE DELL'AQUILA","A345","3248","13,06,2011","mobile","Eltraff","Telelaser","TRUCAM HD","TC011770","Estensione di approvazione 0000242 del 05/07/2018","14/11/2025 12:42:14","14/11/2025 12:42:14"
"CMAQP000","COMUNE DELL'AQUILA","A345","288","17,01,2018","misuratore laser","Engine","EnVes Evo MVDm 1507","EnVes Evo MVDm 1507","CMP3948242","","14/11/2025 12:42:14","14/11/2025 12:42:14"
"CMAQP003","POLIZIA LOCALE DI AVEZZANO (AQ)","A515","3248","13/06/2011","MOBILE","ELTRAFF","TELELASER","TRUCAM HD","TC006664","Estensione di approvazione 0000242 del 05/07/2018","27/11/2025 16:41:05","28/10/2025 09:23:04"
"CMAQP201","COMUNE DI SULMONA","I804","3248","13/06/2011","MOBILE","ELTRAFF","TELELASER","TRUCAM","TC002910","","17/02/2026 18:09:43","17/02/2026 18:09:43"
"CMAQP208","Comune di Balsorano","A603","20923","02/03/2007","fisso-mobile","ELTRAFF","VELOMATIC","512D+","1835-1810","estensione di approvazione n.0000054 dek 08-03-2021","13/11/2025 09:16:11","13/11/2025 09:16:11"
"CMAQP208","Comune di Balsorano","A603","20923","02/03/2007","fisso-mobile","ELTRAFF","VELOMATIC","512D+","7626-7792","estensione di approvazione n.0000054 dek 08-03-2021","13/11/2025 09:16:11","13/11/2025 09:16:11"
"CMAQP208","Comune di Balsorano","A603","20923","02/03/2007","fisso-mobile","ELTRAFF","VELOMATIC","512D","4053-4099","estensione di approvazione n.5913 de 17-12-2014","13/11/2025 09:16:11","13/11/2025 09:16:11"
"CMAQP208","Comune di Balsorano","A603","20923","02/03/2007","fisso-mobile","ELTRAFF","VELOMATIC","512D","5189","estensione di approvazione n.103683 de 30-12-2010","13/11/2025 09:16:11","13/11/2025 09:16:11"
"CMAQP245","POLIZIA LOCALE COMUNE DI CANSANO","B624","5913","17/12/2014","MOBILE","ELTRAFF","VELOMATIC","512D","1519","","23/10/2025 10:58:06","23/10/2025 10:58:06"
"CMAQP245","POLIZIA LOCALE COMUNE DI CANSANO","B624","5913","17/12/2014","MOBILE","ELTRAFF","VELOMATIC","512D","3189","","23/10/2025 10:58:06","23/10/2025 10:58:06"
"CMAQP245","POLIZIA LOCALE COMUNE DI CANSANO","B624","550","23/12/2021","MOBILE","ENGINE","ENVES EVO","MVD 1605","0X00032A41","","23/10/2025 10:58:06","23/10/2025 10:58:06"
"CMARP000","COMUNE DI AREZZO POLIZIA MUNICIPALE","A390","3758","06/08/2014","RILEVATORE DI VELOCITA' IN MODALITA' ISTANTANEA","SODI SCIENTIFICA","AUTOVELOX 106","NON PRESENTE","RILEVATORE 955399 - CPU 956818","UBICATO IN AREZZO, SS679 KM. 5+700","17/10/2025 07:54:25","17/10/2025 07:54:25"
"CMARP000","COMUNE DI AREZZO POLIZIA MUNICIPALE","A390","3758","06/08/2014","RILEVATORE DI VELOCITA' IN MODALITA' ISTANTANEA","SODI SCIENTIFICA","AUTOVELOX 106","NON PRESENTE","RILEVATORE 955396 - CPU 957376","UBICATO IN AREZZO, VIALE DON MINZIONI, DIREZIONE NORD, ALTEZZA VILLAGGIO COLOMBO","17/10/2025 07:54:25","17/10/2025 07:54:25"
"CMARP000","COMUNE DI AREZZO POLIZIA MUNICIPALE","A390","3758","06/08/2014","RILEVATORE DI VELOCITA' IN MODALITA' ISTANTANEA","SODI SCIENTIFICA","AUTOVELOX 106","NON PRESENTE","RILEVATORE 956748 - CPU 957929","UBICATO IN AREZZO, VIALE DON MINZIONI, DIREZIONE SUD, ALTEZZA PARCO TORTAIA","17/10/2025 07:54:25","17/10/2025 07:54:25"
"CMARP000","COMUNE DI AREZZO POLIZIA MUNICIPALE","A390","242","05/07/2018","RILEVATORE DI VELOCITA' IN MODALITA' ISTANTANEA","ELTRAFF","TELELASER TRUCAM HD","NON PRESENTE","TC006549","UTILIZZO MOBILE","17/10/2025 07:54:25","17/10/2025 07:54:25"
"CMARP000","COMUNE DI AREZZO POLIZIA MUNICIPALE","A390","1824","20/03/2000","RILEVATORE DI VELOCITA' IN MODALITA' ISTANTANEA","ELTRAFF","TELELASER UNTRALYTE","NON PRESENTE","UL021474","UTILIZZO MOBILE","17/10/2025 07:54:25","17/10/2025 07:54:25"
"CMARP002","Comune Foiano della Chiana (AR)","D649","3248","13/06/2011","MOBILE","ELTRAFF","TELELASER","TRUCAM HD","TC013160","","28/01/2026 10:11:05","28/01/2026 10:11:05"
"CMARP004","COMUNE DI CIVITELLA IN VAL DI CHIANA (AR)","C774","20923","02/03/2007","FISSO/MOBILE","ELTRAFF","VELOMATIC","512D+","00806-00843","","26/11/2025 09:42:50","26/11/2025 09:42:50"
"CMARP004","COMUNE DI CIVITELLA IN VAL DI CHIANA (AR)","C774","3248","13/06/2011","MOBILE","ELTRAFF","TLELASER","TRUCAM","TC002887","","26/11/2025 09:42:50","26/11/2025 09:42:50"
"CMARP005","POLIZIA LOCALE SANSEPOLCRO","I155","APP. MIN 242","05/07/2018","TELELASER","ELTRAFF","TRUCAM","HD","TC010155","DISPOSITIVO MOBILE","07/10/2025 09:28:56","07/10/2025 09:28:56"
"CMARP200","POLIZIA LOCALE COMUNE DI  BIBBIENA","A851","2961","27/11/1989","AUTOVELOX","VELOMATIC","512","D","7094","NOLEGGIO","20/11/2025 18:43:53","20/11/2025 18:43:53"
"CMARP201","POLIZIA MUNICIPALE MONTE SAN SAVINO","F628","1824","20/03/2000","MOBILE","ELTRAFF","TELELASER","ULTRALYTE","UL001193","","27/10/2025 17:21:56","27/10/2025 17:21:56"
"CMARP203","POLIZIA LOCALE - COMUNE DI SUBBIANO","I991","242","05/07/2018","TELELASER","ELTRAFF","TELELASER TruCam","TELELASER TruCamHD","TELELASER TruCamHD","","21/11/2025 16:01:11","21/11/2025 16:01:11"
"CMARP209","Polizia Locale Comune Terranuova Bracciolini AR","L123","Min. n. 3248 del 13/06/2011 e n.242 del 5/07/2018","13/06/2011 e 5/07/2018","HD","Trucam","Telelaser","Trucam HD","TC010148","CERT. Q504_2024_ACCR_VX. TARATURA 2024-12-10 SCADENZA 2025-12-10","15/10/2025 13:35:07","15/10/2025 13:35:07"
"CMARP215","POLIZIA LOCALE CASTIGLION FIORENTINO (AR)","C319","3248","13/06/2011","MOBILE","ELTRAFF","TELELASER","TRUCAM","TC004058","","27/11/2025 08:23:03","27/11/2025 08:23:03"
"CMARP220","POLIZIA PROVINCIALE DI AREZZO","A390","3248","13/06/2011","MOBILE","ELTRAFF","TELELASER","TRUCAM HD","TC008489","","13/10/2025 09:20:34","13/10/2025 09:20:34"
"CMARP222","COMUNE DI ANGHIARI - POLIZIA MUNICIPALE","A291","20923","02/03/2007","FISSO/MOBILE","ELTRAFF","VELOMATIC","512D+","7415(RILEVATORE)+7428(UNITA' DI COMANDO)","ESTENSIONE DI APPROVAZIONE 0000054 DEL 08/03/2021","21/11/2025 11:29:57","21/11/2025 11:29:57"
"CMARP233","POLIZIA LOCALE COMUNE DI MARCIANO DELLA CHIANA (AR)","E933","3248","13/06/2011","MOBILE","ELTRAFF","TELELASER","TRUCAM","TC003102","","05/11/2025 11:56:50","05/11/2025 11:56:50"
"CMARP234","COMUNE LATERINA PERGINE VALDARNO - POLIZIA LOCALE","52019","D.M.  n. 4668 e D.M. N. 288","28/07/2016 e  17/01/2018","RILEVATORE DI VELOCITA' MODALITA' ISTANTANEA","EngiNe S.p.A","EnVES EVO MVDm 1507","NON APPLICABILE","1)AH0178H; 2)AH0179H","","13/03/2026 10:24:14","13/03/2026 10:24:14"
"CMARP235","COMUNE DI CASTELFRANCO PIANDISCO' (AR) SERVIZIO POLIZIA LOCALE","M322","DECRETO MIT n° 128","23.03.2023","Dispositivo MOBILE","ENGINE S.P.A.","EnVES EVO","MVDm 1507","Elaboratore matr. AM1491H - Laser matr. CMP3775520","","26/11/2025 13:26:04","26/11/2025 13:26:04"
"CMATP000","COMANDO POLIZIA LOCALE DI ASTI","A479","N. 1584","03/04/2014","apparato di rilevamento velocit… istantanea-fisso","EngiNE S.p.A.","EnVES EVO MVD  1309","non presente","CMP3991029","Asti-strada Provinciale 14 m 7,00 direzione Asti","25/11/2025 09:17:08","25/11/2025 09:17:08"
"CMATP000","COMANDO POLIZIA LOCALE DI ASTI","A479","N. 288","17/01/2018","apparato di rilevamento velocit… istantanea-mobile","EngiNE S.p.A.","EnVES EVO MVDm 1507","non presente","CMP3474088","comune di asti","25/11/2025 09:17:08","25/11/2025 09:17:08"
"CMATP000","COMANDO POLIZIA LOCALE DI ASTI","A479","N. 3248","13/06/2011","TELELASER","Eltraff S.r.L.","TruCam","non presente","TC001144","","25/11/2025 09:17:08","25/11/2025 09:17:08"
"CMATP001","Polizia locale Comune di Nizza Monferrato","F902","48","01.03.2021","Autovelox mobile","Velocar Srl","AGUIA Red & Speed","AGUIA-T5-5-R","16413","noleggio; Nizza Monferrato; Mombaruzzo; Incisa Scapaccino; Calamandrana; Cortiglione; Castelnuovo Belbo","28/11/2025 11:27:50","19/11/2025 16:37:40"
"CMATP001","Polizia locale Comune di Nizza Monferrato","F902","288","17.01.2018","Autovelox mobile","Engine Srl","EnVES EVO","MVDm 1507","CMP3349146","proprietà; Nizza Monferrato; Mombaruzzo; Incisa Scapaccino; Calamandrana; Cortiglione; Castelnuovo Belbo","28/11/2025 11:27:50","19/11/2025 16:37:40"
"CMATP001","Polizia locale Comune di Nizza Monferrato","F902","288","17.01.2018","Autovelox mobile","Engine Srl","EnVES EVO","MVDm 1507","CMP3992029","proprietà; Nizza Monferrato; Mombaruzzo; Incisa Scapaccino; Calamandrana; Cortiglione; Castelnuovo Belbo","28/11/2025 11:27:50","19/11/2025 16:37:40"
"CMATP001","Polizia locale Comune di Nizza Monferrato","F902","159","27.02.2025","Autovelox mobile","ELTRAFF SRL","TELELASER","TruCamHD","TC012992","comodato; Nizza Monferrato; Mombaruzzo; Incisa Scapaccino; Calamandrana; Cortiglione; Castelnuovo Belbo","28/11/2025 11:27:50","19/11/2025 16:37:40"
"CMATP001","Polizia locale Comune di Nizza Monferrato","F902","1824","20.03.2000","Autovelox mobile","ELTRAFF SRL","TELELASER","ULTRALYTE","UL003358","proprietà; Nizza Monferrato; Mombaruzzo; Incisa Scapaccino; Calamandrana; Cortiglione; Castelnuovo Belbo","28/11/2025 11:27:50","19/11/2025 16:37:40"
"CMATP201","COMUNE DI SAN DAMIANO D'ASTI","H811","342","02/10/2025","Dispositivo rilevamento velocità istantanea fisso","Safety21 S.p.A.","Velocar Red&Speed EVO-R","ND","205","Dec.App.n.4708_01/08/2016 Dec.sub.tit.n.227_04/07/2025 SP 58 12+340 SAN DAMIANO D'ASTI","08/04/2026 16:57:47","06/11/2025 15:34:00"
"CMATP201","COMUNE DI SAN DAMIANO D'ASTI","H811","342","02/10/2025","Dispositivo rilevamento velocità istantanea fisso","Safety21 S.p.A.","Velocar Red&Speed EVO-R","ND","460","Dec.App.n.4708_01/08/2016 Dec.sub.tit.n.227_04/07/2025 SP 58 18+800 SAN DAMIANO CONCENTRICO","08/04/2026 16:57:47","06/11/2025 15:34:00"
"CMATP201","COMUNE DI SAN DAMIANO D'ASTI","H811","342","02/10/2025","Dispositivo rilevamento velocità istantanea fisso","Safety21 S.p.A.","Velocar Red&Speed EVO-R","ND","553","Dec.App.n.4708_01/08/2016 Dec.sub.tit.n.227_04/07/2025 SP 19 14+600 SAN DAMIANO CONCENTRICO","08/04/2026 16:57:47","06/11/2025 15:34:00"
"CMATP201","COMUNE DI SAN DAMIANO D'ASTI","H811","3758","06/08/2014","Rilevatore di velocità in modalità istantanea","Sodi Scientifica","Autovelox 106","Non presente","956788+957368","","08/04/2026 16:57:47","08/04/2026 16:57:47"
"CMATP201","COMUNE DI SAN DAMIANO D'ASTI","H811","612","04/02/2011","Rilevatore di velocità in modalità istantanea","Detas S.p.A.","ProlaserVideo 11","Non presente","PL33253","","08/04/2026 16:57:47","28/11/2025 12:38:28"
"CMATP203","POLIZIA LOCALE COMUNE DI CANELLI","B594","20923","02/03/2007","FISSO","ELTRAFF","VELOMATIC","512D","6693/6529","estensione di approvazione 5913 del 17/12/2014","30/10/2025 11:57:27","16/10/2025 13:33:04"
"CMATP203","POLIZIA LOCALE COMUNE DI CANELLI","B594","20293","02/03/2007","FISSO","ELTRAFF","VELOMATIC","512D","5959/5925","estensione di approvazione 5913 del 17/12/2014","30/10/2025 11:57:27","16/10/2025 13:33:04"
"CMATP203","POLIZIA LOCALE COMUNE DI CANELLI","B594","20293","02/03/2007","FISSO","ELTRAFF","VELOMATIC","512D","5573/5848","estensione di approvazione 5913 del 17/12/2014","30/10/2025 11:57:27","16/10/2025 13:33:04"
"CMATP203","POLIZIA LOCALE COMUNE DI CANELLI","B594","48","01.03.2021","FISSO","SAFETY21 S.p.A.","AGUIA RED & SPEED","AGUIA-T5-5R","16258","Dec.sub.tit.n.227_04/07/2025 SP592 7+750 NIZZA MONFERRATO_CANELLI","30/10/2025 11:57:27","16/10/2025 13:33:04"
"CMATP203","POLIZIA LOCALE COMUNE DI CANELLI","B594","48","01.03.2021","FISSO","SAFETY21 S.p.A.","AGUIA RED & SPEED","AGUIA-T5-5R","16259","Dec.sub.tit.n.227_04/07/2025 SP6 21+450 MOASCA","30/10/2025 11:57:27","16/10/2025 13:33:04"
"CMATP220","Comunità delle Colline tra Langa e Monferrato - Polizia Locale","NON APPLICABILE","20923","02/03/2007","FISSO/MOBILE","ELTRAFF","VELOMATIC","512","548-1170-1181","","13/11/2025 13:03:06","13/11/2025 13:03:06"
"CMATP220","Comunità delle Colline tra Langa e Monferrato - Polizia Locale","NON APPLICABILE","20923","02/03/2007","FISSO/MOBILE","ELTRAFF","VELOMATIC","512D","5348-5341","Estensione approvazione nr 5913 del 17/12/2014","13/11/2025 13:03:06","13/11/2025 13:03:06"
"CMATP220","Comunità delle Colline tra Langa e Monferrato - Polizia Locale","NON APPLICABILE","3758","06/08/2014","ISTANTANEA","SODI SCIENTIFICA","AUTOVELOX 106","NON APPLICABILE","953490","","13/11/2025 13:03:06","13/11/2025 13:03:06"
"CMATP220","Comunità delle Colline tra Langa e Monferrato - Polizia Locale","NON APPLICABILE","550","23/12/2021","APPARATO DI RILEVAMENTO VELOCITA' ISTANTANEA","EngiNe S.p.A.","EnVES EVO MVD 1605","'-","0x0002C215","","13/11/2025 13:03:06","13/11/2025 13:03:06"
"CMATP221","Polizia Locale Isola D'Asti","E338","550","23/12/2021","Apparato di rilevazione velocita'","Engine S.p.a.","EnVES EVO MVD 1605","'-","0x00032BC7","","03/11/2025 12:28:35","03/11/2025 12:28:35"
"CMATP222","UNIONE COLLINARE M.TO VALLE VERSA - POLIZIA LOCALE","1059","903","27/06/2020","AUTOVELOX","SODI SCIENTIFICA","104/E","SONY GV-HD700E","MISURATORE 932497, CPU 933858, TELECAMERA 932451","","08/10/2025 10:08:46","08/10/2025 10:08:46"
"CMATP226","Unione dei Comuni Monferrato e Pianalto Astigiano","L984","550","23/12/2021","Apparato rilevamento in sede fissa","EngiNe S.p.A.","EVO MVD 1605","EVOMVD 1605 App.Min. 550 23/12/2021","0x00038B63","matricola attiva fino al 31/12/2025","23/01/2026 11:11:23","28/11/2025 12:10:12"
"CMATP226","Unione dei Comuni Monferrato e Pianalto Astigiano","L984","550","23/12/2021","Apparato rilevamento in sede fissa","EngiNe S.p.A.","EVO MVD 1605","EVOMVD 1605 App.Min. 550 23/12/2021","0x0002958D","matricola attiva dal 22/01/2026","23/01/2026 11:11:23","23/01/2026 11:11:23"
"CMATP226","Unione dei Comuni Monferrato e Pianalto Astigiano","L984","20923","02/03/2007","fisso o mobile","ELTRAFF","VELOMATIC","512","643747","","23/01/2026 11:11:23","28/11/2025 12:10:12"
"CMATP227","PL Unione Comuni Riviera del Monferrato","C807","3758","06/08/2014","rilevatore di velocità in modalità istantanea","Sodi Scientifica","Autovelox 106","non presente","958769","NOLEGGIO","09/03/2026 11:22:42","09/03/2026 11:22:42"
"CMATP230","POLIZIA LOCALE COMUNE DI COSTIGLIOLE D'ASTI","D119","342","02-10-2025","Dispositivo controllo velocità istantanea fisso","Safety21 S.p.A.","ND","VRS-EVO-T12-5-R","658","","04/03/2026 15:50:12","26/11/2025 10:09:50"
"CMATP230","POLIZIA LOCALE COMUNE DI COSTIGLIOLE D'ASTI","D119","3758","06-08-2014","Dispositivo controllo velocità istantanea fisso","Sodi Scientifica","Autovelox 106","SE","960485","","04/03/2026 15:50:12","26/11/2025 10:09:50"
"CMATP230","POLIZIA LOCALE COMUNE DI COSTIGLIOLE D'ASTI","D119","3758","06-08-2014","Dispositivo controllo velocità istantanea fisso","Sodi Scientifica","Autovelox 106","SE","960493","","04/03/2026 15:50:12","04/03/2026 15:50:12"
"CMATP231","POLIZIA LOCALE BALDICHIERI D'ASTI","A588","555","24/12/2021","Apparato di rilevamento velocità","Engine Spa","CELERITAS MVD 2020","'-","0x00043F4A","Noleggio","11/02/2026 11:35:47","11/02/2026 11:35:47"
"CMAVP008","polizia locale san martino valle caudina","I016","2483","19/11/1993","rilevatore velocità modo istantaneo","sodi scientifica","autovelox 104_c2","non presente","36505","ss7 appia km 248,750 dir. BN - in uso condiviso con polizia locale roccabascerana su ss 7 appia da km 249,200 a 250,300 dir. BN_NA","18/11/2025 10:00:30","18/11/2025 10:00:30"
"CMAVP225","POLIZIA MUNICIPALE DI ATRIPALDA","A489","3758","06/08/2014","RILEVATORE DI VELOCITA' IN MODALITA' ISTANTANEA","SODI SCIENTIFICA","AUTOVELOX 106","NON PRESENTE","951407","","10/10/2025 10:38:03","10/10/2025 10:38:03"
"CMAVP225","POLIZIA MUNICIPALE DI ATRIPALDA","A489","3758","06/08/2014","RILEVATORE DI VELOCITA' IN MODALITA' ISTANTANEA","SODI SCIENTIFICA","AUTOVELOX 106","NON PRESENTE","951406","","10/10/2025 10:38:03","10/10/2025 10:38:03"
"CMBAP000","COMANDO_DI_POLIZIA_DI_BARI","A662","3758","06/08/2014","MISURATORE_DI_VELOCITA'_TECNOLOGIA_LASER","SODI_SCENTIFICA","AUTOVELOX_106","AUTOVELOX_106","RILEVATORE_956786-CPU957927","MOBILE","18/10/2025 12:25:20","18/10/2025 12:25:20"
"CMBAP000","COMANDO_DI_POLIZIA_DI_BARI","A662","20923","02/03/2007","MISURATORE_A_SENSORI_FOTOELETTRICI_PASSIVI","ELTRAFF","VELOMATIC_512","VELOMATIC_512","ROE6365_MVAS6414","Est._Mod._512D_Decr._N.5913/2014_Mobile","18/10/2025 12:25:20","18/10/2025 12:25:20"
"CMBAP000","COMANDO_DI_POLIZIA_DI_BARI","A662","3248","13/06/2011","MISURATORE_DI_VELOCITA'_TECNOLOGIA_LASER","ELTRAFF","TELELASER","TRU-CAM","TC004414","MOBILE","18/10/2025 12:25:20","18/10/2025 12:25:20"
"CMBAP000","COMANDO_DI_POLIZIA_DI_BARI","A662","3248","13/06/2011","MISURATORE_DI VELOCITA'_TECNOLOGIA_LASER","ELTRAFF","TELELASER","TRU-CAM","TC004415","MOBILE","18/10/2025 12:25:20","18/10/2025 12:25:20"
"CMBAP007","POLIZIA LOCALE CASTELLANA GROTTE","C134","0","00/00/0000","VELOX","ENGINEE","ENVES EVO","1507","AL1072H/CMP3834181","","29/11/2025 18:52:18","29/11/2025 18:52:18"
"CMBAP008","POLIZIA LOCALE COMUNE DI BISCEGLIE","A883","20923","02.03.2007","FISSO-MOBILE","ELTRAFF","VELOMATIC","512D","2900-2919","Estensione di approvazione 103683 del 30.12.2010","28/11/2025 09:47:25","28/11/2025 09:47:25"
"CMBAP009","COMUNE ANDRIA POLIZIA LOCALE","A285","3248","13/06/2011","mobile","ELTRAFF","TELELASER","TRUCAM HD","TC010186","","17/10/2025 11:52:32","17/10/2025 11:52:32"
"CMBAP010","COMUNE DI BARLETTA - POLIZIA MUNICIPALE","A669","3248","13/06/2011","MOBILE","ETRAFF","TELELASER","TRUCAM","TC004914","'-","25/11/2025 18:03:15","25/11/2025 18:03:15"
"CMBAP014","Polizia Locale Comune di Alberobello","A149","2961; 3053","27/11/1989; 25/07/1995","APPARECCHIO DI RILEVAMENTO DELLA VELOCITA'","ELTRAFF S.R.L.","512","103B","689","","24/11/2025 10:52:40","24/11/2025 10:52:40"
"CMBAP014","Polizia Locale Comune di Alberobello","A149","3248; 242","13/06/2011; 05/07/2018","TELELASER","ELTRAFF S.R.L.","TRUCAM HD","TR2-MU01-05","TC008662","","24/11/2025 10:52:40","24/11/2025 10:52:40"
"CMBAP016","POLIZIA LOCALE TRANI","L328","3248","13/06/2011","MOBILE","ELTRAFF","TELELASER","TRUCAM HD","ND","ESTENSIONE DI APPROVAZIONE 0000242 DEL 05/07/2018","09/01/2026 13:24:43","30/12/2025 12:20:58"
"CMBAP016","POLIZIA LOCALE TRANI","L328","3758","06/08/2014","MOBILE","SODI SCIENTIFICA","AUTOVELOX","106","CPU 956783 RIL. 957930","","09/01/2026 13:24:43","09/01/2026 13:24:43"
"CMBAP018","POLIZIA LOCALE DI NOCI","F915","183","01/06/2020","MOBILE","ENGINE SRL","EnVES EVO MVD 1605","AXIS P1375","0x0002DC78","","01/12/2025 10:56:19","01/12/2025 10:52:14"
"CMBAP221","Polizia Locale Ruvo di Puglia;","H645;","00135LATS240_2025_ACCR_VX;","09/09/2025;","Telelaser;","Kustom;","Prolaser;","III;","PL40884;","nulla;","13/11/2025 11:05:42","13/11/2025 11:05:42"
"CMBAP223","COMANDO DI POLIZIA LOCALE DEL COMUNE DI SAMMICHELE DI BARI","H749","370","15/09/2022","RILEVATORE DI VELOCITA'  IN MODALITA' ISTANTANEA","ELTRAFF","VELOMATIC","512d","6436","","07/10/2025 08:29:08","07/10/2025 08:29:08"
"CMBAP223","COMANDO DI POLIZIA LOCALE DEL COMUNE DI SAMMICHELE DI BARI","H749","370","15/09/2022","RILEVATORE DI VELOCITA'  IN MODALITA' ISTANTANEA","ELTRAFF","VELOMATIC","512d","4046","","07/10/2025 08:29:08","07/10/2025 08:29:08"
"CMBAP223","COMANDO DI POLIZIA LOCALE DEL COMUNE DI SAMMICHELE DI BARI","H749","370","15/09/2022","RILEVATORE DI VELOCITA'  IN MODALITA' ISTANTANEA","ELTRAFF","VELOMATIC","512d","6436","","23/10/2025 11:06:15","23/10/2025 11:06:15"
"CMBAP223","COMANDO DI POLIZIA LOCALE DEL COMUNE DI SAMMICHELE DI BARI","H749","370","15/09/2022","RILEVATORE DI VELOCITA'  IN MODALITA' ISTANTANEA","ELTRAFF","VELOMATIC","512d","4046","","23/10/2025 11:06:15","23/10/2025 11:06:15"
"CMBAP226","Polizia locale Cassano delle Murge","b998","3248","13,06,2011","mobile","eltraff","telelaser trucam hd","n.d.","tc011195","estens. Appr. N. 0000242 del 05,07,2018","10/12/2025 13:14:38","10/12/2025 13:14:38"
"CMBGP000","CMBGGP00001 CORPO POLIZIA LOCALE BERGAMO","a794","3248","13/11/2011","TELELASER","ELTRAFF","TRU-CAM","GST PG","TC004089","","19/11/2025 12:23:57","07/10/2025 07:31:52"
"CMBGP000","CMBGGP00001 CORPO POLIZIA LOCALE BERGAMO","a794","242","05/07/2018","TELELASER","ELTRAFF","TRU-CAM","HD","TC009530","","19/11/2025 12:23:57","07/10/2025 07:31:52"
"CMBGP000","CMBGGP00001 CORPO POLIZIA LOCALE BERGAMO","a794","242","05/07/2018","TELELASER","ELTRAFF","TRU-CAM","HD","TC013155","","19/11/2025 12:23:57","19/11/2025 12:23:57"
"CMBGP002","Comune di Caravaggio - Distretto Polizia Locale Bassa Bergamasca Occidentale","B731","decreto dirigenziale n. 2980","25/06/2014","dispositivo automatico velocità istantanea","Maggioli s.p.a.","Gatso GTC-GS11","Gatso GTC-GS11/IR","matricola 1730","decreto dirigenziale n.2131 del 15/04/2011 e successiva estensione n.2980 del 25/06/2014","18/11/2025 16:20:44","18/11/2025 16:20:44"
"CMBGP002","Comune di Caravaggio - Distretto Polizia Locale Bassa Bergamasca Occidentale","B731","decreto dirigenziale n. 2980","25/06/2014","dispositivo automatico velocità istantanea","Maggioli s.p.a.","Gatso GTC-GS11","Gatso GTC-GS11/IR","matricola 1731","decreto dirigenziale n.2131 del 15/04/2011 e successiva estensione n.2980 del 25/06/2014","18/11/2025 16:20:44","18/11/2025 16:20:44"
"CMBGP003","Polizia Locale Scanzorosciate","I506","n. 3248 del 13/06/2011 e n. 242 del 05/07/2018","05/07/2018","Telelaser","ELTRAFF","TruCam HD","HD","TC012593","","21/11/2025 11:02:16","21/11/2025 11:02:16"
"CMBGP005","TREVIGLIO POLIZIA LOCALE","L400","3248","13/06/2011","RILEVATORE VELOCITA' IN MODALITA ISTANTANEA MOBILE","LASER TECHNOLOGY INC - ELTRAFF","TELELASER TRUCAM","NON PRESENTE","TC004140","","31/10/2025 11:49:03","31/10/2025 11:49:03"
"CMBGP005","TREVIGLIO POLIZIA LOCALE","L400","356","18/08/2021","RILEVATORE VELOCITA' IN MODALITA ISTANTANEA FISSO","MAGGIOLI S.P.A.","AUTOSC@N SPEED","NON PRESENTE","2022-0018","","31/10/2025 11:49:03","31/10/2025 11:49:03"
"CMBGP005","TREVIGLIO POLIZIA LOCALE","L400","356","18/08/2021","RILEVATORE VELOCITA' IN MODALITA ISTANTANEA FISSO","MAGGIOLI S.P.A.","AUTOSC@N SPEED","NON PRESENTE","2022-0019","","31/10/2025 11:49:03","31/10/2025 11:49:03"
"CMBGP009","SERIATE POLIZIA MUNICIPALE","I628","3758","06/08/2014","AUTOVELOX MOBILE","SODI SCIENTIFICA","AUTOVELOX 106","AUTOVELOX 106","947749","matricola 948744 elaboratore analizzatore","07/10/2025 14:48:58","07/10/2025 14:48:58"
"CMBGP010","POLIZIA LOCALE CURNO","CMBGP01001","4071","07/12/2004","MOBILE","KUSTOM SIGNALS, INC.","PROLASER III","PROLASER III","PL19390","","18/11/2025 11:01:46","18/11/2025 10:55:26"
"CMBGP014","COMUNE DI LOVERE POLIZIA LOCALE","E704","2980","25/06/2014","dispositivo automatico velocità istantanea","Maggioli Spa","GATSO GTC - GS11","GATSO GTC-GS11/IR","1684+RADAR 0937","decreto dirigenziale n. 2131 del 15-04-2011 e successiva estensione nr. 2980 del 25/06/2014","28/10/2025 16:28:47","28/10/2025 16:28:47"
"CMBGP017","POLIZIA LOCALE ALZANO LOMBARDO","A246","3248","13/06/2011","MOBILE","ELTRAFF","TELELASER","TRUCAM","TC002002","","13/01/2026 09:32:51","12/01/2026 12:15:52"
"CMBGP021","Polizia locale comune di Azzano San Paolo;","A528;","1824","20/03/2000","TELELASER;","ELTRAFF SRL;","TELELASER ULTRALYTE;","TLU-MU04-03-IT;","UL016398;","","04/11/2025 16:33:02","04/11/2025 16:33:02"
"CMBGP023","COMUNE DI GORLE","E103","367","29/09/2025","MOBILE","ENGINE","EVO MVDM 1507","EVO MVDM 1507","AI0356H-CMP3453088","","10/12/2025 12:34:37","10/12/2025 12:34:37"
"CMBGP027","ROMANO DI LOMBARDIA POLIZIA MUNICIPALE","H509","1824","20/03/2000","MOBILE","ELTRAFF","TELELASER","ULTRALYTE","TS005842","","20/10/2025 15:52:01","20/10/2025 15:52:01"
"CMBGP035","UNIONE DEI COMUNI LOMBARDA ALME' E VILLA D'ALME'","DMR62K","1824","20/03/2000","MOBILE","ELTRAFF","TELELASER","UILTRALYTE","UL011457","","06/11/2025 15:27:23","06/11/2025 15:27:23"
"CMBGP042","Unione Comunale dei Colli  Corpo Polizia Locale","800000638","approvato con decreto  n 183","01/06/2020","rilevatore di velocita Autovelox","EngiNe Spa","EnVES EVO","MVD 1605","0x000399E5","km 29 030 Comune di Brusaporto","16/10/2025 12:49:14","16/10/2025 12:49:14"
"CMBGP043","COMUNE DI SORISOLE","I858","DECRETO NR. 1824","20/03/2000","MOBILE","ELTRAFF","TELELASER","ULTRALYTE","UL009225","","27/11/2025 15:21:06","27/11/2025 15:21:06"
"CMBGP048","POLIZIA LOCALE UNIONE COMUNI DELLA PRESOLANA","D604","1824","20/03/2000","MOBILE","ELTRAFF","TELELASER","ULTRALYTE","UL009953","UNIONE COMUNI DELLA PRESOLANA: ROVETTA, FINO DEL MONTE, ONORE, SONGAVAZZO, CERETE (PROVINCIA DI BERGAMO)","28/11/2025 10:01:30","28/11/2025 10:01:30"
"CMBGP054","POLIZIA LOCALE COMUNI DI MOZZO E PALADINA","CMBGP05401","3248","13/06/2011","MOBILE","ELTRAFF","TELELASER","TRUSPEED","TS006033","","03/12/2025 07:26:08","29/11/2025 13:05:31"
"CMBGP054","POLIZIA LOCALE COMUNI DI MOZZO E PALADINA","CMBGP05402","2483","10/11/1993","MOBILE","SODI SCIENTIFICA","AUTOVELOX","104-C2","1615","","03/12/2025 07:26:08","29/11/2025 13:28:55"
"CMBGP204","POLIZIA MUNICIPALE VILLA D'ADDA","L929","R.0000242.05-07-2018","05/07/2018","Telelaser TruCam","Telelaser TruCam","Telelaser TruCam","Telelaser TruCam HD","TC002062","","18/11/2025 10:08:02","18/11/2025 10:08:02"
"CMBGP209","Polizia Locale comune di Cavernago","c396","DM n. 2483","10/12/1993","Mobile","Sodi Scientifica","Autovelox 104-C/2","Autovelox 104-C/2","1683 rilevatore + 1014 elaboratore","","24/11/2025 15:34:10","24/11/2025 15:34:10"
"CMBGP212","Polizia Locale Comune di Fara Gera d'Adda","D490","1824","20/03/2000","Mobile","Eltraff","Telelaser","Ultralyte","UL012705","","02/12/2025 10:45:33","02/12/2025 10:45:33"
"CMBGP217","PL COMUNE DI STROZZA","I986","1824","20/03/2000","MOBILE","ELTRAFF","TELELASER","ULTRALYTE","UL024350","","28/11/2025 14:13:07","28/11/2025 14:13:07"
"CMBGP219","POLIZIA MUNICIPALE CARVICO","B854","R.0000242.05-07-2018","05/07/2018","Telelaser TruCam","Telelaser TruCam","Telelaser TruCam","Telelaser TruCam HD","TC002062","","18/11/2025 10:12:38","18/11/2025 10:12:38"
"CMBGP226","COMUNEDIBOTTANUCO","B088","3248","13/06/2011","MOBILE","ELTRAFF","TELELASER","TRUCAM HD","TC006356","ESTENSIONE APPROVAZIONE N.242 DEL 05/07/2018","13/11/2025 15:18:23","12/11/2025 10:42:09"
"CMBGP249","COMANDO DI POLIZIA LOCALE DI TREVIOLO;","L404;","3248;","13/06/2011;","MOBILE;","ELTRAFF;","TELELASER;","TRUCAM;","TC001991;","","16/02/2026 13:32:54","16/02/2026 13:32:54"
"CMBGP259","Pontirolo Nuovo","G867","3248","13/06/2011","MOBILE","ELTRAFF","TELELASER","TRUCAM HD","TC013147","Estenzione di approvazione 0000242 del 05/07/2018","29/11/2025 17:44:21","29/11/2025 17:20:23"
"CMBGP273","Polizia Locale comune di Calcio","B395","1824","20.03.2000","Telelaser Ultralyte","Laser Technology Incorporated","Telelaser Ultralyte","Telelaser Ultralyte","UL010654","Associato col comune di Antegnate","27/11/2025 16:58:29","27/11/2025 16:58:29"
"CMBGP287","POLIZIA LOCALE COMUNE DI SOLZA","I813","3248","13/06/2011","MOBILE","ELTRAFF","TELELASER","TRUCAM HD","TC006356","ESTENSIONE APPROVAZIONE N.242 DEL 05/07/2018","13/01/2026 15:33:31","13/01/2026 15:33:31"
"CMBGP298","COMUNE DI CASTIONE DELLA PRESOLANA","C324","1824","20/03/2000","TELELASER","ELTRAFF SRL","TELELASER ULTRALYTE","0","UL020687","0","27/11/2025 10:28:25","27/11/2025 10:28:25"
"CMBGP302","Polizia Locale Comune di Albino","A163","3248","13/06/2011","Telelaser","Eltraff","Trucam","Trucam","TC0032318","note(150)","11/12/2025 13:43:07","11/12/2025 13:43:07"
"CMBGP307","POLIZIA LOCALE SPIRANO POGNANO","I919","3248","13/06/2011","MISURA DELLA VELOCITA' ISTANTANEA DI VEICOLI","ELTRAFF SRL con sede a Concorezzo (MI)","TELELASER TRUCAM","TRUCAM","TC003820","","17/12/2025 08:17:36","08/10/2025 09:19:53"
"CMBGP311","POLIZIA LOCALE MISANO DI GERA D'ADDA","F243","3248","13/06/2011","MOBILE","ELTRAFF","TELELASER","TRUSPEED","TS012496","","04/12/2025 10:15:28","04/12/2025 10:15:28"
"CMBGP317","POLIZIA LOCALE INTERCOMUNALE BONATE","A963","549","21.12.2021","MODALITA' ISTANTANEA POST.FISSA","PROJECT AUTOMATION SPA","K53800 SPEED","K53800 SPEED","PASPEEDN22022120775","COMUNE DI BONATE SOTTO COMUNE E BONATE SOPRA NOLEGGIO","13/11/2025 11:20:45","13/11/2025 11:20:45"
"CMBGP317","POLIZIA LOCALE INTERCOMUNALE BONATE","A963","549","21.12.2021","MODALITA' ISTANTANEA POST.FISSA","PROJECT AUTOMATION SPA","K53800 SPEED","K53800 SPEED","PASPEEDN22023010793","COMUNE DI BONATE SOTTO COMUNE DI BONATE SOPRA NOLEGGIO","13/11/2025 11:20:45","13/11/2025 11:20:45"
"CMBGP317","POLIZIA LOCALE INTERCOMUNALE BONATE","A963","242","05.07.2018","MISURATORE POST.MOBILE","ELTRAFF SRL","TELELASER","TRUCAM HD","TC011774","COMUNE DI BONATE SOTTO COMUNE DI BONATE SOPRA","13/11/2025 11:20:45","13/11/2025 11:20:45"
"CMBGP327","COMUNE DI SOTTO IL MONTE GIOVANNI XXIII","I869","R.0000242.05-07-2018","05/07/2018","Telelaser TruCam","Telelaser TruCam","Telelaser TruCam","Telelaser TruCam HD","TC002062","","18/11/2025 10:18:42","18/11/2025 10:18:42"
"CMBGP331","POLIZIA LOCALE ALBANO SANT'ALESSANDRO","A129","254(EX 247/R.C.)","04/11/2002","AUTOVELOX FISSO","VELOCAR RED&SPEED EVO-R","VRS EVO-R","VRS-EVO-T12-5-R","442","","16/10/2025 08:30:08","16/10/2025 08:30:08"
"CMBGP338","POLIZIA LOCALE COMUNE DI NEMBRO","F864","242","05/07/2018","TELELASER","TRUCAM HD","TELELASER TRUCAM HD","TELELASER TRUCAM HD","TC012591","","24/11/2025 12:55:28","24/11/2025 12:55:28"
"CMBIP000","Città di Cossato","D094","3248","13/06/2011","Mobile","ELTRAFF SRL","Telelaser","TRUCAM HD","TC008661","Estensione di approvazione n. 0000242 del 05/07/2018","03/10/2025 07:04:33","03/10/2025 07:04:33"
"CMBIP200","COMUNE DI MASSERANO","96032","1824","20/03/2000","MOBILE","ELTRAFF","TELELASER","MICRODIGICAM","UL005697","","13/10/2025 14:48:03","13/10/2025 14:48:03"
"CMBIP201","Polizia locale comune di Lessona","M371","4199","08-set-97","Postazione mobile","Eltraff","Telelaser","LTI 20-20","13026","","22/10/2025 11:39:02","22/10/2025 11:39:02"
"CMBIP213","CMVC000104","A859","3248","13/06/2011","TELELASER","ELTRAFF","TRUCAM","TRUCAM","TC005058","","20/11/2025 14:24:29","20/11/2025 14:24:29"
"CMBIP216","POLIZIA MUNICIPALE VALDENGO","L556","20923","02/03/2007","FISSO/MOBILE","ELTRAFF","VELOMATIC","512D+","418784785","CONFERMA DI APPROVAZIONEN. 39 DEL 17/02/2026","08/04/2026 09:21:40","08/04/2026 09:21:40"
"CMBIP227","COMUNE DI OCCHIEPPO SUPERIORE - POLIZIA MUNICIPALE","F993","1824","20/03/2000","MOBILE","ELTRAFF","TELELASER","ULTRALYTE","UL004488","","07/10/2025 07:56:17","07/10/2025 07:56:17"
"CMBIP229","Comune di Camburzano","B465","0","0","NESSUN DISPOSITIVO","0","0","0","0","l'Ente non dispone di alcune rilevatore ne fisso ne mobile","29/10/2025 17:46:58","29/10/2025 17:46:58"
"CMBLP000","BELLUNO POLIZIA MUNICIPALE","A757","3248","13/06/2011","TELELASER","ELTRAFF SRL","TELELASER TRUCAM HD","TELELASER TRUCAM HD","TC009535","","23/10/2025 17:26:53","23/10/2025 17:26:53"
"CMBLP000","BELLUNO POLIZIA MUNICIPALE","A757","5913","17/12/2014","MISURATORE DI VELOCITA","ELTRAFF SRL","VELOMATIC 512D","VELOMATIC 512 D","5088","","23/10/2025 17:26:53","23/10/2025 17:26:53"
"CMBLP004","PL","G642","288","17.01.2018","autovelox","Envens","Evo","MVDm","CMP3668389","","06/10/2025 15:26:48","06/10/2025 15:26:48"
"CMBLP005","COMUNE DI LONGARONE POLIZIA LOCALE","M342","5913","17/12/2014","RILEVATORE DI VELOCITA' (""AUTOVELOX"")","ELTRAFF","VELOMATIC 512","VELOMATIC 512 D","5873-5878","","03/10/2025 09:44:12","03/10/2025 09:44:12"
"CMBLP208","UNIONE MONTANA ALPAGO","208400259","4199","08/09/1997","AUTOVELOX MOBILE (PORTATILE)","e Traff","TELELASER LTI 20-20","LTI20-20","13158","","13/10/2025 07:34:43","13/10/2025 07:34:43"
"CMBLP208","UNIONE MONTANA ALPAGO","208400259","903","27/06/2006","AUTOVELOX MOBILE (PORTATILE)","SODI SCIENTIFICA","AUTOVELOX","104/c","934822","","13/10/2025 07:34:43","13/10/2025 07:34:43"
"CMBLP209","Polizia Locale Comune di Limana","E588","2131","15/04/2011","Misuratore della velocità istantanea di veicoli","Sensys Gatso Group - Maggioli S.p.A","Gatsometer Gatso GTC-GS11","GTC-GS11","misuratore 1786","","28/11/2025 09:24:24","23/10/2025 09:08:12"
"CMBLP209","Polizia Locale Comune di Limana","E588","29830","03/04/2008","Misuratore della velocità istantanea di veicoli","ROBOT Visual Systems GmbH","TraffiPatrol XR","TraffiPatrol XR","507-207/09307","","28/11/2025 09:24:24","28/11/2025 09:24:24"
"CMBLP210","POLIZIA LOCALE COMUNE DI PONTE NELLE ALPI (BL)","B662","3248","13/06/11","MOBILE","ELTRAFF","TELELASER","TRUCAM HD","TC006635","","23/10/2025 10:47:17","23/10/2025 10:47:17"
"CMBLP212","Comune di Santa Giustina CMBLP21201,","I206,","2483","10.11.1993","misuratore velocita istantanea veicoli,","Sodi Scientifica srl,","autovelox,","104 c 2,","902925+54779","","21/01/2026 12:45:18","21/01/2026 12:45:18"
"CMBLP215","Polizia Locale Comune di Seren del Grappa","I626","550","23/12/2021","Fisso","EngiNe srl","EnVES EVO MVD 1605","EnVES EVO MVD 1605","0x0002DCA8","Postazione bidirezionale kilometrica 13+600 SS50 bis/var","03/12/2025 12:02:31","03/12/2025 12:02:31"
"CMBLP225","POLIZIA LOCALE DI ARSIE'","A443","550","23/12/2021","FISSO","EngiNe S.r.l.","EnVES EVO MVD 1605","EnVES EVO MVD 1605","0x00032B31","DIREZIONE VALSUGANA","06/10/2025 07:56:50","06/10/2025 07:56:50"
"CMBLP225","POLIZIA LOCALE DI ARSIE'","A443","550","23/12/2021","FISSO","EngiNe S.r.l.","EnVES EVO MVD 1605","EnVES EVO MVD 1605","0x00039A56","DIREZIONE FELTRE","06/10/2025 07:56:50","06/10/2025 07:56:50"
"CMBLP226","COMUNE DI SEDICO – POLIZIA LOCALE","I563","N.168","16/01/2017","dispositivo automatico velocità istantanea","Maggioli s.p.a.","Gatso GTC-GS11","con oscuramento automatico del lunotto anteriore","1563","decreto dirigenziale n.2131 del 15/04/2011 e successive estensioni n.2980 del 25/06/2014 e n.168 del 16/01/2017","07/11/2025 09:24:57","07/11/2025 09:24:57"
"CMBLP229","COMUNE DI COLLE SANTA LUCIA","C872","378","09/09/2021","Misuratore fisso velocità istantanea","Traffic Tecnology","TCS - Traffic Control System","Non presente nel decreto","IMP.812260309 - TCD.2201063008 - TCE.S10A11008997","SP 638 al km 11+440  dir. Selva di Cadore","02/04/2026 08:44:57","02/04/2026 08:44:57"
"CMBLP229","COMUNE DI COLLE SANTA LUCIA","C872","378","09/09/2021","Misuratore fisso velocità istantanea","Traffic Tecnology","TCS - Traffic Control System","Non presente nel decreto","IMP.812260310 - TCD.1223033038 - TCE.S10A11006966","SP 638 al km 11+440  dir. Cortina d'Ampezzo","02/04/2026 08:44:57","02/04/2026 08:44:57"
"CMBLP251","POLIZIA LOCALE COMUNE DI VAL DI ZOLDO","M374","approvazioni ministeriali n.3248 e 242","3248 del 13/06/2011 e 242 del 05/07/2018","Telelaser","Eltraff Srl","Trucam","Trucam HD","TC007761","","25/11/2025 09:20:31","25/11/2025 09:20:31"
"CMBLP251","POLIZIA LOCALE COMUNE DI VAL DI ZOLDO","M374","decreto ministeriale n.2483","10/11/1993","Autovelox","Sodi Scentifica Srl","104","C-2","918305","","25/11/2025 09:20:31","25/11/2025 09:20:31"
"CMBLP255","POLIZIA LOCALE COMUNE DI SETTEVILLE (BL)","M437","4708","01/08/2016","DISPOSITIVO RILEVAMENTO VELOCITA' ISTANTANEA FISSO","VELOCAR","RED&SPEED EVO-R","ND","343","SP1 BIS ""DELLA MADONNA DEL PIAVE"" KM 12+737 BELLUNO-TREVISO ""noleggio""","31/10/2025 12:46:56","31/10/2025 12:46:56"
"CMBLP255","POLIZIA LOCALE COMUNE DI SETTEVILLE (BL)","M437","4708","01/08/2016","DISPOSITIVO RILEVAMENTO VELOCITA' ISTANTANEA FISSO","VELOCAR","RED&SPEED EVO-R","ND","500","S.R. 348 ""FELTRINA"" KM 35+033 TREVISO-FELTRE ""noleggio""","31/10/2025 12:46:56","31/10/2025 12:46:56"
"CMBNP202","Polizia Locale comune di Morcone (BN)","F717","PROT. N. 103683","30/10/2010","velomatic 512","Eltraff","512D/2F - ROE3","versione Velomatic 512D","5276/5299","","03/11/2025 11:43:35","03/11/2025 11:43:35"
"CMBNP204","POLIZIA MUNICIPALE PAUPISI","G386","236","05/06/2023","RILEVATORE DI VELOCITA'","KRIA","T-EXPEED","089089051321AA0","4410186","S.S.372 KM 50+250","04/12/2025 08:27:49","03/10/2025 10:09:12"
"CMBNP204","POLIZIA MUNICIPALE PAUPISI","G386","236","05/06/2023","RILEVATORE DI VELOCITA'","KRIA","T-EXPEED","089089051321AA0","4410169","S.S.372 KM 52+690","04/12/2025 08:27:49","03/10/2025 10:09:12"
"CMBNP207","Polizia_municipale_Ceppaloni","C476","3758","08_08_2014","Ril_vel_in_mod_istantanea","Sodi_Scientifica","106","non_presente","953528","S.S.7_APPIA_KM_253+790_DIR_MONTESARCHIO_BENEVENTO","10/11/2025 12:26:14","10/11/2025 12:26:14"
"CMBNP212","POLIZIA LOCALE MELIZZANO","A265","236","05/06/2023","FISSO","KRIA","T-EXSPEED","089089051321AA0","4410182","","14/10/2025 07:31:38","14/10/2025 07:31:38"
"CMBNP218","POLIZIA MUNICIPALE SOLOPACA","I809","550","23/12/2021","MISURATORE VELOCITA' ISTANTANEA","ENGINE S.P.A.","ENVES EVO MVD 1605","1.3.0","0X00032AFF","S.S. 372 KM 43+470 DIR. BENEVENTO","07/10/2025 06:44:07","07/10/2025 06:44:07"
"CMBNP219","POLIZIA LOCALE AMOROSI","A265","236","05/06/2023","FISSO","KRIA","T-EXSPEED","089089051321AA8","4410177","","15/10/2025 13:39:19","15/10/2025 13:39:19"
"CMBNP219","POLIZIA LOCALE AMOROSI","A265","236","05/06/2023","FISSO","KRIA","T-EXSPEED","089089051321AA8","4410177","","13/10/2025 09:51:32","13/10/2025 09:51:32"
"CMBNP220","COMANDO POLIZIA LOCALE FRAGNETO MONFORTE","D756","290","25.07.2023","DISPOSITIVO RILEVAMENTO VELOCITA' MEDIA","ENGINE S.p.A.","CELERITAS MVD 2022","1.0","VARCO I AP0161K VARCO II AP0173K","S.S. 87 SANNITICA DAL KM 86+520 al KM 84+280","18/04/2026 09:57:07","18/04/2026 09:57:07"
"CMBNP221","COMANDO POLIZIA LOCALE CASTELVENERE","C280","Decreto Approvazione n. 4020","21.06.2017","RILEVATORE ELETTRONICO VELOCITA' ISTANTANEA","ENGINE S.P.A.","EnVES EVO MVD 1605","1.0","matricola sensore n. 0x0002956F","S.S. 372 ""Telesina"" Km 40+300 lato dx","01/12/2025 15:31:26","01/12/2025 15:31:26"
"CMBNP224","Polizia Municipale Comune di Pontelandolfo BN","G848","20923","02-mar-07","Fisso/Mobile","Eltraff s.r.l.","Velomatic 512D","512D","815-846","Estensione di approvazione n.103683 del 30 dicembre 2010","12/12/2025 09:09:07","12/12/2025 09:09:07"
"CMBNP226","POLIZIA LOCALE DEL COMUNE DI PUGLIANELLO","G930","550","23/12/2021","VELOCITA' ISTANTANEA - SEDE FISSA","ENGINE SPA","EnVES EVO MVD 1605","versione 1.3.0 luglio 2021","AM1401H-0x000324C4","S.S. 372 km 35+050 dir. Benevento - DISPOSITIVO A NOLEGGIO","27/11/2025 18:00:27","31/10/2025 17:47:19"
"CMBNP226","POLIZIA LOCALE DEL COMUNE DI PUGLIANELLO","G930","550","23/12/2021","VELOCITA' ISTANTANEA - SEDE FISSA","ENGINE SPA","EnVES EVO MVD 1605","versione 1.3.0 luglio 2021","AM1401H-0x00032B93","S.S. 372 km 35+050 dir. Caianello DISPOSITIVO A NOLEGGIO","27/11/2025 18:00:27","31/10/2025 17:47:19"
"CMBNP231","POLIZIA LOCALE TORRECUSO","L254","4020","21.06.2017","MISURATORE VELOCITA' ISTANTANEA","ENGINE S.p.A.","EnVES EVO MVD 1605","1.2.0","0x00029558","S.S. 372 ""TELESINA"" Km 54+200 dir. CAIANELLO","22/01/2026 16:01:59","22/01/2026 16:01:59"
"CMBNP231","POLIZIA LOCALE TORRECUSO","L254","4020","21.06.2017","MISURATORE VELOCITA' ISTANTANEA","ENGINE S.p.A.","EnVES EVO MVD 1605","1.2.0","0x00032BD1","S.S. 372 ""TELESINA"" Km 54+200 dir. BENEVENTO","22/01/2026 16:01:59","22/01/2026 16:01:59"
"CMBNP233","POLIZIA LOCALE DUGENTA","A265","236","05/06/2023","FISSO","KRIA","T-EXSPEED","089051321AA0","4410189","DIR- BN","15/10/2025 10:02:05","15/10/2025 10:02:05"
"CMBNP233","POLIZIA LOCALE DUGENTA","A265","236","05/06/2023","FISSO","KRIA","T-EXSPEED","089089051321AA0","4410187","DIR-CE","15/10/2025 10:02:05","15/10/2025 10:02:05"
"CMBOP000","Comune di Bologna","A944","271","11-07-2023","Dispositivo di misura della velocità istantanea","VELOCAR","VRS EVO r 2","vrs evo t12 5 RS4","703","","11/12/2025 08:56:28","11/12/2025 08:56:28"
"CMBOP000","Comune di Bologna","A944","271","11-07-2023","Dispositivo di misura della velocità istantanea","VELOCAR","VRS EVO r 2","vrs evo t12 5 RS4","704","","11/12/2025 08:56:28","11/12/2025 08:56:28"
"CMBOP000","Comune di Bologna","A944","271","11-07-2023","Dispositivo di misura della velocità istantanea","VELOCAR","VRS EVO r 2","vrs evo t12 5 RS4","705","","11/12/2025 08:56:28","11/12/2025 08:56:28"
"CMBOP000","Comune di Bologna","A944","271","11-07-2023","Dispositivo di misura della velocità istantanea","VELOCAR","VRS EVO r 2","vrs evo t12 5 RS4","706","","11/12/2025 08:56:28","11/12/2025 08:56:28"
"CMBOP000","Comune di Bologna","A944","271","11-07-2023","Dispositivo di misura della velocità istantanea","VELOCAR","VRS EVO r 2","vrs evo t12 5 RS4","707","","11/12/2025 08:56:28","11/12/2025 08:56:28"
"CMBOP000","Comune di Bologna","A944","271","11-07-2023","Dispositivo di misura della velocità istantanea","VELOCAR","VRS EVO r 2","vrs evo t12 5 RS4","708","","11/12/2025 08:56:28","11/12/2025 08:56:28"
"CMBOP000","Comune di Bologna","A944","271","11-07-2023","Dispositivo di misura della velocità istantanea","VELOCAR","VRS EVO r 2","vrs evo t12 5 RS4","716","","11/12/2025 08:56:28","11/12/2025 08:56:28"
"CMBOP000","Comune di Bologna","A944","271","11-07-2023","Dispositivo di misura della velocità istantanea","VELOCAR","VRS EVO r 2","vrs evo t12 5 RS4","717","","11/12/2025 08:56:28","11/12/2025 08:56:28"
"CMBOP000","Comune di Bologna","A944","271","11-07-2023","Dispositivo di misura della velocità istantanea","VELOCAR","VRS EVO r 2","vrs evo t12 5 RS4","718","","11/12/2025 08:56:28","11/12/2025 08:56:28"
"CMBOP000","Comune di Bologna","A944","271","11-07-2023","Dispositivo di misura della velocità istantanea","VELOCAR","VRS EVO r 2","vrs evo t12 5 RS4","719","","11/12/2025 08:56:28","11/12/2025 08:56:28"
"CMBOP000","Comune di Bologna","A944","271","11-07-2023","Dispositivo di misura della velocità istantanea","VELOCAR","VRS EVO r 2","vrs evo t12 5 RS4","720","","11/12/2025 08:56:28","11/12/2025 08:56:28"
"CMBOP000","Comune di Bologna","A944","271","11-07-2023","Dispositivo di misura della velocità istantanea","VELOCAR","VRS EVO r 2","vrs evo t12 5 RS4","721","","11/12/2025 08:56:28","11/12/2025 08:56:28"
"CMBOP000","Comune di Bologna","A944","271","11-07-2023","Dispositivo di misura della velocità istantanea","VELOCAR","VRS EVO r 2","vrs evo t12 5 RS4","722","","11/12/2025 08:56:28","11/12/2025 08:56:28"
"CMBOP000","Comune di Bologna","A944","271","11-07-2023","Dispositivo di misura della velocità istantanea","VELOCAR","VRS EVO r 2","vrs evo t12 5 RS4","723","","11/12/2025 08:56:28","11/12/2025 08:56:28"
"CMBOP000","Comune di Bologna","A944","271","11-07-2023","Dispositivo di misura della velocità istantanea","VELOCAR","VRS EVO r 2","vrs evo t12 5 RS4","724","","11/12/2025 08:56:28","11/12/2025 08:56:28"
"CMBOP000","Comune di Bologna","A944","3248","13-06-2011","Dispositivo di misura della velocità istantanea","ELTRAFF","TELELASER","TRU SPEED","TS010357","","11/12/2025 08:56:28","11/12/2025 08:56:28"
"CMBOP000","Comune di Bologna","A944","3248","13-06-2011","Dispositivo di misura della velocità istantanea","ELTRAFF","TELELASER","TRU SPEED","TS010360","","11/12/2025 08:56:28","11/12/2025 08:56:28"
"CMBOP000","Comune di Bologna","A944","3248","13-06-2011","Dispositivo di misura della velocità istantanea","ELTRAFF","TELELASER","TRU SPEED","TS010356","","11/12/2025 08:56:28","11/12/2025 08:56:28"
"CMBOP000","Comune di Bologna","A944","3248","13-06-2011","Dispositivo di misura della velocità istantanea","ELTRAFF","TELELASER","TRU SPEED","TS010359","","11/12/2025 08:56:28","11/12/2025 08:56:28"
"CMBOP000","Comune di Bologna","A944","3248","13-06-2011","Dispositivo di misura della velocità istantanea","ELTRAFF","TELELASER","TRU SPEED","TS012968","","11/12/2025 08:56:28","11/12/2025 08:56:28"
"CMBOP000","Comune di Bologna","A944","3248","13-06-2011","Dispositivo di misura della velocità istantanea","ELTRAFF","TELELASER","TRU CAM hd","TS010149","estenzione approvazione nr 242 del 5 7 2018","11/12/2025 08:56:28","11/12/2025 08:56:28"
"CMBOP004","POLIZIA LOCALE DI CASTEL SAN PIETRO TERME","C265","3248","13/06/2011","MOBILE","ELTRAFF","TELELASER","TRUCAM HD","TC007745","Estensione di approvazione 0000242 del 05/07/2018","17/10/2025 11:02:20","17/10/2025 11:02:20"
"CMBOP005","DMQ73S","POLIZIA LOCALE BUDRIO","B249","288","17/01/2018","MOBILE","ENGINE","ENVESEVOMVDM","1507","CMP3334146","12/02/2026 14:18:13","12/02/2026 14:18:13"
"CMBOP005","DMQ73S","POLIZIA LOCALE BUDRIO","B249","1824","20/03/2000","MOBILE","ELTRAFF","TELELASER","UltraLyte","UL009955","12/02/2026 14:18:13","12/02/2026 14:18:13"
"CMBOP006","POLIZIA LOCALE DI VERGATO","CMBP006","4668","28/07/2016","RILEVATORE DI VELOCITA' ISTANTANEO","ENGINE","EnVES EVO","MVDm 1507","CMP3080523","","26/01/2026 13:03:03","26/01/2026 13:03:03"
"CMBOP007","Polizia Locale Reno Lavino","B880","242","05/07/2018","Telelaser","Eltraff","Telelaser TruCam HD","TruCam HD","TC007977","","10/11/2025 15:46:07","10/11/2025 15:46:07"
"CMBOP015","COMUNE DI MOLINELLA","F288","3248","13/06/2011","MOBILE","ELTRAFF","TELELASER","TRUCAM HD","TC008499","Estensione di approvazione 242 del 05/07/2018","09/10/2025 12:22:36","09/10/2025 12:22:36"
"CMBOP021","POLIZIA LOCALE COMUNE DI CASTENASO (BO)","C292","103683","30/12/2010","Fisso/Mobile","ELTRAFF","VELOMATIC","512D","00227/00062/00063 e 005298","","01/12/2025 07:07:09","10/11/2025 16:42:38"
"CMBOP021","POLIZIA LOCALE COMUNE DI CASTENASO (BO)","C292","3758","06/08/2014","Rilevatore di velocità in modalità istantanea","SODI SCIENTIFICA","AUTOVELOX 106","non presente","959063  - 959808","","01/12/2025 07:07:09","10/11/2025 16:42:38"
"CMBOP021","POLIZIA LOCALE COMUNE DI CASTENASO (BO)","C292","903","27/06/2006","Rilevatore di velocità in modalità istantanea","SODI SCIENTIFICA","AUTOVELOX 104e","non presente","940085 – 940417","","01/12/2025 07:07:09","10/11/2025 16:42:38"
"CMBOP021","POLIZIA LOCALE COMUNE DI CASTENASO (BO)","C292","1824","20/03/2000","Mobile","ELTRAFF","TELELASER","ULTRALYTE","UL007769","","01/12/2025 07:07:09","10/11/2025 16:42:38"
"CMBOP022","Comune di Baricella Polizia Locale","A665","3248","13/06/2011","MOBILE","ELTRAFF","TELELASER","TRUCAM","TC001150","","18/10/2025 10:46:01","18/10/2025 10:46:01"
"CMBOP023","Polizia Locale Pianoro","G570","5762/2018 Area III","16/10/2020","AUTOVELOX","Sodi Scientifica","AX106","Non applicabile","956348","Nel tratto della SS65 “FUTA” tra il Km. 87+600 e il Km. 87+700 (postazione con decreto prefettizio)","26/11/2025 15:26:29","26/11/2025 15:26:29"
"CMBOP023","Polizia Locale Pianoro","G570","Non applicabile","Non applicabile","AUTOVELOX","Sodi Scientifica","AX106","Non applicabile","956348","Nel tratto della SS65 bis nel tratto della Km. 1+500 e il Km 1+700 (postazione senza decreto prefettizio – mobile)","26/11/2025 15:26:29","26/11/2025 15:26:29"
"CMBOP023","Polizia Locale Pianoro","G570","Non applicabile","Non applicabile","AUTOVELOX","Sodi Scientifica","AX106","Non applicabile","956348","Nel tratto della SS65 bis nel tratto della Km. 5+400 e il Km 5+600 (postazione senza decreto prefettizio - mobile)","26/11/2025 15:26:29","26/11/2025 15:26:29"
"CMBOP023","Polizia Locale Pianoro","G570","Non applicabile","Non applicabile","AUTOVELOX","Sodi Scientifica","AX106","Non applicabile","956348","Nel tratto della SS65 bis nel tratto della Km. 4+200 e il Km 4+400 (postazione senza decreto prefettizio – mobile)","26/11/2025 15:26:29","26/11/2025 15:26:29"
"CMBOP023","Polizia Locale Pianoro","G570","Non applicabile","Non applicabile","AUTOVELOX","Sodi Scientifica","AX106","Non applicabile","956348","Nel tratto della SS65 “FUTA” nel tratto della Km 83+400 e il Km 83+600 (postazione senza decreto prefettizio – mobile)","26/11/2025 15:26:29","26/11/2025 15:26:29"
"CMBOP025","POLIZIALOCALEGAGGIOMONTANO","D847","288","17/01/2018","AUTOVELOXMOBILE","ENGINESRL","ENVESEVOMVDM1507","AXIS P1365MKII","CMP3776520","","14/10/2025 12:22:30","14/10/2025 12:22:30"
"CMBOP200","Polizia Locale Loiano (BO)","E655","5762/2018 Area III","16/10/2020","Autovelox","Sodi Scientifica","AX106","Non applicabile","957510","Lungo la SS 65 della Futa nel seguente tratto: fra il Km 74+0 e 74+100;  (postazioni autorizzate Prefettura fissa)","08/11/2025 08:00:23","08/11/2025 08:00:23"
"CMBOP200","Polizia Locale Loiano (BO)","E655","5762/2018 Area III","16/10/2020","Autovelox","Sodi Scientifica","AX106","Non applicabile","957510","Lungo la SS 65 della Futa nel seguente tratto: fra il KM 77+800 e il KM 77+900;  (postazioni autorizzate Prefettura fissa)","08/11/2025 08:00:23","08/11/2025 08:00:23"
"CMBOP200","Polizia Locale Loiano (BO)","E655","5762/2018 Area III","16/10/2020","Autovelox","Sodi Scientifica","AX106","Non applicabile","957510","Lungo la SS 65 della Futa nel seguente tratto: fra il KM 80+700 e il KM 80+800; (postazioni autorizzate Prefettura fissa)","08/11/2025 08:00:23","08/11/2025 08:00:23"
"CMBOP200","Polizia Locale Loiano (BO)","E655","non applicabile","non applicabile","Autovelox","Sodi Scientifica","AX106","Non applicabile","957510","Lungo la SS 65 della Futa nel seguente tratto: fra Km 72+300 e il Km 72+400 (postazione senza decreto prefettizio mobile)","08/11/2025 08:00:23","08/11/2025 08:00:23"
"CMBOP200","Polizia Locale Loiano (BO)","E655","non applicabile","non applicabile","Autovelox","Sodi Scientifica","AX106","Non applicabile","957510","Lungo la SS 65 della Futa nel seguente tratto: fra Km 75+500 e il Km 75+700 (postazione senza decreto prefettizio mobile)","08/11/2025 08:00:23","08/11/2025 08:00:23"
"CMBOP200","Polizia Locale Loiano (BO)","E655","non applicabile","non applicabile","Autovelox","Sodi Scientifica","AX106","Non applicabile","957510","Lungo la SS 65 della Futa nel seguente tratto: fra Km 76+600 e il Km 76+700 (postazione senza decreto prefettizio mobile)","08/11/2025 08:00:23","08/11/2025 08:00:23"
"CMBOP202","POLIZIA LOCALE DI MALALBERGO","E844","549","21/12/2021","DISPOSITIVO FISSO","Project Automation SpA","K53800_SPEED","///","PASPEEDn22022120790","ss64 KM 122+920 BIDIREZIONALE","08/01/2026 12:29:44","13/10/2025 09:06:10"
"CMBOP202","POLIZIA LOCALE DI MALALBERGO","E844","3248","13/06/2011","TELELASER","ELTRAFF SRL","TRU CAM","///","TC005059","","08/01/2026 12:29:44","13/10/2025 09:06:10"
"CMBOP205","COMUNE DI GRANAROLO DELL’EMILIA","E136","3248","13/06/2011","MOBILE","ELTRAFF SRL","TELELASER TRUCAM","V.05 TC200-1.19-7 / R2.8.12","TC003599","","06/10/2025 08:31:20","06/10/2025 08:31:20"
"CMBOP205","COMUNE DI GRANAROLO DELL’EMILIA","E136","1824","20/03/2000","MOBILE","ELTRAFF SRL","TELELASER ULTRALYTE","V04.01.IT","UL018439","Estensione di approvazione 534 del 08/05/2003","06/10/2025 08:31:20","06/10/2025 08:31:20"
"CMBOP207","Polizia Locale Comune di Marzabotto","B689","1824","20/03/2000","Mobile","Eltraff","Telelaser","Ultralyte","UL018867","","26/11/2025 18:01:59","26/11/2025 18:01:59"
"CMBOP208","POLIZIA LOCALE SASSO MARCONI","G972","3248","13/06/2011","TELELASER","ELTRAFF","TRUCAM HD","TRUCAM HD","TC007680","","17/11/2025 11:05:11","17/11/2025 11:05:11"
"CMBOP216","Polizia Locale Comune di Valsamoggia","M320","D.M n.282","13/06/2017","Autovelox mobile","Sodi Scientifica S.r.l","Autovelox 104/E","E","932741 (rilevatore) e 932958 (elaboratore)","","26/11/2025 08:40:41","26/11/2025 08:40:41"
"CMBOP216","Polizia Locale Comune di Valsamoggia","M320","n.242","05/07/2018","Telelaser","Eltraff","TELELASER TruCamHD","HD","TC006539","","26/11/2025 08:40:41","26/11/2025 08:40:41"
"CMBOP216","Polizia Locale Comune di Valsamoggia","M320","D.M n.282","13/06/2017","Telelaser","Jenoptik","TRAFFIPATROL","traffipatrol","4225","","26/11/2025 08:40:41","26/11/2025 08:40:41"
"CMBOP220","POLIZIA LOCALE UNIONE RENO GALLIERA","H896","378","09/09/2021","Dispositivo fisso velocità istantanea","Traffic Tecnology","TCS-Traffic Control System","non presente nel decreto","IMP.551180711-TCD.2028005934-TCE.S10A11004581","","21/11/2025 12:38:16","15/10/2025 11:52:28"
"CMBOP220","POLIZIA LOCALE UNIONE RENO GALLIERA","H896","4668 e 288","28/07/2016 e 17/01/2018","Dispositivo mobile","EngiNe Srl","EnVES EVO MVDm 1507","non presente nel decreto","Elaboratore.AM1415H laser.CMP3476088","","21/11/2025 12:38:16","15/10/2025 11:52:28"
"CMBOP220","POLIZIA LOCALE UNIONE RENO GALLIERA","H896","4668 e 288","28/07/2016 e 17/01/2018","Dispositivo mobile","EngiNe Srl","EnVES EVO MVDm 1507","non presente nel decreto","Elaboratore.AJ0417H laser.CMP3559168","","21/11/2025 12:38:16","15/10/2025 11:52:28"
"CMBOP220","POLIZIA LOCALE UNIONE RENO GALLIERA","H896","3248","12/06/2011","Dispositivo mobile","Eltraff Srl","Telelaser TruCam","non presente nel decreto","TC003176","","21/11/2025 12:38:16","15/10/2025 11:52:28"
"CMBOP220","POLIZIA LOCALE UNIONE RENO GALLIERA","H896","3248 e 242","12/06/2011 e 05/07/2018","Dispositivo mobile","Eltraff Srl","Telelaser TruCam","Telelaser TruCam HD","TC009540","","21/11/2025 12:38:16","15/10/2025 11:52:28"
"CMBOP220","POLIZIA LOCALE UNIONE RENO GALLIERA","H896","1323 e 2430 e 260","08/03/12 e 03/05/13 e 20/01/14","Dispositivo mobile","Sintel italia Spa","Scout Speed","non presente nel decreto","4164 Unità conteggio radar DS044492","","21/11/2025 12:38:16","21/11/2025 12:38:16"
"CMBOP230","UNIONE DEI COMUNI DEL NUOVO CIRCONDARIO IMOLESE","E289","549","21/12/2021","Dispositivo fisso velocita istantanea","Project Automation Spa","K53800 SPEED","Non presente","PASPEEDn22023121180","Approvato - SS 9 Via Emilia km 75+172 dir Imola","05/03/2026 14:12:55","11/12/2025 13:54:38"
"CMBOP230","UNIONE DEI COMUNI DEL NUOVO CIRCONDARIO IMOLESE","E289","549","21/12/2021","Dispositivo fisso velocita istantanea","Project Automation Spa","K53800 SPEED","Non presente","PASPEEDn22023121173","Approvato - SS 9 Via Emilia km 74+171 dir Faenza","05/03/2026 14:12:55","23/10/2025 11:01:07"
"CMBOP230","UNIONE DEI COMUNI DEL NUOVO CIRCONDARIO IMOLESE","E289","549","21/12/2021","Dispositivo fisso velocita istantanea","Project Automation Spa","K53800 SPEED","Non presente","PASPEEDn22023121184","Approvato - SS 9 Via Emilia km 81+795 dir Bologna","05/03/2026 14:12:55","23/10/2025 11:01:07"
"CMBOP230","UNIONE DEI COMUNI DEL NUOVO CIRCONDARIO IMOLESE","E289","549","21/12/2021","Dispositivo fisso velocita istantanea","Project Automation Spa","K53800 SPEED","Non presente","PASPEEDn22023030932","Approvato - SS 9 Via Emilia km 80+832 dir Imola","05/03/2026 14:12:55","23/10/2025 11:01:07"
"CMBOP230","UNIONE DEI COMUNI DEL NUOVO CIRCONDARIO IMOLESE","F718","549","21/12/2021","Dispositivo fisso velocita istantanea","Project Automation Spa","K53800 SPEED","Non presente","PASPEEDn22023121176","Approvato - SP 54 Lughese km 9+367 dir Massa Lombarda","05/03/2026 14:12:55","23/10/2025 11:01:07"
"CMBOP230","UNIONE DEI COMUNI DEL NUOVO CIRCONDARIO IMOLESE","F718","549","21/12/2021","Dispositivo fisso velocita istantanea","Project Automation Spa","K53800 SPEED","Non presente","PASPEEDn22023121181","Approvato - SP 54 Lughese km 10+766 dir Imola","05/03/2026 14:12:55","23/10/2025 11:01:07"
"CMBOP230","UNIONE DEI COMUNI DEL NUOVO CIRCONDARIO IMOLESE","E289","3758","06/08/2014","Autovelox mobile","SODI Scientifica","Autovelox 106","PREMIUM IR","RILEVATORE 952385 - CPU 952384","Approvato - Utilizzato nei Comuni del NCI","05/03/2026 14:12:55","20/11/2025 17:10:54"
"CMBOP230","UNIONE DEI COMUNI DEL NUOVO CIRCONDARIO IMOLESE","E289","3758","06/08/2014","Autovelox mobile","SODI Scientifica","Autovelox 106","PREMIUM PLUS 1 CORSIA","RILEVATORE 959319 - CPU 959800","Approvato - Utilizzato nei Comuni del NCI","05/03/2026 14:12:55","20/11/2025 17:10:54"
"CMBOP230","UNIONE DEI COMUNI DEL NUOVO CIRCONDARIO IMOLESE","E289","288","17/01/2018","Autovelox mobile","EngiNe srl","EnVES EVO MVDm 1507","VELOX 142 FULL S","Sensore laser CMP3859201","Approvato - Utilizzato nei Comuni del NCI","05/03/2026 14:12:55","20/11/2025 17:10:54"
"CMBOP230","UNIONE DEI COMUNI DEL NUOVO CIRCONDARIO IMOLESE","E289","1824","20/03/2000","Telelaser","Eltraff srl","Telelaser ULTRALYTE","ULTRALYTE","UL008542","Approvato - Utilizzato nei Comuni del NCI","05/03/2026 14:12:55","20/11/2025 17:10:54"
"CMBOP230","UNIONE DEI COMUNI DEL NUOVO CIRCONDARIO IMOLESE","E289","1824","20/03/2000","Telelaser","Eltraff srl","Telelaser ULTRALYTE","ULTRALYTE","UL023614","Approvato - Utilizzato nei Comuni del NCI","05/03/2026 14:12:55","20/11/2025 17:10:54"
"CMBOP230","UNIONE DEI COMUNI DEL NUOVO CIRCONDARIO IMOLESE","E289","1824","20/03/2000","Telelaser","Eltraff srl","Telelaser ULTRALYTE","ULTRALYTE","UL009982","Approvato - Utilizzato nei Comuni del NCI","05/03/2026 14:12:55","20/11/2025 17:10:54"
"CMBOP230","UNIONE DEI COMUNI DEL NUOVO CIRCONDARIO IMOLESE","E289","1824","20/03/2000","Telelaser","Eltraff srl","Telelaser ULTRALYTE","ULTRALYTE","UL005703","Approvato - Utilizzato nei Comuni del NCI","05/03/2026 14:12:55","20/11/2025 17:10:54"
"CMBOP230","UNIONE DEI COMUNI DEL NUOVO CIRCONDARIO IMOLESE","E289","1824","20/03/2000","Telelaser","Eltraff srl","Telelaser ULTRALYTE","ULTRALYTE","UL009983","Approvato - Utilizzato nei Comuni del NCI","05/03/2026 14:12:55","20/11/2025 17:10:54"
"CMBOP233","Comune Grizzana Morandi  Polizia Locale","E187","288","17 gennaio 20218","MOBILE","EngiNe","EnVES EVO MVDm 1507","VistaEnVES1365","CMP3798161","","24/11/2025 08:35:52","24/11/2025 08:35:52"
"CMBOP234","POLIZIA LOCALE COMUNE DI ANZOLA DELL’EMILIA","A324","342","02/10/2025","DISPOSITIVO RILEVAMENTO VELOCITA’ ISTANTANEA FISSO","SAFETY21 SPA","VELOCAR RED&SPEED EVO-R","ND","399","DEC.APP.N.4708 01/08/2016 DEC.SUB.TIT.N.227 04/07/2025 SS 568 KM 28+907 DIREZIONE SAN GIOVANNI IN PERSICETO","11/11/2025 10:22:12","11/11/2025 10:22:12"
"CMBOP234","POLIZIA LOCALE COMUNE DI ANZOLA DELL’EMILIA","A324","3248","13/06/2011","MOBILE","ELTRAFF","TELELASER","TRUCAM HD","ND","ESTENSIONE DI APPROVAZIONE 0000242 DEL 05/07/2018","11/11/2025 10:22:12","11/11/2025 10:22:12"
"CMBOP236","POLIZIA LOCALE COMUNE DI SALA BOLOGNESE","H678","342","02/10/25","DISPOSITIVO RILEVAMENTO VELOCITA’ ISTANTANEA FISSO","SAFETY21 SPA","VELOCAR RED&SPEED EVO-R","ND","398","DEC.APP.N.4708 01/08/2016 DEC.SUB.TIT.N.227 04/07/2025 SS253BIS TRASVERSALE DI PIANURA KM 7+700 SAN GIOVANNI IN PERSICETO – ARGELATO","03/11/2025 11:23:14","03/11/2025 11:23:14"
"CMBOP236","POLIZIA LOCALE COMUNE DI SALA BOLOGNESE","H678","342","02/10/25","DISPOSITIVO RILEVAMENTO VELOCITA’ ISTANTANEA FISSO","SAFETY21 SPA","VELOCAR RED&SPEED EVO-R","ND","299","DEC.APP.N.4708 01/08/2016 DEC.SUB.TIT.N.227 04/07/2025 SP18 KM 12+200 CASTELLO D’ARGILE","03/11/2025 11:23:14","03/11/2025 11:23:14"
"CMBOP236","POLIZIA LOCALE COMUNE DI SALA BOLOGNESE","H678","342","02/10/25","DISPOSITIVO RILEVAMENTO VELOCITA’ ISTANTANEA FISSO","SAFETY21 SPA","VELOCAR RED&SPEED EVO-R","ND","447","DEC.APP.N.4708 01/08/2016 DEC.SUB.TIT.N.227 04/07/2025 SP18 KM 11+044 CALDERARA DI RENO","03/11/2025 11:23:14","03/11/2025 11:23:14"
"CMBOP238","POLIZIA LOCALE COMUNE DI SANT’AGATA BOLOGNESE (BO)","I191","3248","13/06/11","MOBILE","ELTRAFF","TELELASER","TRUCAM HD","TC010692","Estensione di approvazione 0000242 del 05/07/2018","07/10/2025 14:05:00","07/10/2025 14:05:00"
"CMBOP239","Polizia Locale Comune di Calderara di Reno","B399","0000342.02-10-2025","02/10/2025","Rilevatore di velocità FISSO","Velocar","VELOCAR RED&SPEED-EVO-R","R","430","Calderara di Reno, via Stelloni Ponente civico 12, direzione Sala Bolognese","28/11/2025 17:46:53","25/10/2025 14:51:36"
"CMBOP239","Polizia Locale Comune di Calderara di Reno","B399","0000242.05-07-2018","05/07/2018","Rilevatore di velocità MOBILE","Laser Technology Incorporated","Telelaser TruCam HD","HD","TC010183","","28/11/2025 17:46:53","25/10/2025 14:51:36"
"CMBOP241","POLIZIA LOCALE SAN GIOVANNI IN PERSICETO","G467","342","02/10/2025","Dispositivo rilevamento velocitàistantanea fisso","soc. Velocar s.r.l. ed in seguito Safety21 S.p.A.","Velocar Red&Speed EVO R","N.D.","465","Dec.App.n.4708_01/08/2016 Dec.sub.tit.n.227_04/07/2025 SP 255 33+266 SAN GIOVANNI IN PERSICETO","30/10/2025 14:37:41","30/10/2025 14:37:41"
"CMBOP241","POLIZIA LOCALE SAN GIOVANNI IN PERSICETO","G467","1824","20/03/2000","Dispositivo di misura della velocità","ELTRAFF S.R.L.","Telelaser UltraLyte","N.D.","UL005337","","30/10/2025 14:37:41","30/10/2025 14:37:41"
"CMBOP241","POLIZIA LOCALE SAN GIOVANNI IN PERSICETO","G467","3248","13/06/2011","Dispositivo di misura della velocità","ELTRAFF S.R.L.","Telelaser TruCam HD","N.D.","TC009517","","30/10/2025 14:37:41","30/10/2025 14:37:41"
"CMBRP003","Comando Polizia locale Latiano (BR)","E471","3758","06/08/2014","Autovelo postazione mobile","Sodi Scientifica Srl","Autovelox 106","Nuova configurazione","Cpu n. 954516; Rilevatore n. 953489","Ultimo Decreto n.325 27/09/2019","05/11/2025 16:23:26","05/11/2025 16:17:02"
"CMBRP007","polizia locale fasano","D508","3248","13/06/2011","TELELASER","ETALTRAFF","TRUCAM","4215","TC004926","","25/11/2025 18:55:19","25/11/2025 15:04:43"
"CMBRP007","polizia locale fasano","D508","1323","03/02/2012","DISP.VELOCITA' ISTANTANEA","SINTEL ITALIA SPA","SCOUT SPEED","SERIE DS044490","4384","","25/11/2025 18:55:19","25/11/2025 18:55:19"
"CMBRP201","COMANDO POLIZIA LOCALE BRINDISI","B180","3248","13/06/2011","MOBILE","ELTRAFF","TELELASER","TRUCAM","TC004723","","29/11/2025 10:07:13","29/11/2025 10:07:13"
"CMBRP203","Comando Polizia Locale Oria (BR)","G098","3758","06/08/2014","autovelox","sodi scientifica srl","106","nuova configurazione","Rilevatore 947758; CPU 948194","n. 325 del 27/09/2019","27/11/2025 10:29:14","27/11/2025 10:29:14"
"CMBRP208","P.L. COMUNE DI SAN MICHELE SALENTINO","74014","20923","02/03/2007","FISSO7MOBILE","ELTRAFF","VELOMATIC","512D","5361-5345","Estensione di approvazione 5913 del 17/12/2024","02/12/2025 12:08:01","02/12/2025 12:08:01"
"CMBRP210","POLIZIA LOCALE - CISTERNINO","C741","20923","02/03/2007","FISSO / MOBILE","ELTRAFF","VELOMATIC","512D+","634/737/771/6582/6582","ESTENSIONE DI APPROVAZIONE 5913 DEL 17/12/2014","29/11/2025 10:51:44","29/11/2025 10:51:44"
"CMBSP000","Comune di Brescia","B157","1565/2014","02/04/2014","dispositivo misura velocita' istantanea veicoli","Project Automation","PASVC","PASVC","1510039999","Montelungo KM 10+980 dir. Sud-Nord","04/11/2025 11:02:06","29/10/2025 12:05:23"
"CMBSP000","Comune di Brescia","B157","1565/2014","02/04/2014","dispositivo misura velocita' istantanea veicoli","Project Automation","PASVC","PASVC","1510040005","Montelungo KM 10+980 dir. Sud-Nord corsia sorpasso","04/11/2025 11:02:06","29/10/2025 12:05:23"
"CMBSP000","Comune di Brescia","B157","1565/2014","02/04/2014","dispositivo misura velocita' istantanea veicoli","Project Automation","PASVC","PASVC","1710015163","Montelungo KM 09+902,60 dir. Nord-Sud","04/11/2025 11:02:06","29/10/2025 12:05:23"
"CMBSP000","Comune di Brescia","B157","1565/2014","02/04/2014","dispositivo misura velocita' istantanea veicoli","Project Automation","PASVC","PASVC","1710015221","Montelungo KM 09+902,60 dir. Nord-Sud corsia sorpasso","04/11/2025 11:02:06","29/10/2025 12:05:23"
"CMBSP000","Comune di Brescia","B157","3248/2011","13/06/2011","dispositivo mobile misura velocita'","Eltraff","Trucam","Telelaser Tru-Cam","TC001241","","04/11/2025 11:02:06","04/11/2025 10:57:40"
"CMBSP000","Comune di Brescia","B157","3248/2011 e 0242/2018","13/06/2011 e 05/07/2018","dispositivo mobile misura velocita'","Eltraff","Trucam HD","Telelaser Tru-Cam HD","TC011166","","04/11/2025 11:02:06","04/11/2025 10:57:40"
"CMBSP000","Comune di Brescia","B157","3248/2011","13/06/2011","dispositivo mobile misura velocita'","Eltraff","Truspeed","Telelaser Truspeed","TS008559","","04/11/2025 11:02:06","04/11/2025 10:57:40"
"CMBSP001","Polizia Locale di Desenzano del Garda","D284","242","05/07/2018","TELELASER","ELTRAFF","TRUCAM","HD","TC007668","","20/02/2026 13:23:57","20/02/2026 13:23:57"
"CMBSP006","COMUNE DI CAZZAGO SAN MARTINO (BS)","C408","3248","13/06/2011","MOBILE","ELTRAFF","TELELASER","TRUCAM","TC004713","","06/10/2025 11:15:50","06/10/2025 11:15:50"
"CMBSP009","COMUNE DI FLERO - POLIZIA LOCALE","D634","20923","02/03/2007","FISSO/MOBILE","ELTRAFF","VELOMATIC","512D+","573/667/707/141","ESTENSIONE DI APPROVAZIONE 0000054 DEL 08/03/2021","17/10/2025 11:21:00","17/10/2025 11:21:00"
"CMBSP009","COMUNE DI FLERO - POLIZIA LOCALE","D634","1824","20/03/2000","MOBILE","ELTRAFF","TELELASER","ULTRALYTE","UL011453","L'approvazione di durata ventennale è riferita solo alla commercializzazione del dispositivo.","17/10/2025 11:21:00","17/10/2025 11:21:00"
"CMBSP016","COMUNE DI CASTENEDOLO-POLIZIA LOCALE","C293","3248","13/06/2011","TELELASER","ELTRAFF","TRUCAM","mar-17","TC005050","","11/10/2025 10:42:58","11/10/2025 10:42:58"
"CMBSP017","POLIZIA LOCALE DARFO BOARIO TERME (BS)","D251","3248","13/06/2011","MOBILE","ELTRAFF","TELELASER","TRUSPEED","TS008456","","12/01/2026 10:02:58","12/01/2026 10:02:58"
"CMBSP019","POLIZIA LOCALE UNIONE LOMBARDA TRA I COMUNI DI PONTEVICO E ROBECCO D'OGLIO","G859 H372","1824","20/03/2000","MISURATORE DI VELOCITA'","ELTRAFF","TELELASER","ULTRALYTE","UL008945","","20/11/2025 09:56:34","20/11/2025 09:56:34"
"CMBSP019","POLIZIA LOCALE UNIONE LOMBARDA TRA I COMUNI DI PONTEVICO E ROBECCO D'OGLIO","G859 H372","54","08/03/2021","RILEVATORE DI VELOCITA'","ELTRAFF","VELOMATIC 512","FT1D+","5213 5206","","20/11/2025 09:56:34","20/11/2025 09:56:34"
"CMBSP020","Polizia Locale Comune di Salò","H717","1824","20/03/2000","MOBILE","ELTRAFF","TELELASER","ULTRALYTE","UL012703","Lo strumento se manutenuto e tarato regolarmente può essere utilizzato senza limiti. Circ. intermin. MIT e MINT 13/12/2013, circ. MINT 21/07/2017","14/11/2025 11:57:18","14/11/2025 11:57:18"
"CMBSP020","Polizia Locale Comune di Salò","H717","20923","20/03/2007","FISSO/MOBILE","ELTRAFF","VELOMATIC","512D","5172-5167","Estensione di approvazione 103683 del 30/12/2010","14/11/2025 11:57:18","14/11/2025 11:57:18"
"CMBSP022","Polizia locale comune di Iseo","E333","342","02/10/2025","Dispositivo rilevamento velocità istantanea fisso","VELOCAR","VELOCAR RED&SPEED-EVO-R","ND","546","SP48 KILOMETRICA 6+900","24/10/2025 14:21:30","23/10/2025 18:15:23"
"CMBSP022","Polizia locale comune di Iseo","E333","6099","18/11/2015","Dispositivo rilevamento velocità istantanea fisso","VELOCAR","VELOCAR RED&SPEED-EVO","VRS-EVO-L2","234","SP48 KILOMETRICA 6+900","24/10/2025 14:21:30","23/10/2025 18:15:23"
"CMBSP023","POLIZIA LOCALE PREVALLE","H055","271","11/07/2023","FISSO","VELOCAR","VRS EVO 2","VRS-EVO-T12-5-RS4","727","","03/10/2025 08:59:53","03/10/2025 08:59:53"
"CMBSP023","POLIZIA LOCALE PREVALLE","H055","3248","13/06/2011","MOBILE","ELTRAFF","TELELASER","TRUCAM","TC003081","","03/10/2025 08:59:53","03/10/2025 08:59:53"
"CMBSP023","POLIZIALOCALE PREVALLE","G248","3248","13/06/2011","MOBILE","ELTRAFF","TELELASER","TRUCAM","TC003081","","03/10/2025 08:59:53","03/10/2025 08:59:53"
"CMBSP032","Polizia Locale Gussago","E271","5240","31/08/2017","Sistema rilevamento velocità media","Safety21 S.p.A.","VELOCAR RED&SPEED EVO M","ND","non applicabile","Dec.sub.tit.n.227_04/07/2025 SP.19 Dir. PADERNO FRANCIACORTA: Portale 1. Km 3+000 (ID 145);Portale 2. Km 5+400 (ID 166)","29/11/2025 08:28:51","29/11/2025 08:28:51"
"CMBSP033","Bagnolo Mella Polizia Municipale;","A569;","903;","27/06/2006;","Misuratore velocità istantanea;","Sodi Scientifica Srl;","Autovelox;","104/e;","921925/922039","","24/11/2025 14:29:57","24/11/2025 14:29:57"
"CMBSP033","Bagnolo Mella Polizia Municipale;","A569;","1824;","20/03/2000;","Misuratore velocità istantanea;","Laser Technology Inc.;","Telelaser;","UltraLyte;","UL006591;","","24/11/2025 14:29:57","24/11/2025 14:29:57"
"CMBSP042","Polizia Locale Aggregazione Vallesabbia","D940","1824","20/03/2000","TELELASER","ELTRAFF SRL","TELELASER","ULTRALYTE","UL004965","","01/12/2025 11:04:46","01/12/2025 11:04:46"
"CMBSP042","Polizia Locale Aggregazione Vallesabbia","H650","1824","20/03/2000","TELELASER","ELTRAFF SRL","TELELASER","ULTRALYTE","UL006052","","01/12/2025 11:04:46","01/12/2025 11:04:46"
"CMBSP042","Polizia Locale Aggregazione Vallesabbia","L812","5914","17/12/2014","VELOMATIC","ELTRAFF SRL","VELOMATIC","MOD 512","944-945+458","","01/12/2025 11:04:46","01/12/2025 11:04:46"
"CMBSP042","Polizia Locale Aggregazione Vallesabbia","A082","1824","20/03/2000","TELELASER","ELTRAFF SRL","TELELASER","ULTRALYTE","UL021836","","01/12/2025 11:04:46","01/12/2025 11:04:46"
"CMBSP042","Polizia Locale Aggregazione Vallesabbia","D940","1824","20/03/2000","TELELASER","ELTRAFF SRL","TELELASER","ULTRALYTE","UL004965","","01/12/2025 11:04:46","01/12/2025 11:04:46"
"CMBSP043","UNIONE DEI COMUNI LOMBARDA BASSA BRESCIANA OCCIDENTALE","G149","3248","13/06/2011","mobile","eltraff","telelaser","trucam","TC003821","","07/11/2025 12:12:00","07/11/2025 12:12:00"
"CMBSP044","COMUNE DI LENO","E526","3758","06/08/14","AUTOVELOX MOBILE","SODI SCIENTIFICA","106","106","950559","","27/10/2025 14:20:11","27/10/2025 14:20:11"
"CMBSP044","COMUNEDI LENO","E526","1824","30/03/00","TELELASER","ELTRAFF","ULTRALYTE","ULTRALYTE","3852","","27/10/2025 14:20:11","27/10/2025 14:20:11"
"CMBSP044","COMUNE DI PAVONE MELLA","G391","3758","06/08/14","AUTOVELOX MOBILE","SODI SCIENTIFICA","106","106","950559","","27/10/2025 14:20:11","27/10/2025 14:20:11"
"CMBSP044","COMUNE DI PAVONE MELLA","G391","1824","30/03/00","TELELASER","ELTRAFF","ULTRALYTE","ULTRALYTE","3852","","27/10/2025 14:20:11","27/10/2025 14:20:11"
"CMBSP044","PRALBOINO","G977","3758","06/08/14","AUTOVELOX MOBILE","SODI SCIENTIFICA","106","106","950559","","27/10/2025 14:20:11","27/10/2025 14:20:11"
"CMBSP044","PRALBOINO","G977","1824","30/03/00","TELELASER","ELTRAFF","ULTRALYTE","ULTRALYTE","3852","","27/10/2025 14:20:11","27/10/2025 14:20:11"
"CMBSP044","MILZANO","F216","3758","06/08/14","AUTOVELOX MOBILE","SODI SCIENTIFICA","106","106","950559","","27/10/2025 14:20:11","27/10/2025 14:20:11"
"CMBSP044","MILZANO","F216","1824","30/03/00","TELELASER","ELTRAFF","ULTRALYTE","ULTRALYTE","3852","","27/10/2025 14:20:11","27/10/2025 14:20:11"
"CMBSP044","SAN GERVASIO B.NO","H865","3758","06/08/14","AUTOVELOX MOBILE","SODI SCIENTIFICA","106","106","950559","","27/10/2025 14:20:11","27/10/2025 14:20:11"
"CMBSP044","SAN GERVASIO B.NO","H865","1824","30/03/00","TELELASER","ELTRAFF","ULTRALYTE","ULTRALYTE","3852","","27/10/2025 14:20:11","27/10/2025 14:20:11"
"CMBSP044","SENIGA","I607","3758","06/08/14","AUTOVELOX MOBILE","SODI SCIENTIFICA","106","106","950559","","27/10/2025 14:20:11","27/10/2025 14:20:11"
"CMBSP044","SENIGA","I607","1824","30/03/00","TELELASER","ELTRAFF","ULTRALYTE","ULTRALYTE","3852","","27/10/2025 14:20:11","27/10/2025 14:20:11"
"CMBSP044","CIGOLE","C685","3758","06/08/14","AUTOVELOX MOBILE","SODI SCIENTIFICA","106","106","950559","","27/10/2025 14:20:11","27/10/2025 14:20:11"
"CMBSP044","CIGOLE","C685","1824","30/03/00","TELELASER","ELTRAFF","ULTRALYTE","ULTRALYTE","3852","","27/10/2025 14:20:11","27/10/2025 14:20:11"
"CMBSP044","COMUNE DI LENO","E526","342","02/10/2025","Dispositivo rilevamento velocità istantanea fisso","Safety21 S.p.A","Velocar Red&Speed EVO-R","ND","149","Dec.App.n.4708 del 01.08.2016  Dec.sub.tit.n.227 del 04.07.2025 S.P. BS 668 23e 300 MANERBIO – MONTICHIARI","27/10/2025 14:20:11","27/10/2025 14:20:11"
"CMBSP045","CORPO DI POLIZIA LOCALE DI GHEDI (BS)","D999","20923","02/03/2007","FISSO/MOBILE","Eltraff. S.r.l.","Velomatic","512D D+","663-762","Estensione di approvazione nr. 0000054 del 08/03/2021","03/11/2025 16:33:45","03/11/2025 16:33:45"
"CMBSP047","COMUNE DI CONCESIO - POLIZIA MUN.LE","C948","DECRETO N. 4708","01.08.2016","VELOX","VELOCAR","VRS-EVO-R","VRS-EVO-T12-5-R","499","DECRETO DI ESTENSIONE N.129 DEL 07.04.2021","09/10/2025 14:01:51","09/10/2025 14:01:51"
"CMBSP049","POLIZIA LOCALE COMUNE DI NAVE (BS)","F851","3248","13/06/2011","TELELASER","ELTRAFF","TELELASER TRU-CAM","Tele Laser Tru Cam","TC00328","","14/11/2025 09:39:02","14/11/2025 09:39:02"
"CMBSP051","COMUNE DI RODENGO SAIANO (BS)","H477","1824","20/03/2000","MOBILE","ELTRAFF","TELELASER","ULTRALYTE","UL005701","","28/11/2025 12:37:31","28/11/2025 12:37:31"
"CMBSP204","BRESCIA POLIZIA PROVINCIALE","B157","271","11/07/2023","Dispositivo rilevamento velocità istantanea fisso","Safety21 S.p.A.","VRS-EVO-2","VRS-EVO-T12-5-RS4","748","MARONE (BS), SPBS 510 SEBINA ORIENTALE, km 32+450, dir. Iseo","06/11/2025 10:48:12","06/11/2025 10:48:12"
"CMBSP204","BRESCIA POLIZIA PROVINCIALE","B157","271","11/07/2023","Dispositivo rilevamento velocità istantanea fisso","Safety21 S.p.A.","VRS-EVO-2","VRS-EVO-T12-5-RS4","749","MARONE (BS), SPBS 510 SEBINA ORIENTALE, km 32+410, dir. Pisogne","06/11/2025 10:48:12","06/11/2025 10:48:12"
"CMBSP204","BRESCIA POLIZIA PROVINCIALE","B157","271","11/07/2023","Dispositivo rilevamento velocità istantanea fisso","Safety21 S.p.A.","VRS-EVO-2","VRS-EVO-T12-5-RS4","750","PROVAGLIO D'ISEO (BS), SPBS 510 SEBINA ORIENTALE, km 12+550, dir. Brescia","06/11/2025 10:48:12","06/11/2025 10:48:12"
"CMBSP204","BRESCIA POLIZIA PROVINCIALE","B157","271","11/07/2023","Dispositivo rilevamento velocità istantanea fisso","Safety21 S.p.A.","VRS-EVO-2","VRS-EVO-T12-5-RS4","751","PROVAGLIO D'ISEO (BS), SPBS 510 SEBINA ORIENTALE, km 12+550, dir. Iseo","06/11/2025 10:48:12","06/11/2025 10:48:12"
"CMBSP204","BRESCIA POLIZIA PROVINCIALE","B157","271","11/07/2023","Dispositivo rilevamento velocità istantanea fisso","Safety21 S.p.A.","VRS-EVO-2","VRS-EVO-T12-5-RS4","752","MONTICHIARI (BS), SPBS 236 GOITESE, km 39+200, dir. Brescia","06/11/2025 10:48:12","06/11/2025 10:48:12"
"CMBSP204","BRESCIA POLIZIA PROVINCIALE","B157","271","11/07/2023","Dispositivo rilevamento velocità istantanea fisso","Safety21 S.p.A.","VRS-EVO-2","VRS-EVO-T12-5-RS4","753","MONTICHIARI (BS), SPBS 236 GOITESE, km 39+200, dir. Mantova","06/11/2025 10:48:12","06/11/2025 10:48:12"
"CMBSP204","BRESCIA POLIZIA PROVINCIALE","B157","271","11/07/2023","Dispositivo rilevamento velocità istantanea fisso","Safety21 S.p.A.","VRS-EVO-2","VRS-EVO-T12-5-RS4","754","MONTICHIARI (BS), SPBS 236 GOITESE, km 47+841, dir. Brescia","06/11/2025 10:48:12","06/11/2025 10:48:12"
"CMBSP204","BRESCIA POLIZIA PROVINCIALE","B157","271","11/07/2023","Dispositivo rilevamento velocità istantanea fisso","Safety21 S.p.A.","VRS-EVO-2","VRS-EVO-T12-5-RS4","776","MONTICHIARI (BS), SPBS 236 GOITESE, km 47+841, dir. Mantova","06/11/2025 10:48:12","06/11/2025 10:48:12"
"CMBSP204","BRESCIA POLIZIA PROVINCIALE","B157","271","11/07/2023","Dispositivo rilevamento velocità istantanea fisso","Safety21 S.p.A.","VRS-EVO-2","VRS-EVO-T12-5-RS4","781","CAINO (BS), SPBS 237 DEL CAFFARO, km 16+975, dir. Colle san'Eusebio","06/11/2025 10:48:12","06/11/2025 10:48:12"
"CMBSP204","BRESCIA POLIZIA PROVINCIALE","B157","271","11/07/2023","Dispositivo rilevamento velocità istantanea fisso","Safety21 S.p.A.","VRS-EVO-2","VRS-EVO-T12-5-RS4","782","CAINO (BS), SPBS 237 DEL CAFFARO, km 16+975, dir. Odolo","06/11/2025 10:48:12","06/11/2025 10:48:12"
"CMBSP204","BRESCIA POLIZIA PROVINCIALE","B157","271","11/07/2023","Dispositivo rilevamento velocità istantanea fisso","Safety21 S.p.A.","VRS-EVO-2","VRS-EVO-T12-5-RS4","783","VALLIO TERME (BS), SPBS 237 DEL CAFFARO, km 20+030, dir. Odolo","06/11/2025 10:48:12","06/11/2025 10:48:12"
"CMBSP204","BRESCIA POLIZIA PROVINCIALE","B157","271","11/07/2023","Dispositivo rilevamento velocità istantanea fisso","Safety21 S.p.A.","VRS-EVO-2","VRS-EVO-T12-5-RS4","784","VALLIO TERME (BS), SPBS 237 DEL CAFFARO, km 20+030, dir. Colle Sant'Eusebio","06/11/2025 10:48:12","06/11/2025 10:48:12"
"CMBSP204","BRESCIA POLIZIA PROVINCIALE","B157","271","11/07/2023","Dispositivo rilevamento velocità istantanea fisso","Safety21 S.p.A.","VRS-EVO-2","VRS-EVO-T12-5-RS4","785","RONCADELLE (BS), S.P. 11 Tangenziale Sud al km 2+050, dir Verona","06/11/2025 10:48:12","06/11/2025 10:48:12"
"CMBSP204","BRESCIA POLIZIA PROVINCIALE","B157","271","11/07/2023","Dispositivo rilevamento velocità istantanea fisso","Safety21 S.p.A.","VRS-EVO-2","VRS-EVO-T12-5-RS4","786","RONCADELLE (BS), S.P. 11 Tangenziale Sud al km 2+050, dir Milano","06/11/2025 10:48:12","06/11/2025 10:48:12"
"CMBSP204","BRESCIA POLIZIA PROVINCIALE","B157","271","11/07/2023","Dispositivo rilevamento velocità istantanea fisso","Safety21 S.p.A.","VRS-EVO-2","VRS-EVO-T12-5-RS4","779","BRESCIA, S.P. 11 Tangenziale Sud al km 6+600, dir.Milano","06/11/2025 10:48:12","06/11/2025 10:48:12"
"CMBSP204","BRESCIA POLIZIA PROVINCIALE","B157","271","11/07/2023","Dispositivo rilevamento velocità istantanea fisso","Safety21 S.p.A.","VRS-EVO-2","VRS-EVO-T12-5-RS4","777","RODENGO SAIANO (BS), SPBS 510 SEBINA ORIENTALE, km 6+100, dir. Iseo","06/11/2025 10:48:12","06/11/2025 10:48:12"
"CMBSP204","BRESCIA POLIZIA PROVINCIALE","B157","271","11/07/2023","Dispositivo rilevamento velocità istantanea fisso","Safety21 S.p.A.","VRS-EVO-2","VRS-EVO-T12-5-RS4","778","RODENGO SAIANO (BS), SPBS 510 SEBINA ORIENTALE, km 6+100, dir. Brescia","06/11/2025 10:48:12","06/11/2025 10:48:12"
"CMBSP204","BRESCIA POLIZIA PROVINCIALE","B157","271","11/07/2023","Dispositivo rilevamento velocità istantanea fisso","Safety21 S.p.A.","VRS-EVO-2","VRS-EVO-T12-5-RS4","780","BRESCIA (BS), SPBS 11 TANGENZIALE SUD, km 8+300, dir. Verona","06/11/2025 10:48:12","06/11/2025 10:48:12"
"CMBSP204","BRESCIA POLIZIA PROVINCIALE","B157","350","16/08/2021","Sistema rilevamento velocità media","Safety21 S.p.A.","VRS EVO M","VRS-EVO-T12-5-R","772 - 773","SPBS 11 TANGENZIALE SUD: Portale 1 km 10+800 (ID 772), Portale 2 km 15+515 (ID 773) dir. VERONA","06/11/2025 10:48:12","06/11/2025 10:48:12"
"CMBSP204","BRESCIA POLIZIA PROVINCIALE","B157","350","16/08/2021","Sistema rilevamento velocità media","Safety21 S.p.A.","VRS EVO M","VRS-EVO-T12-5-R","774 - 775","SPBS 11 TANGENZIALE SUD: Portale 1 km 12+400 (ID 774), Portale 2 km 9+800 (ID 775 ) dir. MILANO","06/11/2025 10:48:12","06/11/2025 10:48:12"
"CMBSP204","BRESCIA POLIZIA PROVINCIALE","B157","350","16/08/2021","Sistema rilevamento velocità media","Safety21 S.p.A.","VRS EVO M","VRS-EVO-T12-5-R","768 - 769","SPBS 19: Portale 1 km 11+600 (ID 768), Portale 2 km 9+330 (ID 769) dir. Gussago","06/11/2025 10:48:12","06/11/2025 10:48:12"
"CMBSP204","BRESCIA POLIZIA PROVINCIALE","B157","350","16/08/2021","Sistema rilevamento velocità media","Safety21 S.p.A.","VRS EVO M","VRS-EVO-T12-5-R","770 - 771","SPBS 19: Portale 1 km 9+330 (ID 770), Portale 2 km 11+600 (ID 771) dir. Ospitaletto","06/11/2025 10:48:12","06/11/2025 10:48:12"
"CMBSP207","Comune di Travagliato (BS)","L339","3248","13/06/2011","mobile","Eltraff","telelaser","Trucam","TC005062","","03/10/2025 13:32:34","03/10/2025 13:32:34"
"CMBSP223","POLIZIA LOCALE REMEDELLO","H230","903","27/06/2006","rilevatore di velocià in modalità istantanea","Sodi Scientfica","Autovelox 104/e","non presente","934828 rilevatore + 937820 (elaboratore) + 934853","","10/10/2025 08:53:16","10/10/2025 08:53:16"
"CMBSP228","Polizia Locale Verolanuova","L777","3248","13/06/2011","MOBILE","ELTRAFF","TELELASER","TRUCAM","TC004073","","24/11/2025 17:32:20","24/11/2025 17:32:20"
"CMBSP229","polizia municipale capriano del colle","B698","3248","13.06.2011","MOBILE","eltraff","TELELASER","trucam","tc002908","","22/10/2025 16:30:41","22/10/2025 16:30:41"
"CMBSP230","POLIZIA MUNICIPALE MAZZANO","F063","29830","03/04/2008","Telelaser","ROBOT Vusyak Systems GmbH","TraffiPatrol","XR","507-207/09296","","07/10/2025 11:27:28","07/10/2025 11:27:28"
"CMBSP238","POLIZIA LOCALE COMUNE DI CASTEGNATO","C055","342","02.10.2025","DISPOSITIVO RILEVAMENTO VELOCITà ISTANTANEA FISSO","SAFETY21 SPA","VELOCAR RED&SPEED EVO-R","ND","148","Dec.App.n.4708_01/08/2016 Dec.sub.tit.n.227_04/07/2025 RACCORDO SP BS 510 ""QUINQUES"" 0+600 BRESCIA","23/10/2025 18:47:23","23/10/2025 18:47:23"
"CMBSP242","SERVIZIO DI POLIZIA LOCALE Gottolengo e Gambara (BS)","E116","3758-06/08/2014 - uscita 23.19.19","06/08/2014","AUTOVELOX MOBILE","SODI SCIENTIFICA SRL","AUTOVELOX 106","AX106PR-COL","947750 (rilevatore) + 948749 (elaboratore)","","24/10/2025 14:03:59","24/10/2025 14:03:59"
"CMBSP243","COMUNE DI FIESSE POLIZIA LOCALE","D576","PROT. 903 APRROVAZIONE MINISTERO DEI TRASPORTI","27.06.2006","MOBILE","SODI SCIENTIFICA","104/E","AUTOVELOX","929589 + 937822","SERVIZIO DI POLIZIA LOCALE CONVENZIONATO CON ISORELLA (BS)","24/11/2025 17:53:53","21/11/2025 09:28:18"
"CMBSP244","POLIZIA LOCALE PUEGNAGO DEL GARDA","H086","20923","02/03/2007","MOBILE","ELTRAFF","VELOMATIC","512","421/765","","06/10/2025 14:38:20","06/10/2025 14:38:20"
"CMBSP245","POLIZIA LOCALE SAN ZENO NAVIGLIO","I412","3248","13/06/2011","MOBILE","ELTRAFF","TELELASER","TRUCAM","ND","","24/11/2025 13:10:08","24/11/2025 13:10:08"
"CMBSP252","Servizio Intercomunale P.L. ""Colline Moreniche del Garda""","B436","3248","13/06/2011","Mobile","Elltraff","Telelaser","Trucam HD","TC010198","Estensione di approvazione 0000242 del 05/07/2018","02/10/2025 15:12:26","02/10/2025 15:12:26"
"CMBSP252","Servizio Intercomunale P.L. ""Colline Moreniche del Garda""","F820","3248","13/06/2011","Mobile","Elltraff","Telelaser","Trucam HD","TC010198","Estensione di approvazione 0000242 del 05/07/2018","02/10/2025 15:12:26","02/10/2025 15:12:26"
"CMBSP252","Servizio Intercomunale P.L. ""Colline Moreniche del Garda""","G801","3248","13/06/2011","Mobile","Elltraff","Telelaser","Trucam HD","TC010198","Estensione di approvazione 0000242 del 05/07/2018","02/10/2025 15:12:26","02/10/2025 15:12:26"
"CMBSP254","Polizia Locale comune di Lonato del Garda","M312","342","02/10/2025","Dispositivo rilevamento velocità fisso","Safety21 spa","Velocar Red&speed EVO-R","postazione fissa","132","Dec.App.n.4708_01/08/2016 Dec. Sub.tit.n.227_04/07/2025 SPBS567 DEL BENACO 8+604 CASTIGLIONE D.S. TARAT.00135LAT S551_2025_ACCR_VX_29/10/2025","25/11/2025 18:14:42","09/10/2025 12:22:31"
"CMBSP254","Polizia Locale comune di Lonato del Garda","M312","342","02/10/2025","Dispositivo rilevamento velocità fisso","Safety21 spa","Velocar Red&speed EVO-R","postazione fissa","146","Dec.App.n.4708_01/08/2016 Dec. Sub.tit.n.227_04/07/2025 SPBS567 DEL BENACO 8+485 DESENZANO TARAT.00135LAT S552_2025_ACCR_VX_29/10/2025","25/11/2025 18:14:42","09/10/2025 12:22:31"
"CMBSP254","Polizia Locale comune di Lonato del Garda","M312","1824","20/03/2000","Dispositivo rilevamento velocità mobile","Eltraff","Telelaser","Ultralyte","UL021467","Tarat. 0366/2025 del 29/04/2025","25/11/2025 18:14:42","25/11/2025 18:14:42"
"CMBSP261","POLIZIA LOCALE ISORELLA & ASSOCIATI","E364","PROT. 3248","13/06/2011","MOBILE","ELTRAFF","TELELASER","TRUCAM","TC004137","SERVIZIO DI POLIZIA LOCALE CONVENZIONATO CON FIESSE ED ENTI ASSOCIATI","24/11/2025 14:36:41","24/11/2025 14:36:41"
"CMBSP285","POLIZIA LOCALE BOTTICINO","F313","3248","13/06/2011","MOBILE","ELTRAFF","TELELASER","TRUCAMHD","TC009434","estensione di approvazione 0000242 del 05/07/2018","02/10/2025 15:22:24","02/10/2025 15:22:24"
"CMBSP309","COMUNE COMEZZANO-CIZZAGO","C925","3248","13/06/2011","MOBILE","ELTRAFF","TELELASER","TRUSPEED","TS006857","","27/11/2025 18:43:05","27/11/2025 18:43:05"
"CMBSP315","Polizia Locale Comune di Calcinato","B394","3248","13/06/2011","MOBILE","ELTRAFF","TELELASER","TRUCAM HD","TC012038","Estensione di approvazione 0000242 del 05/07/2008. In convenzione con la Polizia Locale Comune di Bedizzole.","19/11/2025 15:34:10","19/11/2025 15:34:10"
"CMBZP000","Polizia Municipale del Comune di Bolzano","A952","3248","13/06/2011","MOBILE","ELTRAFF","TELELASER","TRUCAM","TC003833","","17/10/2025 15:37:35","17/10/2025 15:37:35"
"CMBZP000","Polizia Municipale del Comune di Bolzano","A952","3248","13/06/2011","MOBILE","ELTRAFF","TELELASER","TRUSPEED","TS010332","","17/10/2025 15:37:35","17/10/2025 15:37:35"
"CMBZP000","Polizia Municipale del Comune di Bolzano","A952","3248","13/06/2011","MOBILE","ELTRAFF","TELELASER","TRUSPEED","TS012961","","17/10/2025 15:37:35","17/10/2025 15:37:35"
"CMBZP002","BRUNICO POLIZIA MUNICIPALE","B220","242","5 luglio 2018","telelaser","Eltraff srl","TruCam","TruCam HD","TC008181","","07/10/2025 08:28:25","07/10/2025 08:28:25"
"CMBZP002","BRUNICO POLIZIA MUNICIPALE","B220","242","5 luglio 2018","telelaser","Eltraff srl","TruCam","TruCam","TC003517","","07/10/2025 08:28:25","07/10/2025 08:28:25"
"CMBZP003","Polozia Locale Bressanone","616","3248","13 giugno 2011","mobile","Eltraff","Telelaser","TruCam","TC004074","","10/11/2025 15:38:34","10/11/2025 15:38:34"
"CMBZP003","Polozia Locale Bressanone","616","3248","14 giugno 2011","mobile","Eltraff","Telelaser","TruCam HD","TC006380","estensione di approvazione 242 del 5 luglio 2018","10/11/2025 15:38:34","10/11/2025 15:38:34"
"CMBZP005","Polizia Locale di Appiano s.S.d.V.","609","3248","13.06.2011","Dispositivo mobile","Eltraff","Telelaser","Trucam","TC004093","","06/11/2025 14:57:53","06/11/2025 14:57:53"
"CMBZP200","Comune di Vipiteno","M067","6511","21.11.2012","autovelox","Eltraff","Telelaser","UL-HD","TC007304","","06/11/2025 13:38:05","06/11/2025 13:38:05"
"CMBZP201","Polizia Locale Merano Burgraviato","F132","3248","13/06/2011","Mobile","Eltraff","Telelaser","Trucam","TC004111","","16/10/2025 12:04:41","16/10/2025 12:04:41"
"CMBZP201","Polizia Locale Merano Burgraviato","F132","3248","13/06/2011","Mobile","Eltraff","Telelaser","Trucam HD","TC010189/HD","estensione di appprovazione 0000242 del 05/07/2018","16/10/2025 12:04:41","16/10/2025 12:04:41"
"CMBZP201","Polizia Locale Merano Burgraviato","F132","3248","13/06/2011","Mobile","Eltraff","Telelaser","Trucam HD","TC009949/HD","estensione di appprovazione 0000242 del 05/07/2018","16/10/2025 12:04:41","16/10/2025 12:04:41"
"CMBZP202","Polizia locale comune di Sarentino","I431","3248","13.06.2011","Dispositivo misurazione velocità istantanea","Laser Technology Incorporated","TELELASER TruCam","6061","TC005291","","30/10/2025 11:34:55","30/10/2025 11:34:55"
"CMBZP203","Polizia Locale Badia-Corvara","A537-D079","3248","12.06.2011","MOBILE","ELTRAFF","TELELASER","TRUCAM","TC004729","TRUCAM in uso solo all' 50% , altro 50% in uso al  Comune di Corvara in Badia (BZ)","06/12/2025 13:08:47","06/12/2025 13:08:47"
"CMBZP204","Polizia Locale Terlano","L_108","3248","13.06.2011","misuratore di velocitá istantanea di veicoli","Laser Technology Incorporated","TeleLaser Trucam","TeleLaser Trucam","TC003587","","08/10/2025 08:06:31","08/10/2025 08:06:31"
"CMBZP204","Polizia Locale Terlano","L_108","4668","28.07.2016","misuratore di velocitá istantanea di veicoli","EngiNe","EnVES EVO MVDm 1507","EnVES EVO MVDm 1507","CMP3772223+AI0316H+VE1365.1","","08/10/2025 08:06:31","08/10/2025 08:06:31"
"CMBZP206","Polizia Locale di Caldaro e Polizia Locale di Termeno","B397 e L111","183","01.06.2020","rilevatore di velocità","EngiNe S.r.l.","Enves","Evo Mvd 1605","sensore radar 0x00032475","","21/10/2025 13:38:14","21/10/2025 13:38:14"
"CMBZP206","Polizia Locale di Caldaro","B397","1824","20.03.2000","Misuratore di velocità","Laser Technology Incorporated","Telelaser","Ultralyte","UL018099","","21/10/2025 13:38:14","21/10/2025 13:38:14"
"CMBZP206","Polizia Locale di Caldaro","B397","534","08.05.2003","sistema fotografico digtale","Laser Technology Incorporated","Micro","Digi-Cam","MV000914","","21/10/2025 13:38:14","21/10/2025 13:38:14"
"CMBZP206","Polizia Locale di Caldaro","B397","768","09.02.2012","rilevatore di velocità","Olvia","Arena","1.5mb","1204006","","21/10/2025 13:38:14","21/10/2025 13:38:14"
"CMBZP207","ComuneRenon","H236","3248","13.06.2011","Telelaser","TelelaserTruCam","TelelaserTruCam","v1.19","TC004922","","12/12/2025 08:24:59","12/12/2025 08:24:59"
"CMBZP208","COMANDO POLIZIA LOCALE CAMPO TURES","B570","3248","13.06.2011","MOBILI","ELTRAFF","TELELASER","TRUCAM HD","TC008500","/","29/10/2025 13:15:00","29/10/2025 13:15:00"
"CMBZP208","COMANDO POLIZIA LOCALE CAMPO TURES","B570","3248","13.06.2011","MOBILI","ELTRAFF","TELELASER","TRUCAM","TC005824","/","29/10/2025 13:15:00","29/10/2025 13:15:00"
"CMBZP210","POLIZIA LOCALE DI CORNEDO ALL'ISARCO","B799","242","05/07/2018","telelaser trucam  HD","trucam HD","telelaser trucam  HD","telelaser trucam  HD","TC011772","","07/10/2025 14:32:46","07/10/2025 14:32:46"
"CMBZP210","POLIZIA LOCALE DI CORNEDO ALL'ISARCO","B799","6511","21/11/2012","vizier 2M","vizier 2M","vizier 2M","vizier 2M","1304002","","07/10/2025 14:32:46","07/10/2025 14:32:46"
"CMBZP214","Comune di San Candido","H786","3248","13.06.2011","Trucam HD","TeleLaser","Tele Laser Tru-Cam HD","HD","TC010667","DM 3248 con estensione n. 242 del 05.07.2018","24/11/2025 12:36:35","10/11/2025 11:45:22"
"CMBZP214","Comune di Dobbiaco","D311","6511","21.11.2012","Vizier 2M","Olvia","Vizier","2M","1304021","","24/11/2025 12:36:35","24/11/2025 12:36:35"
"CMBZP214","Comune di Sesto","I687","3248","13.06.2011","Trucam","TeleLaser","Tele Laser Tru-Cam","n.a.","TC004139","","24/11/2025 12:36:35","24/11/2025 12:36:35"
"CMBZP215","POLIZIA LOCALE CHIUSA (BZ)","C652","3248","13.06.2011","MOBILE","LaserTechnology","TELELASER","TRUCAM","TC001316","","01/12/2025 08:23:03","01/12/2025 08:23:03"
"CMBZP215","POLIZIA LOCALE CHIUSA (BZ)","C652","3248","13.06.2011","MOBILE","LaserTechnology","TELELASER","TRUCAM HD","TC007061","Estensione di approvazione 0000242 del 05/07/2018","01/12/2025 08:23:03","01/12/2025 08:23:03"
"CMBZP217","Comune di Egna","D392","3248",".13..06..11.","telelaser","Eltraff srl","TELELASER TruCam",".R2..8..12.","TC002061","","21/11/2025 12:47:52","21/11/2025 12:47:52"
"CMBZP218","ComuneNovaPonente","F950","3248","13.06.2011","Telelaser","TelelaserTruCam","TelelaserTruCam","v1.19","TC004072","","18/11/2025 11:28:21","18/11/2025 11:28:21"
"CMBZP218","ComuneNovaPonente","F950","242","05.07.2018","Telelaser","TelelaserTruCam","TelelaserTruCamHD","v4.7.46","TC011189","","18/11/2025 11:28:21","18/11/2025 11:28:21"
"CMBZP219","CMBZ001101","Polizia Locale Laives","E421","4668","28.07.2016","Dispositivo di misura della velocità istantanea","EngiNE","EnVES EVOMVDm 1507","Laser CMP3 AH0263H laser CMP3327146","","15/01/2026 16:29:48","15/01/2026 16:29:48"
"CMBZP219","CMBZ001101","Polizia Locale Laives","E421","1824","20.03.2000","Dispositivo di misura della velocità istantanea","Laser Technology Incorporated","Telelaser UltraLyte","Laser di classe 1 UL004767","","15/01/2026 16:29:48","15/01/2026 16:29:48"
"CMBZP220","Polizia Locale Ora (BZ)","G083","3248","13.06.2011","Mobile","Eltraff","Telelaser","Trucam","TC004102","","10/12/2025 09:25:56","10/12/2025 09:25:56"
"CMBZP220","Polizia Locale Ora (BZ)","G083","1824","20.03.2000","Mobile","Eltraff","Telelaser","Ultralyte","UL012235","","10/12/2025 09:25:56","10/12/2025 09:25:56"
"CMBZP222","POLIZIA MUNICIPALE LANA D'ADIGE","E434","0779/2025","03.10.2025","telelaser","Laser Technology Incorporated","Telelaser TruCam","v1.19","TC005828","","11/11/2025 10:19:42","11/11/2025 10:19:42"
"CMBZP223","POLIZIA LOCALE BRONZOLO","B203","3248","13.06.2011","MISURATORE DI VELOCITÁ","ELTRAFF","TELELASER","TELELASER TRU-CAM","TC004719","","24/10/2025 12:06:28","24/10/2025 12:06:28"
"CMBZP232","Polizia Municipale San Leonardo in Passiria","H952","3248","13.06.2011","MOBILE","ELTRAFF","TELELASER","TRUCAM","TC004731","","28/10/2025 13:23:44","28/10/2025 13:23:44"
"CMBZP232","Polizia Municipale San Leonardo in Passiria","H952","20923","02.03.2007","FISSO/MOBILE","ELTRAFF","VELOMATIC","512D+","7627 + 7651","Estensione di approvazione 0000054 del 08/03/2021","28/10/2025 13:23:44","28/10/2025 13:23:44"
"CMBZP232","Polizia Municipale San Leonardo in Passiria","H952","768","09.02.2012","FISSO/MOBILE","OLIVIA","ARENA","1.5MB","1204002","","28/10/2025 13:23:44","28/10/2025 13:23:44"
"CMBZP232","Comune San Leonardo in Passiria - Polizia Intercomunale","H952","20923","02.03.2007","FISSO / MOBILE","ELTRAFF","VELOMATIC","512D+","7627 + 7651","Estensione di approvazione 00000054 del 08/03/2021","08/10/2025 09:59:31","08/10/2025 09:59:31"
"CMBZP232","Comune San Leonardo in Passiria - Polizia Intercomunale","H952","3248","13.06.2011","MOBILE","ELTRAFF","TELELASER","TRUCAM","TC004731","","08/10/2025 09:59:31","08/10/2025 09:59:31"
"CMBZP237","Comune San Martino in Passiria - Polizia Locale","H989","20923","02.03.2007","FISSO / MOBILE","ELTRAFF","VELOMATIC","512D+","7627 + 7651","Estensione di approvazione 00000054 del 08/03/2021","15/10/2025 14:28:23","15/10/2025 14:28:23"
"CMBZP237","Comune San Martino in Passiria - Polizia Locale","H989","3248","13.06.2011","MOBILE","ELTRAFF","TELELASER","TRUCAM","TC004731","","15/10/2025 14:28:23","15/10/2025 14:28:23"
"CMBZP242","Comune di Trodena","L444","903","27.06.06","autovelox","Sodi Scientifica SpA","autovelox104e","1","929587","","26/11/2025 10:42:40","26/11/2025 10:42:40"
"CMBZP242","Comune di Montagna","F392","903","27.06.06","autovelox","Sodi Scientifica SpA","autovelox104e","1","929587","","26/11/2025 10:42:40","26/11/2025 10:42:40"
"CMBZP247","Polizia Locale Val Venosta","I729","20923","02.03.2007","Mobile","Eltraff","Telelaser","Velomatic 512","5500/5496/5495","estensione di approvazione 54 del 08/03/2021","04/11/2025 09:06:55","04/11/2025 09:06:55"
"CMBZP247","Polizia Locale Val Venosta","I729","1824","20.03.2000","Mobile","Eltraff","Telelaser","Ultralyte 002630","UL003812/1170","","04/11/2025 09:06:55","04/11/2025 09:06:55"
"CMBZP247","Polizia Locale Val Venosta","I729","1824","20.03.2000","Mobile","Eltraff","Telelaser","Ultralyte 003087","UL007783","","04/11/2025 09:06:55","04/11/2025 09:06:55"
"CMBZP247","Polizia Locale Val Venosta","I729","1824","20.03.2000","Mobile","Eltraff","Telelaser","Ultralyte 003415","UL016465/3067","","04/11/2025 09:06:55","04/11/2025 09:06:55"
"CMBZP247","Polizia Locale Val Venosta","I729","1824","20.03.2000","Mobile","Eltraff","Telelaser","Ultralyte 003758","UL023385/4327","","04/11/2025 09:06:55","04/11/2025 09:06:55"
"CMBZP247","Polizia Locale Val Venosta","I729","3248","13.06.2011","Mobile","Eltraff","Telelaser","TruCam 004225","TC005052","","04/11/2025 09:06:55","04/11/2025 09:06:55"
"CMBZP247","Polizia Locale Val Venosta","I729","3758","06.08.2014","Mobile","Sodi scentifica","Autovelox","Autovelox 106 Global","950291","","04/11/2025 09:06:55","04/11/2025 09:06:55"
"CMBZP247","Polizia Locale Val Venosta","I729","3758","06.08.2014","Mobile","Sodi scentifica","Autovelox","Autovelox 106 Global","953477","","04/11/2025 09:06:55","04/11/2025 09:06:55"
"CMBZP249","POLIZIA LOCALE DI CASTELROTTO","C254","1824","20.03.2000","dispositivo di controllo limiti di velocità","Lasertechnology Inc.","Telelaser Ultralyte","Laser di classe 1 secondo norme IEC 60825/1","UL010201","codice accertatore CMBZP24901 - codice ente DMJZ7R","13/11/2025 14:03:46","13/11/2025 14:03:46"
"CMBZP249","POLIZIA LOCALE DI CASTELROTTO","C254","3248","13.06.2011","dispositivo di controllo limiti di velocità","Lasertechnology Inc.","Telelaser TruCam","Laser di classe 1 FDA","TC004720","codice accertatore CMBZP24901 - codice ente DMJZ7R","13/11/2025 14:03:46","13/11/2025 14:03:46"
"CMBZP250","Comune di Marebbe","E938","6511","21.11.2012","autovelox","Oliva","VIZIER 2M","1","1304027","","20/10/2025 10:30:23","20/10/2025 10:30:23"
"CMBZP251","Polizia Locale Bassa valle Pusteria","DMY2JC","242","05.07.2018","Telelaser","TRUCAM","Telelaser Trucam HD","HD","TC012730","","10/12/2025 14:22:19","10/12/2025 14:22:19"
"CMCAP003","COMUNE DI SELARGIUS","I580","442","24/01/2018","Misuratore della velocita'  istantanea di veicoli","Project Automation S.p.A.","PASVC","corsia 1","2110000826","","11/10/2025 17:40:49","11/10/2025 17:40:49"
"CMCAP003","COMUNE DI SELARGIUS","I580","442","24/01/2018","Misuratore della velocita'  istantanea di veicoli","Project Automation S.p.A.","PASVC","corsia 2","1610030912","","11/10/2025 17:40:49","11/10/2025 17:40:49"
"CMCAP005","COMUNE DI ELMAS POLIZIA MUNICIPALE","D399","549","21/12/2021","MISURATORE DELLA VELOCITA' ISTANTANEA DI VEICOLI","PROJECT AUTOMATION SPA","K53800_SPEED","K53800_SPEED","PASPEEDn22023010800","S.S. N.130 KM 4+980  DIREZIONE IGLESIAS","07/10/2025 06:38:16","07/10/2025 06:38:16"
"CMCAP007","Polizia Locale Carbonia","B745","3758","06/08/2014","Rilevatore di velocità in modalità istantanea","Sodi Scientifica","Autovelox 106","Non presente","954045","","28/11/2025 11:39:07","28/11/2025 11:39:07"
"CMCAP011","COMUNE DI SESTU","I695","DM N. 3758","06.08.2014","AUTOVELOX","SODI SCIENTIFICA S.r.l.","106 PREMIUM PLUS","NON PRESENTE","non applicabile","EX S.S. 131, KM. 7+400, DIR. SS.","01/12/2025 09:50:42","01/12/2025 09:50:42"
"CMCAP012","COMUNE DI QUARTU SANT'ELENA","H118","n.3758","06/08/2014","RILEVATORE DI VELOCITA' IN MODALITA' ISTANTANEA","SODI SCIENTIFICA","AUTOVELOX 106","PREMIUM COLORE","RILEVATORE 958086           CPU 958104","","15/10/2025 13:59:00","15/10/2025 13:59:00"
"CMCAP018","POLIZIA LOCALE COMUNE DI MONSERRATO (CA)","F383","3248","13/06/2011","MOBILE","ELTRAFF","TELELASER","TRUCAM HD","TC007302","ESTENSIONE DI APPROVAZIONE 0000242 DEL 05/07/2018","05/11/2025 12:01:48","05/11/2025 10:07:57"
"CMCAP018","POLIZIA LOCALE COMUNE DI MONSERRATO (CA)","F383","1565","02/04/2014","FISSO","PROJECT","PASVC","PASVC","1510040034","POSIZIONE KILOMETRICA S.S.387 Km 6+470 DIREZIONE DI MARCIA S.S.554","05/11/2025 12:01:48","05/11/2025 10:07:57"
"CMCAP020","Unione Comuni Parteolla e Basso Campidano","I624","2483","10/11/1993","Rilevatore di velocità in modalità istantanea","Sodi Scientifica","Autovelox 104/C-2","Non presente","955878","","07/10/2025 09:50:08","07/10/2025 09:50:08"
"CMCAP200","Polizia Locale Comune di Gonnosfanadiga","E085","20923","02/03/2007","mobile","Eltraff","Velomatic","512D","6523 - 6561","Estensione di approvazione 5913 del 17/12/2014","26/11/2025 17:55:22","26/11/2025 17:04:01"
"CMCAP206","POLIZIA MUNICIPALE MONASTIR","F333","549","21-dic-21","rilevatore di velocita in modalita ista","Project Automation s.p.a.","K53800_SPEED","non esiste versione","PASPEEDn22023121177","","13/10/2025 07:14:04","13/10/2025 07:14:04"
"CMCAP211","POLIZIA MUNICIPALE DI DECIMOMANNU","D259","549","21/12/2021","Rilevatore di velocità in modalità istantanea","PROJECT AUTOMATION S.P.A.","K53800_SPEED","Non presente","PASPEEDn22022120788","S.S. 130 KM 15+126 DIR. CAGLIARI","08/10/2025 10:41:10","08/10/2025 10:41:10"
"CMCAP219","POLIZIA LOCALE","I166","DECRETO   N.3758","06/08/2014","mobile","sodi scientifica","AUTOVELEOX 106 standard","2019","953543","attualmente inutilizzato","29/11/2025 16:37:51","29/11/2025 16:37:51"
"CMCAP220","Polizia Locale Comune di Iglesias","E281","Prot. Dec. Pref. CA n. 2010-26209","20/04/2010","Velox Fisso","Robot Visual System GMBH","TraffiStar SR520","Non Presete","Impianto: IGL-N1032-03/CV","Strada SS. 126 km 32,850 Direz. Cagliari","05/12/2025 13:21:12","05/12/2025 13:21:12"
"CMCAP220","Polizia Locale Comune di Iglesias","E281","D.M. n. 3758","06/08/2014","Velox Mobile","Sodi Scientifica","106","Non Presente","Rilevatore 952453  CPU 952034","","05/12/2025 13:21:12","05/12/2025 13:21:12"
"CMCAP226","polizia locale carloforte","B789","prot  325","27/09/2019","Autovelox","SODI SCIENTIFICA","106","106","957204 958522","","13/11/2025 11:10:57","13/11/2025 11:10:57"
"CMCBP200","POLIZIA  MUNICIPALE BOJANO","A930","550","23/12/2021","MISURA DELLA VELOCITA' ISTANTANEA","ENGINE SPA","ENVES EVO MVD 1605","Vista EnVES06plus","0x0002DC96","km. 205+500","06/10/2025 11:08:49","06/10/2025 11:08:49"
"CMCBP200","POLIZIA  MUNICIPALE BOJANO","A930","550","23/12/2021","MISURA DELLA VELOCITA' ISTANTANEA","ENGINE SPA","ENVES EVO MVD 1605","Vista EnVES06plus","0x00039A22","km.206+800","06/10/2025 11:08:49","06/10/2025 11:08:49"
"CMCBP204","Polizia Locale Comune di Termoli (CB)","L113","3758","06/08/2014","Rilevatore di velocità in modalità istantanea","Sodi Scientifica","Autovelox 106","Non presente","953035","Autovelox mobile. Matricola Rilevatore 953035. Matricola CPU 952670","14/10/2025 07:48:50","14/10/2025 07:48:50"
"CMCBP214","COMUNE DI CASTROPIGNANO","C346","R0000039","17/02/2026","FISSO/MOBILE","ELTRAFF","VELOMATIC","512D+","1211-906","DECRETO DI APPROVAZIONE R.0000039 DEL 17/02/2026","18/04/2026 11:06:47","29/10/2025 18:06:28"
"CMCBP214","COMUNE DI CASTROPIGNANO","C346","N.476","09/12/2025","FISSO","SODI SCIENTIFICA SRL","ATOVELOX","106","960472","Dichiarazione di conformit? n. 35/Y/1-2025","18/04/2026 11:06:47","18/04/2026 11:06:47"
"CMCBP214","COMUNE DI CASTROPIGNANO","C346","N.476","09/12/2025","FISSO","SODI SCIENTIFICA SRL","ATOVELOX","106","960473","Dichiarazione di conformit? n. 35/Y/2-2025","18/04/2026 11:06:47","18/04/2026 11:06:47"
"CMCBP216","POLIZIA LOCALE COMUNE DI BARANELLO","A616","54","08/03/2021","MISURATORE DI VELOCITA'","ELTRAFF S.R.L.","VELOMATIC 512D","VELOMATIC 512D","1211-906","","11/10/2025 15:47:59","11/10/2025 15:47:59"
"CMCEP000","COMUNE DI CASERTA","B963","552","23/12/2021","Apparato di rilevamento velocita' media","EngiNe S.p.A.","CELERITAS EVO 1506","'-","NON APPLICABILE","AN1677H S.S. 700 in dir. Maddaloni fino al km 8+090 circa","25/11/2025 11:29:43","25/11/2025 11:29:43"
"CMCEP000","COMUNE DI CASERTA","B963","552","23/12/2021","Apparato di rilevamento velocita' media","EngiNe S.p.A.","CELERITAS EVO 1506","'-","NON APPLICABILE","AN1678H S.S. 700 in dir. Maddaloni fino al km 7+070 circa","25/11/2025 11:29:43","25/11/2025 11:29:43"
"CMCEP000","COMUNE DI CASERTA","B963","552","23/12/2021","Apparato di rilevamento velocita' media","EngiNe S.p.A.","CELERITAS EVO 1506","'-","NON APPLICABILE","AN1678H S.S. 700 in dir. Santa Maria Capua Vetere fino al km 7+130 circa","25/11/2025 11:29:43","25/11/2025 11:29:43"
"CMCEP000","COMUNE DI CASERTA","B963","552","23/12/2021","Apparato di rilevamento velocita' media","EngiNe S.p.A.","CELERITAS EVO 1506","'-","NON APPLICABILE","AN1677H S.S. 700 in dir. Santa Maria Capua Vetere fino al km 8+150 circa","25/11/2025 11:29:43","25/11/2025 11:29:43"
"CMCEP000","COMUNE DI CASERTA","B963","550","23/12/2021","Apparato di rilevamento di velocita' istantanea","EngiNe S.p.A.","EnVES EVO MVD 1605","'-","0x000399FD","","25/11/2025 11:29:43","25/11/2025 11:29:43"
"CMCEP003","POLIZIA MUNICIPALE CAIAZZO","B362","3758","06/08/2014","RILEVATORE DI VELOCITA IN MODALITA ISTANTANEA","SODI SCIENTIFICA","AUTOVELOX 106","STANDARD","959056","","08/10/2025 10:03:38","08/10/2025 10:03:38"
"CMCEP009","Sessa Aurunca Polizia Municipale","I676","4708","01/08/2016","Apparato di rilevamento velocità istantanea","Velocar","VRS-EVO","T12-5-R","643","","23/10/2025 16:13:49","23/10/2025 16:13:49"
"CMCEP009","Sessa Aurunca Polizia Municipale","I676","183","01/06/2020","Apparato di rilevamento velocità istantanea","Engine","EnVES EVO MVD 1605","'-","0x0003BA59","","23/10/2025 16:13:49","23/10/2025 16:13:49"
"CMCEP009","Sessa Aurunca Polizia Municipale","I676","183","01/06/2020","Apparato di rilevamento velocità istantanea","Engine","EnVES EVO MVD 1605","'-","0X0003E579","","23/10/2025 16:13:49","23/10/2025 16:13:49"
"CMCEP013","POLIZIA MUNICIPALE SAN FELICE A CANCELLO","H834","DECRETO N. 03758","06/08/2014","AUTOVELOX MOBILE","SODI SCIENTIFICA SRL","AUTOVELOX 106","AUTOVELOX 106","RILEVATORE 952275 - CPU 955937","","20/11/2025 15:01:08","20/11/2025 15:01:08"
"CMCEP200","POLIZIA MUNICIPALE CELLOLE","I676","7175","29/12/2016","T-EXSPEED 2.0","KRIA","T-EXSPEED","2.0","2139","","06/10/2025 09:54:46","06/10/2025 09:54:46"
"CMCEP200","POLIZIA MUNICIPALE CELLOLE","I676","7175","29/12/2016","T-EXSPEED 2.0","KRIA","T-EXSPEED","2.0","2157","","06/10/2025 09:54:46","06/10/2025 09:54:46"
"CMCEP222","Comando Poliza Locale comune di Santa Maria La Fossa","I247","3758","06/08/2014","Rilevatore della velocita in modalita istantanea","Sodi Scientifica","Autovelox 106","Non presente","951411","art. 3 comma 3  del Decreto n. 305 del 18 agosto 2025","05/11/2025 10:00:20","05/11/2025 10:00:20"
"CMCEP268","COMUNE DI SAN PIETRO INFINE","I113","20923","02/03/2007","FISSO","ELTRAFF","VELOMATIC","512D","RILEVATORE  6302 CPU 6314","ESTENSIONE DI APPROVAZIONE 5913 DEL 17/12/2014","20/10/2025 11:35:04","20/10/2025 11:35:04"
"CMCEP268","COMUNE DI SAN PIETRO INFINE","I113","20923","02/03/2007","FISSO","ELTRAFF","VELOMATIC","512D","RILEVATORE 5915 CPU 5919","ESTENSIONE DI APPROVAZIONE 5913 DEL 17/12/2014","20/10/2025 11:35:04","20/10/2025 11:35:04"
"CMCHP200","Polizia Locale Comune di Fossacesia","D738","2961;3480;103683;54","27/11/1989;19/09/1996;30/12/2010;08/03/2021","MANUALE;MOBILE","ELTRAFF","VELOMATIC","512D+/2F","2119;2091 - 3648; 3662 - 3649; 3663","","30/10/2025 11:44:55","30/10/2025 11:44:55"
"CMCHP201","Comune di Vasto Pol.Mun.le","E372","3248","13.06.2011","MOBILE","ELTRAFF","TELELASER","TRUCAM HD","TC011179","Estensione di approvazione 0000242 del 05/07/2018","27/11/2025 15:39:46","27/11/2025 14:43:15"
"CMCHP201","Comune di Vasto Pol.Mun.le","E372","3758","06.08.2014","Rilevatore di velocità istantanea","Sodi scientifica","Autovelox 106","non presente","959556","Posizionato su s.s. 16 Sud-Nord km. 511+900","27/11/2025 15:39:46","08/10/2025 07:23:10"
"CMCHP202","POLIZIA LOCALE DI ATESSA","A485","5913","17/12/2014","MOBILE","ELTRAFF","VELOMATIC","512D","1519","","10/11/2025 12:58:14","10/11/2025 12:58:14"
"CMCHP202","POLIZIA LOCALE DI ATESSA","A485","5913","17/12/2014","MOBILE","ELTRAFF","VELOMATIC","512D","3189","","10/11/2025 12:58:14","10/11/2025 12:58:14"
"CMCHP202","POLIZIA LOCALE DI ATESSA","A485","550","23/12/2021","MOBILE","ENGINE","ENVES EVO","MVD1605","69","","10/11/2025 12:58:14","10/11/2025 12:58:14"
"CMCHP204","POLIZIA LOCALE COMUNE DI GUARDIAGRELE (CH)","E243","5913","17.12.2014","MOBILE","ELTRAFF","VELOMATIC","512D","1519","","27/10/2025 15:50:06","27/10/2025 15:50:06"
"CMCHP204","POLIZIA LOCALE COMUNE DI GUARDIAGRELE (CH)","E243","5913","17.12.2014","MOBILE","ELTRAFF","VELOMATIC","512D","3189","","27/10/2025 15:50:06","27/10/2025 15:50:06"
"CMCHP204","POLIZIA LOCALE COMUNE DI GUARDIAGRELE (CH)","E243","550","23.12.2021","MOBILE","ENGINE","ENVES","EVO MVD 1605","0X00032A41","","27/10/2025 15:50:06","27/10/2025 15:50:06"
"CMCHP204","POLIZIA LOCALE COMUNE DI GUARDIAGRELE (CH)","E243","3739","14.06.2000","MOBILE","ROBOT VISAL SYSYEMS GMBH","TRAFFIPAX","TRAFFIPATROL","6033","","27/10/2025 15:50:06","27/10/2025 15:50:06"
"CMCHP207","FARA FILIORUM PETRI","D494","20923","02/03/2007","fisso-mobile","ELTRAFF","VELOMATIC","512D+","1835-1810","estensione di approvazione n.0000054 dek 08-03-2021","11/11/2025 16:38:20","11/11/2025 16:38:20"
"CMCHP207","FARA FILIORUM PETRI","D494","20923","02/03/2007","fisso-mobile","ELTRAFF","VELOMATIC","512D+","7626-7792","estensione di approvazione n.0000054 dek 08-03-2021","11/11/2025 16:38:20","11/11/2025 16:38:20"
"CMCHP207","FARA FILIORUM PETRI","D494","20923","02/03/2007","fisso-mobile","ELTRAFF","VELOMATIC","512D","7210-7165","estensione di approvazione n.103683 de 30-12-2010","11/11/2025 16:38:20","11/11/2025 16:38:20"
"CMCHP207","FARA FILIORUM PETRI","D494","20923","02/03/2007","fisso-mobile","ELTRAFF","VELOMATIC","512D","4053-4099","estensione di approvazione n.5913 de 17-12-2014","11/11/2025 16:38:20","11/11/2025 16:38:20"
"CMCHP207","FARA FILIORUM PETRI","D494","20923","02/03/2007","fisso-mobile","ELTRAFF","VELOMATIC","512D","5189","estensione di approvazione n.103683 de 30-12-2010","11/11/2025 16:38:20","11/11/2025 16:38:20"
"CMCHP208","COMANDO DI POLIZIA LOCALE TORREVECCHIA TEATINA","L284","550","23/12/2021","EnVES EVO","EngiNe","EnVES EVO MVD","1605","sensore radar 0x00032A41","","10/10/2025 08:02:33","10/10/2025 08:02:33"
"CMCHP210","POLIZIA LOCALE COMUNE DI CASOLI (CH)","B985","3739","14.06.2000","MOBILE","ROBOT VISAL SYSYEMS GMBH","TRAFFIPAX","TRAFFIPATROL","6033","NOLEGGIO","23/01/2026 11:43:23","23/01/2026 11:43:23"
"CMCHP210","POLIZIA LOCALE COMUNE DI CASOLI (CH)","B986","5913","17.12.2014","MOBILE","ELTRAF","VELOMATIC","512D","1519","NOLEGGIO","23/01/2026 11:43:23","23/01/2026 11:43:23"
"CMCHP210","POLIZIA LOCALE COMUNE DI CASOLI (CH)","B987","5913","17.12.2015","MOBILE","ELTRAF","VELOMATIC","512D","3189","NOLEGGIO","23/01/2026 11:43:23","23/01/2026 11:43:23"
"CMCHP210","POLIZIA LOCALE COMUNE DI CASOLI (CH)","B988","550","23.12.2021","MOBILE","ENGINE","ENVES","EVO MVD 1605","0X00032A41","NOLEGGIO","23/01/2026 11:43:23","23/01/2026 11:43:23"
"CMCHP212","Polizia Locale comune di Paglieta","G237","5913","17/12/2014","Mobile","Mobile","Velomatic","512D 2F","1519","Noleggio","18/11/2025 14:41:48","12/11/2025 10:56:54"
"CMCHP212","Polizia Locale comune di Paglieta","G237","5913","17/12/2014","Mobile","Mobile","Velomatic","512D 2F","3189","Noleggio","18/11/2025 14:41:48","12/11/2025 10:56:54"
"CMCHP212","Polizia Locale comune di Paglieta","G237","550","23/12/2021","Mobile","Mobile","Enves evo mdv","1605","1605  0x00032A41","Noleggio","18/11/2025 14:41:48","18/11/2025 14:41:48"
"CMCHP212","Polizia Locale comune di Paglieta","G237","3739","14/06/2000","Mobile","Mobile","Traffipax - TraffiPatrol Robot Visual Systems","Laser Classe 1 EI EN 60825-1","6033","Noleggio","18/11/2025 14:41:48","12/11/2025 10:56:54"
"CMCHP217","POLIZIA LOCALE COMUNE DI RIPA TEATINA","H320","5913","17/12/2014","MOBILE","ELTRAFF","VELOMATIC","512D","1519","","07/10/2025 09:58:49","07/10/2025 09:58:49"
"CMCHP217","POLIZIA LOCALE COMUNE DI RIPA TEATINA","H320","5913","17/12/2014","MOBILE","ELTRAFF","VELOMATIC","512D","3189","","07/10/2025 09:58:49","07/10/2025 09:58:49"
"CMCHP217","POLIZIA LOCALE COMUNE DI RIPA TEATINA","H320","550","23/12/2021","MOBILE","ENGINE","ENVES EVO","MVD 1605","0X00032A41","","07/10/2025 09:58:49","07/10/2025 09:58:49"
"CMCHP232","POLIZIA LOCALE COMUNE DI SAN MARTINO SULLA MARRUCINA (CH)","H991","5913","17.12.2014","MOBILE","ELTRAFF","VELOMATIC","512D","1519","","19/11/2025 12:43:05","19/11/2025 12:43:05"
"CMCHP232","POLIZIA LOCALE COMUNE DI SAN MARTINO SULLA MARRUCINA (CH)","H991","5913","17.12.2014","MOBILE","ELTRAFF","VELOMATIC","512D","3189","","19/11/2025 12:43:05","19/11/2025 12:43:05"
"CMCHP232","POLIZIA LOCALE COMUNE DI SAN MARTINO SULLA MARRUCINA (CH)","H991","550","23.12.2021","MOBILE","ENGINE","ENVES","EVO MVD 1605","0X00032A41","","19/11/2025 12:43:05","19/11/2025 12:43:05"
"CMCHP232","POLIZIA LOCALE COMUNE DI SAN MARTINO SULLA MARRUCINA (CH)","H991","3739","14.06.2000","MOBILE","ROBOT VISAL SYSYEMS GMBH","TRAFFIPAX","TRAFFIPATROL","6033","","19/11/2025 12:43:05","19/11/2025 12:43:05"
"CMCHP235","Comune di San Vito Chietino (CH) - Corpo di Polizia Locale","ND","1824","20/03/2000","Mobile","Eltraff","Telelaser","Microdigicam","TLS MV 001555","NS: UL 021834","10/11/2025 11:07:17","10/11/2025 11:07:17"
"CMCHP238","COMUNE DI TOLLO","L194","54","08/03/2021","Dispositivo rilevamento velocità istantanea","ELTRAFF SRL","VELOMATIC","VELOMATIC 512D","7626","","28/11/2025 13:34:50","28/11/2025 13:34:50"
"CMCHP239","POLIZIA LOCALE COMUNE DI MIGLIANICO","F196","550","23/12/2021","sensore radar","EngiNe","EnVES EVO MVD","1605","0x00032a41","","29/10/2025 09:28:54","29/10/2025 09:28:54"
"CMCHP242","POLIZIA LOCALE VACRI","L526","550","23.12.2021","MOBILE","ENGINE","ENVES EVO MVD","1605","0X00032A41","","30/10/2025 10:03:47","30/10/2025 10:03:47"
"CMCLP000","COMUNE DI CALTANISSETTA","85004","903","27/06/2006","AUTOVELOX","SODI SCIENTIFICA SRL","104/E","104/E","944524","","26/11/2025 10:05:39","26/11/2025 10:05:39"
"CMCLP202","POL MUN COMUNE ACQUAVIVA PLATANI","CMCL007","20923","02/03/2007","MISURATORE DI VELOCITA","ELTRAFF","VELOMATC 512","512 103B","4229 4217","","19/11/2025 11:24:29","19/11/2025 11:24:29"
"CMCLP208","POLIZIA MUNICIPALE DI DELIA CMCLP20801","d267","3758","06/08/2014","Rivelatore di velocita in modalita istantanea","Sodi Scienifica","Autovelox 106","Non presente","953218","n.d","09/12/2025 13:22:57","09/12/2025 13:22:57"
"CMCNP000","Polizia locale comune di Cuneo","D205","288","17_01_2018","Rilevatore di velocità in modalità istantanea","EnVES EVO","MVDm","1507","AJ0473H","","10/11/2025 11:22:26","10/11/2025 11:22:26"
"CMCNP000","Polizia locale comune di Cuneo","D205","48","01_03_2021","Rilevatore di velocità in modalità istantanea","Velocar red & speed","AGUIA-T5-5-R","HR1","16324","","10/11/2025 11:22:26","10/11/2025 11:22:26"
"CMCNP000","Polizia locale comune di Cuneo","D205","48","01_03_2021","Rilevatore di velocità in modalità istantanea","Velocar red & speed","AGUIA-T5-5-R","HR1","16325","","10/11/2025 11:22:26","10/11/2025 11:22:26"
"CMCNP001","COMUNE DI ALBA","A124","20923","02/03/2007","FISSO/MOBILE","ELTRAFF","VELOMATIC","512D","5899-4293","","26/11/2025 12:57:06","08/10/2025 07:24:46"
"CMCNP001","COMUNE DI ALBA","A124","3248","16/06/2011","MOBILE","ELTRAFF","TELELASER TRUCAM HD","TRUCAM HD","TCD10629","estensione di approvazione 0000242 del 05/07/2018 Comune di Govone","26/11/2025 12:57:06","26/11/2025 12:57:06"
"CMCNP002","SAVIGLIANO POLIZIA MUNICIPALE","I470","288","17/01/2018","SIST. RILEV. INFRAZIONI LIMITI MASSIMI VELOCITA'","EngiNe","EnVES EVO","MVDm 1507","AM1151H e CMP3792161","NESSUNA","24/10/2025 11:04:36","24/10/2025 11:04:36"
"CMCNP003","POLIZIA LOCALE DI SALUZZO","H727","3758","06/08/2014","AUTOVELOX","SODI SCENTIFICA","BARRA LASER 106 STANDARD 105SE","CLASSE 1","949001","","23/10/2025 09:12:48","23/10/2025 09:12:48"
"CMCNP004","Polizia_Locale_Mondovi","F351","236","05/06/2023","FISSO","KRIA","T-EXSPEED","089089051321AA0","4410219","Contratto_di_noleggio_sino_al_30/04/2026","18/11/2025 08:13:12","14/11/2025 11:48:49"
"CMCNP004","Polizia_Locale_Mondovi","F351","3758","06/08/2014","RILEVATORE_DI_VELOCITA'_IN_MODALITA'_ISTANTANEA","SODI_SCIENTIFICA","AUTOVELOX","106","Ril.956796-ELAB.957559","utilizzato_nei_comuni_convenzionati_Margarita_e_Vicoforte","18/11/2025 08:13:12","14/11/2025 11:48:49"
"CMCNP006","POLIZIA MUNICIPALE DI VERZUOLO","L804","3758","06/08/2014","Rilevatore di velocità in modalità istantanea","Sodi Scientifica","Autovelox 106","Non presente","957195","","23/10/2025 10:36:39","23/10/2025 10:36:39"
"CMCNP202","POLIZIA LOCALE COMUNE DI GARESSIO (CN)","D920","20923 - ESTENSIONE 103683","02/03/2007 - ESTENSIONE 30/12/2010","MOBILE","ELTRAFF","VELOMATIC","512D","1197-1198","","28/11/2025 10:33:20","28/11/2025 10:33:20"
"CMCNP203","COMUNE DI LIMONE PIEMONTE (CN) - POLIZIA LOCALE","E597","N. 3758","06/08/2014","AUTOVELOX","SODI SCIENTIFICA SRL","AUTOVELOX 106","non presente - versione unica","947150","","25/11/2025 10:51:13","25/11/2025 10:51:13"
"CMCNP205","POLIZIA MUNICIPALE CHERASCO","C599","20923","02/03/2007","FISSO/MOBILE","ELTRAFF","VELOMATIC","512D+","7790-7782","estensione di approvazione 0000054 del 08/03/2021","26/11/2025 17:02:11","26/11/2025 16:59:37"
"CMCNP205","POLIZIA MUNICIPALE CHERASCO","C599","20923","02/03/2007","FISSO/MOBILE","ELTRAFF","VELOMATIC","512D","00561-01159-01203","estensione di approvazione 103683 del 30/12/2010","26/11/2025 17:02:11","26/11/2025 17:02:11"
"CMCNP206","Polizia Municipale Comune Sommariva del Bosco","I822","4020","21/06/2017","Rilevatore di velocità in modalità istantanea","EngiNe","EnVES EVO","MVD 1605","0x0002DC76","","18/11/2025 13:05:29","18/11/2025 13:05:29"
"CMCNP206","Polizia Municipale Comune Sommariva del Bosco","I822","3248","13/06/2011","Rilevatore di velocità in modalità istantanea","Laser Technology Incorporated","Telelaser","TruCam","TC002921","Ultimo utilizzo anno 2023","18/11/2025 13:05:29","18/11/2025 13:05:29"
"CMCNP209","POLIZIA LOCALE GUARENE","E251","3248","13.06.2011","TELELASER","ELTRAFF","TRUCAM","HD","TC008538","secondo decreto 0000242 del 05/07/2018","08/10/2025 14:40:34","08/10/2025 14:40:34"
"CMCNP210","Polizia Locale Comune di Lesegno","E546","1824","20/03/2000","MOBILE","ELTRAFF","TELELASER","ULTRALYTE","UL022285","'-","30/10/2025 09:29:38","30/10/2025 09:29:38"
"CMCNP210","Polizia Locale Comune di Lesegno","E546","3758","06/08/2014","Rilevatore di velocità in modalità istantanea","SODI SCIENTIFICA","AUTOVELOX","106","958765","'-","30/10/2025 09:29:38","30/10/2025 09:29:38"
"CMCNP214","POLIZIA LOCALE COMUNE DI BRA","DMQDYQ","54","08_03_2021","FISSO_MOBILE","ELTRAFF","VELOMATIC","512 D","5886_5875","","29/11/2025 17:24:54","29/11/2025 17:24:54"
"CMCNP214","POLIZIA LOCALE COMUNE DI BRA","DMQDYQ","54","08_03_2021","FISSO_MOBILE","ELTRAFF","VELOMATIC","512 D","5885_5874","","29/11/2025 17:24:54","29/11/2025 17:24:54"
"CMCNP214","POLIZIA LOCALE COMUNE DI BRA","DMQDYQ","54","08_03_2021","FISSO_MOBILE","ELTRAFF","VELOMATIC","512 D","4828_4822","","29/11/2025 17:24:54","29/11/2025 17:24:54"
"CMCNP215","COMUNE DI REVELLO - POLIZIA MUNICIPALE","H247","3758","06/08/2014","Rilevatore di velocità in modalità istantanea","Sodi Scientifica","Autovelox 106","Non presente","955603-950289","","07/10/2025 09:39:02","07/10/2025 09:39:02"
"CMCNP216","Comune di Canale","B573","Decreto Dirigenziale n. 356","18/08/2021","dispositivo automatico velocità istantanea","Maggioli s.p.a.","Autosc@n Speed","non presente","2022 0044","","27/11/2025 15:56:59","07/11/2025 15:45:35"
"CMCNP216","Comune di Canale","B573","4199","08/09/1997","MOBILE","ELTRAFF","TELELASER","LTI 20-20","12056","estensione approvazione 4353 del 15/09/1997","27/11/2025 15:56:59","27/11/2025 15:56:59"
"CMCNP218","POLIZIA LOCALE COMUNE DI  BAGNASCO","A555","20293","02/03/2007","MOBILE","ELTRAFF","VELOMATIC","512D","7161-7195","ESTENSIONE APPROVAZIONE 5913 DEL 17-12-2014","27/10/2025 11:51:55","27/10/2025 11:51:55"
"CMCNP219","COMUNE DI BUSCA - POLIZIA LOCALE;","B285;","4668;","28/07/2016;","Rilevatore velocità istantanea;","EnVes EVO;","EnVes EVO MVDm 1507;","MVDm 1507;","sensore laser CMP3357446;","Dispositivo  di proprietà con impiego in modalità presidiata con postazioni in fase di definizione;","26/11/2025 08:54:15","26/11/2025 08:54:15"
"CMCNP224","POLIZIA LOCALE UNIONE MONTANA MONDOLE","L974","288","17/01/2018","misuratore laser velocità","EngiNe","EnVes EVO MVDm 1507","EnVes EVO MVDm 1507","sensore laser CMP3802181","","13/11/2025 09:52:29","13/11/2025 09:52:29"
"CMCNP225","COMUNE DI VILLAFALLETTO","L942","20923","02/03/2007","FISSO/MOBILE","ELTRAFF","VELOMATIC","512D","5905-5914","Estensione di approvazione 5913 del 17/12/2014","06/10/2025 10:01:25","06/10/2025 10:01:25"
"CMCNP227","POLIZIA LOCALE UNIONE DI COMUNI COLLINE DI LANGA E DEL BAROLO","01","103683","30/12/2010","MONODIREZIONALE","ELTRAFF","VELOMATIC 512","D","3537-3601","","22/10/2025 18:17:56","22/10/2025 18:17:56"
"CMCNP228","POLIZIA MUNICIPALE DRONERO","D372","3248","13/06/2011","MOBILE","ELTRAFF","TELELASER","TRUCAM HD","TC010687","ESTENSIONE DI APPROVAZIONE 0000242 DEL 05/07/2018","17/11/2025 10:33:38","17/11/2025 10:33:38"
"CMCNP231","Comune Cavallermaggiore","376","20923","02/03/2007","mobile","Eltraff","Velomatic","512D","3428-3570","Estensione appr. 5913 del 17/12/2014","04/11/2025 16:34:57","04/11/2025 16:34:57"
"CMCNP236","POLIZIA LOCALE DOGLIANI","D314","1824","20/03/2000","MOBILE","ELTRAFF","TELELASER","ULTRALYTE","UL018866","","14/11/2025 10:09:33","14/11/2025 10:09:33"
"CMCNP239","POLIZIA LOCALE ALTA LANGA","B084","1824","20/03/2000","MOBILE","ELTRAFF","TELELASER","ULTRALYTE","UL009967","MINT 21/07/2017","12/11/2025 15:14:59","12/11/2025 15:14:59"
"CMCNP239","POLIZIA LOCALE ALTA LANGA","B084","3248","13/06/2011","MOBILE","ELTRAFF","TELELASER","TRUCAM","TC002428","","12/11/2025 15:14:59","12/11/2025 15:14:59"
"CMCNP239","POLIZIA LOCALE ALTA LANGA","B084","20923","02/03/2007","FISSO/MOBILE","ELTRAFF","VELOMATIC","512D","5921/5944","ESTENSIONE APPROVAZIONE 5913 DEL 17/12/2014","12/11/2025 15:14:59","12/11/2025 15:14:59"
"CMCNP239","POLIZIA LOCALE ALTA LANGA","B084","20923","02/03/2007","FISSO/MOBILE","ELTRAFF","VELOMATIC","512D+","7260/7263","ESTENSIONE APPROVAZIONE 0000054 DEL 08/03/2021","12/11/2025 15:14:59","12/11/2025 15:14:59"
"CMCNP239","POLIZIA LOCALE ALTA LANGA","B084","20923","02/03/2007","FISSO/MOBILE","ELTRAFF","VELOMATIC","512D+","8073/7955","ESTENSIONE APPROVAZIONE 0000054 DEL 08/03/2021","12/11/2025 15:14:59","12/11/2025 15:14:59"
"CMCNP241","Polizia Locale Boves","B101","3758","6.8.2014","Rilevatore di velocita","Sodi Scientifica","Autovelox 106","Autovelox 106","957212","Altri comuni: Peveragno, Chiusa di Pesio, Valdieri, Roaschia","11/11/2025 14:06:50","11/11/2025 14:06:50"
"CMCNP244","comune di bagnolo piemonte","a571","128","23/03/2023","misura della velocità istantanea di veicoli","EngiNE","Enves","EVO MVDm 1507","CMP38401581","","18/11/2025 12:17:44","18/11/2025 12:17:44"
"CMCNP245","Polizia Locale Comune di Centallo","C466","3758","06/08/2014","Rilevatore di velocità in modlità istantanea","SODI SCIENTIFICA","Autovelox 106","Non presente","954616","","21/11/2025 08:31:14","16/10/2025 08:46:15"
"CMCNP245","Polizia Locale Comune di Centallo","C466","4164","03/08/2011","Rilevatore di velocità in modlità istantanea","SODI SCIENTIFICA","Autostop HD","Non presente","956943","","21/11/2025 08:31:14","16/10/2025 08:46:15"
"CMCNP245","Polizia Locale Comune di Centallo","C466","4164","03/08/2011","Rilevatore di velocità in modlità istantanea","SODI SCIENTIFICA","Autostop HD","Non presente","956941","","21/11/2025 08:31:14","16/10/2025 08:46:15"
"CMCNP246","Polizia Locale Comune di Lagnasco","CMCNP24601","342","02/10/2025","Dispositivo rilevamento velocità istantanea fisso","Safety21 S.p.A.","VRS-EVO-R","VRS-EVO-T12-5-R","759","Dec.App.n.4708_01/08/2016; Dec.est.n.129_07/04/2021; Dec.sub.tit.n.227_04/07/2025; S.S. 662 di Savigliano km 23+525 dir. Saluzzo e dir. Savigliano","20/11/2025 15:11:31","20/11/2025 15:11:31"
"CMCNP249","Polizia Locale Beinette","A735","20923","02-03-2007","Autovelox Mobile","Eltraff","Velomatic","512D","5086 Rilevatore e 5105 Unita' di comando","","29/11/2025 11:16:38","29/11/2025 11:16:38"
"CMCNP253","Comune di Tarantasca","L048","3248","13/06/2011","mobile","Eltraff","Teletaser","Trucam HD","TC008264","Estensione di Approvazione 0000242 del 05/07/2018","04/12/2025 13:27:18","04/12/2025 13:27:18"
"CMCNP254","Comune di Borgo San Dalmazzo","B033","288","17/01/2018","Speedvelox","EngiNe srl","EnVES EVO MVDm 1507","con telecamera AXIS P1365MKII","CMP3936242","","07/10/2025 07:13:10","07/10/2025 07:13:10"
"CMCNP254","Comune di Borgo San Dalmazzo","B033","288","17/01/2018","Speedvelox","EngiNe srl","EnVES EVO MVDm 1507","con telecamera AXIS P1365MKII","CMP3936242","","03/10/2025 13:24:24","03/10/2025 13:24:24"
"CMCNP256","polizia locale cervasca","C547","550","23;12;2021","sistema rilevazione infrazioni limiti velocita","engine spa","EnVES EVO MVD1605","0","0x0002E166","","30/03/2026 11:00:57","30/03/2026 11:00:57"
"CMCNP259","POLIZIA MUNICIPALE DI CARAGLIO","B719","20923","02/03/2007","FISSO/MOBILE","ELTRAFF","VELOMATIC","512D","6316","Estensione di approvazione 5913 del 17/12/2014","23/10/2025 09:16:27","23/10/2025 09:16:27"
"CMCNP260","Polizia Municipale di Castelletto Stura","C165","20923","02/03/2007","Autovelox Mobile","Eltraff","Velocimatic","512","1950 Rilevatore e 1968 Unita' di comando","","03/12/2025 10:41:29","03/12/2025 10:41:29"
"CMCNP260","Polizia Municipale di Castelletto Stura","C165","20923","02/03/2007","Autovelox Mobile","Eltraff","Velocimatic","512","1950 Rilevatore e 1968 Unita' di comando","","03/12/2025 10:41:29","03/12/2025 10:41:29"
"CMCNP262","CORPO INTERCOMUNALE DI POLIZIA LOCALE DEL CARRUCESE","B841","20923","02/03/2007","FISSO/MOBILE","ELTRAFF","VELOMATIC","512D","5169+5186","","28/10/2025 10:40:59","28/10/2025 10:39:42"
"CMCNP262","CORPO INTERCOMUNALE DI POLIZIA LOCALE DEL CARRUCESE","B841","4199","08/09/1997","MOBILE","ELTRAFF","TELELASER","LTI 20-20","O13317","","28/10/2025 10:40:59","28/10/2025 10:39:42"
"CMCNP270","COMANDO PL  UNIONE DEL FOSSANESE","A779","3758","06/08/2014","Dispositivo rilevamento velocità istantanea","Sodi Scientifica","Autovelox 106","non presente","Rilevatore 955886","","20/11/2025 13:06:49","20/11/2025 13:06:49"
"CMCNP270","COMANDO PL  UNIONE DEL FOSSANESE","A779","48","01/03/2021","Dispositivo rilevamento velocità istantanea","Safety21 S.p.A.","AGUIA Red & Speed","AGUIA-T5-5-R","Matricola 16322","Dec.sub.tit.n.227","20/11/2025 13:06:49","20/11/2025 13:06:49"
"CMCNP275","Comune di Moiola","F279","288","17/01/2018","Speedvelox","EngiNe srl","EnVES EVO MVDm 1507","con telecamera AXIS P1365MKII","CMP3936242","","09/10/2025 09:59:31","09/10/2025 09:59:31"
"CMCNP297","Polizia Locale Comune di Fossano","D742","3248","13/06/2011","MOBILE","ELTRAFF","TELELASER","TRUCAM","TC005069","","26/11/2025 14:23:11","26/11/2025 14:23:11"
"CMCNP297","Polizia Locale Comune di Fossano","D742","48","01/03/2021","Dispositivo rilevamento velocità istantanea fisso","Safety21 S.p.A.","AGUIA Red & Speed","AGUIA-T5-5-R","16432","Dec.sub.tit.n.227_04/07/2025","26/11/2025 14:23:11","26/11/2025 14:23:11"
"CMCNP307","UNIONE MONTANA DEI COMUNI DEL MONVISO","G228","4164","03/08/2011","RILEVATORE DI VELOCITA' IN MODALITA' ISTANTANEA","SODI SCIENTIFICA","AUTOSTOP HD","NON APPLICABILE","956946 (SPIRE) - 955110 (CPU)","Successivi decreti: 5187-21/10/2011 4245-24/07/2012 7360-28/12/2012 4612-29/07/2013 166-16/01/2017(bidirezionalità) 9009-17/12/2019 155-17/04/2023","02/12/2025 08:41:56","02/12/2025 08:41:56"
"CMCNP312","POLIZIA MUNICIPALE VEZZA D'ALBA","L817","2961","27.11.1989","MISURATORE DI VELOCITA'","ELTRAFF","VELOMATIC 512","D con fotocamera  FT 1D","2915-4290","secondo decreto 103683 del 30/12/2010","13/10/2025 14:17:36","13/10/2025 14:17:36"
"CMCNP316","Polizia Municipale Bernezzo","A805","20923","02-03-2007","Autovelox Mobile","Eltraff","Velomatic","512","1950 Rilevatore e 1968 Unita' di comando","","28/11/2025 14:25:02","28/11/2025 14:25:02"
"CMCNP316","Polizia Municipale Bernezzo","A805","20923","02-03-2007","Autovelox Mobile","Eltraff","Velomatic","512","1549 Rilevatore e 1534 Unita' di comando","","28/11/2025 14:25:02","28/11/2025 14:25:02"
"CMCNP317","Comune di Trinità","L427","20923","02/03/2007","FISSO/MOBILE","ELTRAFF","VELOMATIC","512D","0619-1335-1342","Estensione di approvazione 5913 del 17/12/2014","25/11/2025 15:44:03","25/11/2025 15:44:03"
"CMCOP000","POLIZIA LOCALE COMUNE DI COMO","C933","3248","13/06/2011","Mobile","Eltraff","Telelaser","TrucamHD","TC008525","Estensione di approvazione 242 del 5 luglio 2018","11/02/2026 14:53:54","08/10/2025 15:10:03"
"CMCOP002","POLIZIA LOCALE GALBIATE;COLLE BRIANZA","D867","1824","20/03/2000","MOBILE","ELTRAFF","TELELASER","ULTRALYTE","UL016409","GALBIATE;COLLE BRIANZA","03/11/2025 14:21:55","03/11/2025 14:21:55"
"CMCOP006","Polizia;Locale;comune;di;olgiate;comasco","G025","3248","13/06/2011","Telelaser","EltraffSrl","Telelaser;Tru-Cam","Telelaser;Tru-Cam","TC005253","","28/11/2025 09:44:30","28/11/2025 09:44:30"
"CMCOP010","Comune di Erba - Ente Capofila","D416","1824","20/03/2000","MISURATORE DI VELOCITA'","ELTRAFF","TELELASER ULTRALYTE","UNICA","UL0116764",".","12/11/2025 17:21:08","12/11/2025 17:21:08"
"CMCOP010","Comune di Erba - Ente Capofila","D416","3248","13/06/2011","MISURATORE DI VELOCITA'","ELTRAFF","TELELASER TRUCAM","UNICA","TC007299",".","12/11/2025 17:21:08","12/11/2025 17:21:08"
"CMCOP015","POLIZIA PROVINCIALE DI LECCO","E507","1824","20/03/2000","MOBILE","ELTRAFF","TELELASER","ULTRALYTE","UL007787/1891","","27/10/2025 14:38:04","27/10/2025 14:38:04"
"CMCOP017","polizia locale intercomunale cantù cucciago capiago Intimiano","b639","324","13/06/2011","MOBILE","eltraff","Telelaser","TruCam HD","tc008245","ESTENSIONE DI APPROVAZIONE 0000242 DEL 05/07/2018","26/11/2025 13:57:34","26/11/2025 13:40:29"
"CMCOP019","POLIZIA LOCALE MERATE","F133","3248","13/06/2011","MOBILE","ELTRAFF","TELELASER","TRUCAM HD","TC007666","","06/10/2025 09:33:30","06/10/2025 09:33:30"
"CMCOP019","POLIZIA LOCALE MERATE","F133","1824","20/03/2000","MOBILE","ELTRAFF","TELELASER","ULTRALYTE","UL004090","","06/10/2025 09:33:30","06/10/2025 09:33:30"
"CMCOP023","COMANDO DI POLIZIA LOCALE INTERCOMUNALE COGGIONO-ANNONE DI BRIANZA","G009","3248","13/06/2011","TELELASER","TELELASER Tru-Cam","TruCam","4244","TC005070","","23/10/2025 15:11:24","23/10/2025 15:11:24"
"CMCOP036","POLIZIA LOCALE TERRE DI FORNTIERA - SERVIZIO ASSOCIATO","M435","n.n.","n.n.","TELELASER","LASER TECNOLOGY","TRUCAM","TRU-CAM","TC005826","","04/12/2025 08:26:51","04/12/2025 08:26:51"
"CMCOP202","CMCO0064","B641","2133","26/06/2023","MOBILE","ELTRAFF","TELELASER","TRUCAM","TC002057","","15/10/2025 14:58:08","15/10/2025 14:58:08"
"CMCOP209","COMUNE DI LIPOMO","E607","3248","13/06/2011","MOBILE","ELTRAFF","TELELASER","TRUCAM","TC001920","","06/10/2025 08:02:13","06/10/2025 08:02:13"
"CMCOP219","COMUNE DI ALZATE BRIANZA - POLIZIA MUN.LE","A249","Min. II.TT n. 554","08/05/2003","TELELASER","ELTRAFF SRL","ULTRALYTE completo di MICRO DIGI-CAM","ULTRALYTE completo di MICRO DIGI-CAM","UL016431","","24/10/2025 17:22:33","24/10/2025 17:11:07"
"CMCOP221","COMUNE DI BULGAROGRASSO","B262","1824","20/03/2000","TELELASER","LASER TECHNOLOGY INCORPORATED","TELELASER ULTRALYTE","TELELASERULTRALYTE","UL012699","","28/11/2025 17:11:47","28/11/2025 17:11:47"
"CMCOP231","Comune di Inverigo","E309","3248","13/06/2011","Mobile","Eltraff","Telelaser","Trucam","TC005072","","28/11/2025 14:07:02","28/11/2025 14:07:02"
"CMCOP232","COMUNE DI CADORAGO","B346","1824","20/03/2000","TELELASER","LASER TECHNOLOGY INCORPORATED","TELELASER ULTRALYTE","TELELASERULTRALYTE","UL024338","","27/11/2025 16:48:08","27/11/2025 16:48:08"
"CMCOP238","Polizia Locale Comune di San Fermo della Battaglia","H840","288","17/01/2018","Apparato di rilevamento velocita'","Engine S.p.a.","EnVES EVO MVDm 1507","'-","CMP3325146","Autovelox mobile","28/11/2025 12:27:23","28/11/2025 12:27:23"
"CMCOP244","COMUNE DI LOMAZZO","E659","20923","02/03/2007","FISSO/MOBILE","ELTRAFF","VELOMATIC","512D","523B","","13/10/2025 10:55:04","13/10/2025 10:55:04"
"CMCOP244","COMUNE DI LOMAZZO","E659","3248","13/06/2011","MOBILE","ELTRAFF","TELELASER","TRUCAM","TC004739","","13/10/2025 11:36:53","13/10/2025 11:36:53"
"CMCOP244","COMUNE DI LOMAZZO","E659","20923","02/03/2007","FISSO/MOBILE","ELTRAFF","VELOMATIC","512D","523B","","13/10/2025 11:36:53","13/10/2025 11:36:53"
"CMCOP247","COMUNE DI GUANZATE","E235","3758","06/08/2014","Autovelox","Sodi Scientifica","Autovelox 106","Autovelox 106","948999 (rilevatore)","'+ 948195 (elaboratore/analizzatore)","28/11/2025 17:14:03","27/11/2025 15:59:33"
"CMCOP251","POLIZIA LOCALE COMUNE DI BELLAGIO","M335","4668","28/07/2016","MOBILE","EnVES","EnVES MVDm","1507","elaboratore matricola AH0235H","SENSORE LASER MATRICOLA CMP3402247","15/12/2025 11:57:41","15/12/2025 11:57:41"
"CMCRP000","POLIZIA LOCALE DEL COMUNE DI CREMONA","D150","380","26/07/2024","AUTOVELOX","SODI SCIENTIFICA  S.R.L.","106","106","958929","ACQUISTATO","27/11/2025 16:22:21","27/11/2025 16:22:21"
"CMCRP000","POLIZIA LOCALE DEL COMUNE DI CREMONA","D150","3248","13/06/2011","TELE LASER TRU-CAM","ELTRAFF S.R.L.","TELELASER TRUCAM","TELELASER TRUCAM","TC001277","ACQUISTATO","27/11/2025 16:22:21","27/11/2025 16:22:21"
"CMCRP001","CREMA POLIZIA MUNICIPALE","D142","2980","25/06/2014","Dispositivo automatico velocità istantanea","Maggioli s.p.a.","GTC-GS11","GTC-GS11/IR","1626","Decreto dirigenziale n 2131 del 15/04/2011 e successiva estensione n 2980 del 25/06/2014","17/10/2025 16:52:00","17/10/2025 16:52:00"
"CMCRP001","CREMA POLIZIA MUNICIPALE","D142","2980","25/06/2014","Dispositivo automatico velocità istantanea","Maggioli s.p.a.","GTC-GS11","GTC-GS11/IR","1624","Decreto dirigenziale n 2131 del 15/04/2011 e successiva estensione n 2980 del 25/06/2014","17/10/2025 16:52:00","17/10/2025 16:52:00"
"CMCRP002","Polizia Locale comune di Casalmaggiore;","201;","1824;","20/03/2000;","MOBILE;","Eltraff;","TELELASER;","ULTRALYTE;","NON APPLICABILE;","UL007770","22/11/2025 07:26:38","06/11/2025 19:13:18"
"CMCRP002","Polizia Locale comune di Casalmaggiore;","201;","342;","02/10/2025;","Dispositivo rilevamento velocità istantanea fisso","Safety21 S.p.A.","VRS-EVO-R","VRS-EVO-T12-5-R","562","Dec.App.n.4708_01/08/2016;Dec.estn.129_07/04/2021;Dec.sub.tit.n.227_04/07/2025 S.S. 343 Asolana 30+677 Casalmaggiore","22/11/2025 07:26:38","22/11/2025 07:26:38"
"CMCRP005","COMUNE DI PIADENA DRIZZONA","M418","356","18.08.2021","Dispositivo automatico velocita istantanea","MAGGIOLI s.p.a.","Autosc@n Speed","NON PRESENTE","2022.0065","","27/11/2025 10:16:21","27/11/2025 10:16:21"
"CMCRP005","COMUNE DI PIADENA DRIZZONA","M418","356","18.08.2021","Dispositivo automatico velocita istantanea","MAGGIOLI s.p.a.","Autosc@n Speed","NON PRESENTE","2022.0029","","27/11/2025 10:16:21","27/11/2025 10:16:21"
"CMCRP005","COMUNE DI PESSINA CREMONESE","G504","356","18.08.2021","Dispositivo automatico velocita istantanea","MAGGIOLI s.p.a.","Autosc@n Speed","NON PRESENTE","2024.0098","","27/11/2025 10:16:21","27/11/2025 10:16:21"
"CMCRP005","COMUNE DI TORRE DE PICENARDI","L258","356","18.08.2021","Dispositivo automatico velocita istantanea","MAGGIOLI s.p.a.","Autosc@n Speed","NON PRESENTE","2022.0051","","27/11/2025 10:16:21","27/11/2025 10:16:21"
"CMCRP005","COMUNE DI PIADENA DRIZZONA","M418","3248","13.06.2011","Dispositivo mobile velocita istantanea","ELTRAFF SRL","TELELASER TruCam","NON PRESENTE","TC003508","","27/11/2025 10:16:21","03/10/2025 08:56:08"
"CMCRP005","COMUNE DI SAN GIOVANNI IN CROCE","H918","5913","17.12.2014","Dispositivo mobile velocita istantanea","ELTRAFF SRL","Velomatic 512D","NON PRESENTE","6896-6697","","27/11/2025 10:16:21","27/11/2025 10:16:21"
"CMCRP200","POLIZIA LOCALE MONTODINE (CR)","F681","2483","10/11/1993","RILEVATORE VELOCITA' MOBILE","SODI SCIENTIFICA","AUTOVELOX","104/C2","917084 - 916988","","01/12/2025 18:43:36","01/12/2025 18:43:36"
"CMCRP203","COMUNE DI MADIGNANO (CR)","E793","20923","02/03/2007","FISSO/MOBILE","ELTRAFF","VELOMATIC","512","592-1274-1277","","28/11/2025 11:07:08","28/11/2025 11:07:08"
"CMCRP204","Polizia Locale comune di Castelleone","C153","288","17/01/18","autovelox mobile","Engine","EnVes EVO MVDm 1507","EnVes EVO MVDm 1507","CMP3003125","","17/10/2025 09:24:53","17/10/2025 09:24:53"
"CMCRP215","COMUNE DI SOSPIRO - POLIZIA LOCALE","I865","356","18/08/2021","dispositivo automatico velocità istantanea","Maggioli s.p.a.","Autosc@n Speed","non presente","2024.0089","","21/10/2025 10:04:47","21/10/2025 10:04:47"
"CMCRP219","UC di Casalbuttano ed Uniti (Cr)","B869","183","01/06/2020","Fisso","Engine","Autovelox","EnVes Evo Mvd 1605","0x00032AF6-0x00032AF2","dispositivo bidirezionale","08/10/2025 08:47:35","08/10/2025 08:47:35"
"CMCRP219","UC di Casalbuttano ed Uniti (Cr)","B869","3248","13/06/2011","Mobile","Eltraff","Telelaser","Truecam HD","TC013150","","08/10/2025 08:47:35","08/10/2025 08:47:35"
"CMCRP221","Comune di Palazzo Pignano","G260","342","02/10/2025","Dispositivo rilevamento velocità istantanea fisso","Safety21 S.p.A.","VRS-EVO-R","VRS-EVO-T12-5-R","441","Dec.App.n.4708_01/08/2016 Dec.est.n.129_07/04/2021 Dec.sub.tit.n.227_04/07/2025 SP 35 1+260 TRESCORE CREMASCO_PANDINO","17/11/2025 12:50:00","17/11/2025 12:50:00"
"CMCRP229","Polizia Locale Comune di Spino d'Adda","I914","2483","10/11/1993","Rilevatore di velocità in modalità istantanea","Sodi Scientifica","Autovelox","104/C-2","1408","","27/11/2025 15:43:40","27/11/2025 15:43:40"
"CMCRP229","Polizia Locale Comune di Spino d'Adda","I914","1824","20/03/2000","mobile","Eltraff","Telelaser","Ultralyte","UL001195","","27/11/2025 15:43:40","27/11/2025 15:43:40"
"CMCRP230","POLIZIA LOCALE RIVOLTA D'ADDA","H357","288","17/01/2018","AUTOVELOX","ENVES","EVO","MVDM 1507","CMP3953242","","22/10/2025 16:42:33","22/10/2025 16:42:33"
"CMCRP239","POLIZIA LOCALE COMUNE DI CASTELDIDONE","C089","2483","10/11/1993","AUTOVELOX  104/C-2","SODI SCIENTIFICA","104/C-2","104/C-2","906999","900691","22/10/2025 10:55:59","22/10/2025 10:55:59"
"CMCRP243","PL di Spinadesco","I906","2961","27/11/1989","MOBILE-rilevatore di velocità in mod. istantanea","Eltraff","Velomatic 512D","non presente","7209-7255","NOLEGGIO","10/12/2025 12:38:12","10/12/2025 12:38:12"
"CMCRP244","UNIONE DEI COMUNI LOMBARDA DEI FONTANILI","H508 (Comune Romanengo-sede Unone dei Fontanili)","Prot. n. 1824","20-mar-00","Telelaser","Eltraff","Ultralyte","Ultralyte","UL023369","nessuna","09/10/2025 08:26:36","09/10/2025 08:26:36"
"CMCRP245","ND","ND","20923","02/03/2007","FISSO/MOBILE","ELTRAFF","VELOMATIC","512","ND","","28/10/2025 10:58:19","28/10/2025 10:58:19"
"CMCRP245","ND","ND","4199","08/09/1997","MOBILE","ELTRAFF","TELELASER","LTI 20-20","Estensione di approvazione 4353 del 15/09/1997.","","28/10/2025 10:58:19","28/10/2025 10:58:19"
"CMCRP254","PL Stagno Lombardo","I935","2961","27/11/1989","MOBILE","Eltraff","Velomatic","512D","7209-7255","NOLEGGIO","05/12/2025 12:15:21","05/12/2025 12:15:21"
"CMCRP262","COMUNE DI SESTO ED UNITI","I683","DECRETO DIRIGENZIALE N.356","18/08/2021","DISPOSITIVO AUTOMATICO VELOCITA' ISTANTANEA","MAGGIOLI S.P.A.","AUTOSC@N SPEED","DATO NON PRESENTE","2022.0055","","02/12/2025 08:45:21","02/12/2025 08:45:21"
"CMCRP262","COMUNE DI SESTO ED UNITI","I683","DECRETO DIRIGENZIALE N.356","18/08/2021","DISPOSITIVO AUTOMATICO VELOCITA' ISTANTANEA","MAGGIOLI S.P.A.","AUTOSC@N SPEED","DATO NON PRESENTE","2022.0056","","02/12/2025 08:45:21","02/12/2025 08:45:21"
"CMCRP264","UNIONE LOMBARDA TERRA DI CASCINE","B129","1824","20/03/2000","Telelaser","Eltraff","Ultralyte","Ultralyte","UL003348","","24/10/2025 12:01:14","24/10/2025 12:01:14"
"CMCSP001","POLIZIA LOCALE COMUNE DI PRAIA A MARE;","G975;","354;","05/02/2023;","Rilevatore di velocità in modalità istantanea;","Sodi Scientifica;","Autovelox 105 SE;","105 SE;","905015 (rilevatore) + 906930 (elab/analizz);","","21/10/2025 14:25:54","21/10/2025 14:25:54"
"CMCSP001","POLIZIA LOCALE COMUNE DI PRAIA A MARE;","G975;","3248;","13/06/2021;","Mobile;","Eltraff;","Telelaser;","Trucam;","TC001740;","","21/10/2025 14:25:54","21/10/2025 14:25:54"
"CMCSP010","COMANDO POLIZIA LOCALE CASSANO ALL'IONIO","C002","R.0000236","05/06/2023","AUTOVELOX FISSO","KRIA","T-EXSPEED","089089051321AA0","4410180","S.S. 534 al KM 17+450 Dir.S.S. 106 Radd","29/10/2025 09:25:38","29/10/2025 09:25:38"
"CMCSP010","COMANDO POLIZIA LOCALE CASSANO ALL'IONIO","C002","R.0000236","05/06/2023","AUTOVELOX FISSO","KRIA","T-EXSPEED","089089051321AA0","4410181","S.S. 534 al KM 18+300 Dir. A3","29/10/2025 09:25:38","29/10/2025 09:25:38"
"CMCSP020","POLIZIA LOCALE DEL COMUNE DI CARIATI","B774","552","23/12/2021","VELOCITA' MEDIA","ENGINE SPA","CELERITAS EVO 1506","NON APPLICABILE","NON APPLICABILE","MATRICOLA NON DISPONIBILE - IN ATTESA DI DEFINIZIONE PROCEDURA GARA - DISPOSITIVO A NOLEGGIO","25/11/2025 14:55:31","25/11/2025 14:55:31"
"CMCSP201","POLIZIA LOCALE ROCCA IMPERIALE - CS","H416","236","05/06/2023","AUTOVELOX - POSTAZIONE FISSA ISTANTANEA","KRIA","T-EXSPEED","CODICE 089089051321AA0","4410232","SS 106 KM 411+424 DIREZIONE NORD - AUT ANAS N. CCZ-007354-P DEL 26/02/2013","10/10/2025 10:45:15","10/10/2025 10:45:15"
"CMCSP201","POLIZIA LOCALE ROCCA IMPERIALE - CS","H416","236","05/06/2023","AUTOVELOX - POSTAZIONE FISSA ISTANTANEA","KRIA","T-EXSPEED","CODICE 089089051321AA0","4410233","SS 106 KM 412+338 DIREZIONE SUD - AUT ANAS N. CCZ-007354-P DEL 26/02/2013","10/10/2025 10:45:15","10/10/2025 10:45:15"
"CMCSP203","Comando Polizia Municipale Belvedere Marittimo (CS)","A773","5298-4910-5072-7175","27/10/2011-16/10/2014-27/10/2014-29/12/2016","RILEVAZIONE VELOCITA' MEDIA","KRIA","T-EXSPEED V.2.0","2.0","2180(AU)-501(EU)","S.S. 18 KM 284+750","01/04/2026 16:22:20","01/04/2026 16:22:20"
"CMCSP203","Comando Polizia Municipale Belvedere Marittimo (CS)","A773","5298-4910-5072-7175","27/10/2011-16/10/2014-27/12/2014-29/12/2016","RILEVAZIONE VELOCITA' MEDIA","KRIA","T-EXSPEED V.2.0","2.0","2150(AU)-500(EU)","S.S. 18 KM 283+700","01/04/2026 16:22:20","01/04/2026 16:22:20"
"CMCSP204","CMCSP20401","F519","Prot. n° 7175","29/12/2016","Velocità Media","Kria s.r.l.","T-EXSPEED","V.2.0","2179","S.S. 106 VAR KM 3 + 240 dir. TA","07/11/2025 08:34:30","07/11/2025 08:34:30"
"CMCSP204","CMCSP20401","F519","Prot. n° 7175","29/12/2016","Velocità Media","Kria s.r.l.","T-EXSPEED","V.2.0","2182","S.S. 106 VAR KM 0 + 659 dir. TA","07/11/2025 08:34:30","07/11/2025 08:34:30"
"CMCSP204","CMCSP20401","F519","Prot. n° 7175","29/12/2016","Velocità Media","Kria s.r.l.","T-EXSPEED","V.2.0","2186","S.S. 106 VAR KM 3 + 164 dir. RC","07/11/2025 08:34:30","07/11/2025 08:34:30"
"CMCSP204","CMCSP20401","F519","Prot. n° 7175","29/12/2016","Velocità Media","Kria s.r.l.","T-EXSPEED","V.2.0","2181","S.S. 106 VAR KM 0 + 550 dir. RC","07/11/2025 08:34:30","07/11/2025 08:34:30"
"CMCSP209","POLIZIA MUNICIPALE SAN FILI","H841","5298-4910-5072-7175","27/10/2011-16/10/2014-27/10/2014-29/12/2016","AUTOVELOX-FISSO ISTANTANEA","KRIA","T-EXSPEED","V.2.0","2108","SS 107 KM 13+088 dir Cosenza","28/11/2025 16:55:42","28/11/2025 16:55:42"
"CMCSP211","POLIZIA MUNICIPALE ROSETO CAPO SPULICO","H572","5298-4910-5072-7175","27/10/2011-16/10/2014-27/10/2014-29/12/2016","AUTOVELOX-VELOCITA' MEDIA","KRIA","T-EXSPEED","V.2.0","2194","S.S. 106 Jonica Km 400 + 800 direzione Taranto","17/11/2025 17:25:01","17/11/2025 17:25:01"
"CMCSP211","POLIZIA MUNICIPALE ROSETO CAPO SPULICO","H572","5298-4910-5072-7175","27/10/2011-16/10/2014-27/10/2014-29/12/2016","AUTOVELOX-VELOCITA' MEDIA","KRIA","T-EXSPEED","V.2.0","2195","S.S. 106 Jonica Km 402 + 520 direzione Taranto","17/11/2025 17:25:01","17/11/2025 17:25:01"
"CMCSP211","POLIZIA MUNICIPALE ROSETO CAPO SPULICO","H572","5298-4910-5072-7175","27/10/2011-16/10/2014-27/10/2014-29/12/2016","AUTOVELOX-VELOCITA' MEDIA","KRIA","T-EXSPEED","V.2.0","2105","S.S. 106 Jonica Km 402 + 534 direzione Reggio Calabria","17/11/2025 17:25:01","17/11/2025 17:25:01"
"CMCSP211","POLIZIA MUNICIPALE ROSETO CAPO SPULICO","H572","5298-4910-5072-7175","27/10/2011-16/10/2014-27/10/2014-29/12/2016","AUTOVELOX-VELOCITA' MEDIA","KRIA","T-EXSPEED","V.2.0","2104","S.S. 106 Jonica Km 400 + 800 direzione Reggio Calabria","17/11/2025 17:25:01","17/11/2025 17:25:01"
"CMCSP212","POLIZIA LOCALE COMUNE DI TARSIA","L055","552","23/12/2021","SEDE FISSA- VELOCITA' MEDIA","ENGINE SPA","CELERITAS EVO 1506","CELERITAS EVO 1506","NON APPLICABILE","MATR: AN1675H VARCO INGRESSO - MATR: AN1676H VARCO USCITA - S.S. 283 direzione San Marco fino al km 39+110 - NOLEGGIO","13/11/2025 11:07:50","13/11/2025 11:07:50"
"CMCSP212","POLIZIA LOCALE COMUNE DI TARSIA","L055","552","23/12/2021","SEDE FISSA- VELOCITA' MEDIA","ENGINE SPA","CELERITAS EVO 1506","CELERITAS EVO 1506","NON APPLICABILE","MATR: AN1676H VARCO INGRESSO - MATR: AN1675H VARCO USCITA - S.S. 283 direzione Spezzano Albanese fino al km 41+560 - NOLEGGIO","13/11/2025 11:07:50","13/11/2025 11:07:50"
"CMCSP220","POLIZIA LOCALE DEL COMUNE DI CROSIA","D184","2850","17/06/14","POST. FISSA CONTROLLO ELETTRONICO VELOCITA' MEDIA","ENGINE S.P.A.","CELERITAS EVO 1308L","CELERITAS EVO 1308L","NON APPLICABILE","SS106 - Agro di Crosia dir. Taranto dal km 319+210 al km 320+340 - Matr. iniziale AE0116E - Matr. Finale AE0162E-SIST.A NOLEGGIO FINO AL 15/04/2026","23/04/2026 14:53:46","03/11/2025 11:48:41"
"CMCSP220","POLIZIA LOCALE DEL COMUNE DI CROSIA","D184","2850","17/06/14","POST. FISSA CONTROLLO ELETTRONICO VELOCITA' MEDIA","ENGINE S.P.A.","CELERITAS EVO 1308L","CELERITAS EVO 1308L","NON APPLICABILE","SS106-Agro di Crosia dir. Reggio Calabria dal km 320+294 al km 319+170 -Matr.iniziale AE0162E-Matr.Finale AE0116E- SIST.A NOLEGGIO FINO AL 15/04/2026","23/04/2026 14:53:46","03/11/2025 11:48:41"
"CMCSP220","POLIZIA LOCALE DEL COMUNE DI CROSIA","D184","552","23/12/21","POST. FISSA CONTROLLO ELETTRONICO VELOCITA' MEDIA","ENGINE S.P.A.","CELERITAS EVO 1506","CELERITAS EVO 1506","NON APPLICABILE","SS106 - Agro di Crosia dir. Taranto dal km 319+210 al km 320+340-Matr.iiniziale AL0903H - Matr.Finale AP1747H-SIST.A NOLEGGIO DAL 26/04/2026","23/04/2026 14:53:46","03/11/2025 11:48:41"
"CMCSP220","POLIZIA LOCALE DEL COMUNE DI CROSIA","D184","552","23/12/21","POST. FISSA CONTROLLO ELETTRONICO VELOCITA' MEDIA","ENGINE S.P.A.","CELERITAS EVO 1506","CELERITAS EVO 1506","NON APPLICABILE","SS106 - Agro di Crosia dir. Reggio Calabria dal km 320+294 al km 319+170 -Matr.iniziale AP1747H - Matr. Finale AL0903H-SIST.A NOLEGGIO DAL 26/04/2026","23/04/2026 14:53:46","03/11/2025 11:48:41"
"CMCSP228","POLIZIA LOCALE COMUNE DI SPEZZANO ALBANESE","I895","550","23/12/2021","SEDE FISSA - VELOCITA' ISTANTANEA","ENGINE SPA","EnVES EVO MVD 1605","EnVES EVO MVD 1605","0x0002957C","S.S. 283 Comune di Spezzano Albanese dir. San Marco Argentano Km 46+965 - dispositivo noleggiato","14/11/2025 17:41:01","14/11/2025 17:41:01"
"CMCSP228","POLIZIA LOCALE COMUNE DI SPEZZANO ALBANESE","I895","550","23/12/2021","SEDE FISSA - VELOCITA' ISTANTANEA","ENGINE SPA","EnVES EVO MVD 1605","EnVES EVO MVD 1605","0x00032bd3","S.S. 283 Comune di Spezzano dir. Cassano allo Ionio Km 47+035 - dispositivo noleggiato","14/11/2025 17:41:01","14/11/2025 17:41:01"
"CMCSP229","POLIZIA LOCALE ACQUAPPESA","A041","1323","08/03/2012","SCOUT SPEED","SINTEL ITALIA S.P.A.","SCOUT SPEED","SCOUT SPEED","4342","","19/11/2025 20:05:45","19/11/2025 20:05:45"
"CMCSP236","POLIZIA LOCALE SANTA MARIA DEL CEDRO","C717","Decreto di approvazione nr. 4671","28/07/2016","Postazione fissa - Velocità media presidiata","Engine SPA","Celeritas Evo 1506","Celeritas Evo 1506 con approvazione del 28/07/2016","AK0748H","Gli apparati funziono a in coppia in base alla tratta che si intende controllare","16/10/2025 17:18:26","16/10/2025 17:18:26"
"CMCSP236","POLIZIA LOCALE SANTA MARIA DEL CEDRO","C717","Decreto di approvazione nr. 4671","28/07/2016","Postazione fissa - Velocità media presidiata","Engine SPA","Celeritas Evo 1506","Celeritas Evo 1506 con approvazione del 28/07/2016","AK0777H","Gli apparati funziono a in coppia in base alla tratta che si intende controllare","16/10/2025 17:18:26","16/10/2025 17:18:26"
"CMCSP236","POLIZIA LOCALE SANTA MARIA DEL CEDRO","C717","Decreto di approvazione nr. 4671","28/07/2016","Postazione fissa - Velocità media presidiata","Engine SPA","Celeritas Evo 1506","Celeritas Evo 1506 con approvazione del 28/07/2016","AK0760H","Gli apparati funziono a in coppia in base alla tratta che si intende controllare","16/10/2025 17:18:26","16/10/2025 17:18:26"
"CMCSP236","POLIZIA LOCALE SANTA MARIA DEL CEDRO","C717","Decreto di approvazione nr. 401","19/08/2024","Velocità istantanea","Engine SPA","CELERITAS MSE 2021","CELERITAS MSE 2021","0x00034321","","16/10/2025 17:18:26","16/10/2025 17:18:26"
"CMCSP237","POLIZIA MUNICIPALE VILLAPIANA","B903","552","23/12/2021","Velocità media","Engine Spa","CELERITAS EVO 1506","Versione 1.2.0","AM1294H","S.S. 106 Jonica dir. Taranto dal km 377+110 fino al km 379+840 circa","03/11/2025 11:06:45","03/11/2025 11:06:45"
"CMCSP237","POLIZIA MUNICIPALE VILLAPIANA","B903","552","23/12/2021","Velocità media","Engine Spa","CELERITAS EVO 1506","Versione 1.2.0","AM1293H","S. 106 Jonica dir. Reggio Calabria dal km 379+763  fino al km 377+040 circa","03/11/2025 11:06:45","03/11/2025 11:06:45"
"CMCSP241","COMUNE DI SCALEA / POLIZIA LOCALE","I489","20923","02/03/2007","FISSO/MOBILE","ELTRAFF","VELOMATIC","512+","7422-7265","","13/11/2025 14:37:23","13/11/2025 14:37:23"
"CMCSP265","POLIZIA LOCALE DEL COMUNE DI FIGLINE VEGLIATURO","D582","550","23/12/2021","VELOCITA' ISTANTANEA","Engine spa","EnVES EVO MVD 1605","1.3.0 luglio 2021","AM1107H – 0x0003E5A4","apparecchiatura fissa utilizzata in modalità presidiata nel Comune di Figline Vegliaturo -Ex SS 19 Dir. Donnici km 287+275 –Dispositivo a Noleggio","27/11/2025 15:33:31","06/11/2025 10:46:39"
"CMCSP265","POLIZIA LOCALE DEL COMUNE DI FIGLINE VEGLIATURO","D582","550","23/12/2021","VELOCITA' ISTANTANEA","Engine spa","EnVES EVO MVD 1605","1.3.0 luglio 2021","AM1107H – 0x0003E5E1","apparecchiatura fissa utilizzata in modalità presidiata nel  Comune di Figline Vegliaturo -Ex SS 19 Dir. Rogliano km 287+335 -Dispositivo a Noleggio","27/11/2025 15:33:31","06/11/2025 10:46:39"
"CMCTP000","PM POLIZIA MUNICIPALE CATANIA","C351","80","21/02/2024","Rilevatore di velocità in modalita istantanea","SODI SCIENTIFICA S.r.l.","Autovelox 106","premium","Rilevatore = 952810 Cpu = 952295","","03/11/2025 10:59:13","03/11/2025 10:59:13"
"CMCTP000","PM POLIZIA MUNICIPALE CATANIA","C351","80","21/02/2024","Rilevatore di velocità in modalita istantanea","SODI SCIENTIFICA S.r.l.","Autovelox 106","premium","Rilevatore = 951950 Cpu = 951903","","03/11/2025 10:59:13","03/11/2025 10:59:13"
"CMCTP000","PM POLIZIA MUNICIPALE CATANIA","C351","380","26/07/2024","Rilevatore di velocità in modalita istantanea","SODI SCIENTIFICA S.r.l.","Autovelox 106","premium","Rilevatore = 959284 Cpu = 959815","","03/11/2025 10:59:13","03/11/2025 10:59:13"
"CMCTP000","PM POLIZIA MUNICIPALE CATANIA","C351","325","27/09/2019","Rilevatore di velocità in modalita istantanea","SODI SCIENTIFICA S.r.l.","Autovelox 106","premium","Rilevatore = 959283 Cpu = 959817","","03/11/2025 10:59:13","03/11/2025 10:59:13"
"CMCTP005","Polizia Locale comune di San Giovanni La Punta","H922","20923","02/03/2007","Fisso/Mobile","Eltraff","Velomatic","512D","325-644-645","nd","28/11/2025 09:12:50","17/11/2025 14:26:42"
"CMCTP006","POLIZIA LOCALE COMUNE DI PIEDIMONTE ETNEO","G597","282","13/06/2017","AUTOVELOX VELOMATIC 512D","VELOMATIC","512D","VELOMATIC 512D","00820-00850","","04/11/2025 10:09:33","04/11/2025 10:09:33"
"CMCTP008","POLIZIA LOCALE ACI CASTELLO","A026","20623","02/03/2007","MOBILE","ELTRAFF","VELOMATIC","512D","7781-7871","ESTENSIONE DI APPROVAZIONE 103683 DEL 30/12/2010","24/11/2025 12:11:11","24/11/2025 12:11:11"
"CMCTP009","SAN GREGORIO DI CATANIA (CT)","H940","3248","13/06/2011","MISURATORE DI VELOCITA","ELTRAFF","TELELASER","TRUCAMHD","TC007293","","03/11/2025 12:41:16","03/11/2025 12:41:16"
"CMCTP010","POLIZIA LOCALE BIANCAVILLA","A841","236","05/06/2023","AUTOVELOX - VELOCITA' ISTANTANEA","KRIA","T-EXSPEED","089089051321AA0","4410195","S.S.284 - Km 35+800","30/10/2025 10:30:49","30/10/2025 10:30:49"
"CMCTP017","MISTERBIANCO POLIZIA MUNICIPALE","F250","550","23/12/2021","FISSO","ENVES","EVO","MVD 1605","0x000399DA","UBICATO EX S.S. 121 VIA A. MORO KM 6+165 DIREZIONE PATERNO' - Decreto pref. CT 44080/2023","07/10/2025 15:38:52","07/10/2025 15:38:52"
"CMCTP017","MISTERBIANCO POLIZIA MUNICIPALE","F250","550","23/12/2021","FISSO","ENVES","EVO","MVD 1605","0X00039A06","UBICATO EX S.S. 121 VIA A. MORO KM 7+057 DIREZIONE CATANIA - Decreto pref. CT 44080/2023","07/10/2025 15:38:52","07/10/2025 15:38:52"
"CMCTP018","ACIREALE","A028","24406","05/03/2018","AUTOVELOX","PROJECT AUTOMATION","PASVC","PASVC","1610038488","","23/10/2025 13:46:01","23/10/2025 13:46:01"
"CMCTP018","ACIREALE","A028","24406","05/03/2018","AUTOVELOX","PROJECT AUTOMATION","PASVC","PASVC","1410005490","","23/10/2025 13:46:01","23/10/2025 13:46:01"
"CMCTP019","polizia locale comune di paternò","g371","3758","06/08/2014","rilevatore di velocità in modalità istantanea","sodi scientifica","autovelox 106","non presente","959325","ss 284 km 42 e 800 metri direzione adrano","12/11/2025 13:14:11","12/11/2025 13:14:11"
"CMCTP019","polizia locale comune di paternò","g371","3758","06/08/2014","rilevatore di velocità in modalità istantanea","sodi scientifica","autovelox 106","non presente","959321","ss 284 km 42 e 800 metri direzione catania","12/11/2025 13:14:11","12/11/2025 13:14:11"
"CMCTP209","POLIZIA LOCALE COMUNE DI RAMACCA","H168","3758","06/08/2014","RILEVATORE DI VELOCITA IN MODALITA ISTANTANEA","SODI SCIENTIFICA","AUTOVELOX 106","0","958778","0","20/10/2025 19:16:31","20/10/2025 19:16:31"
"CMCTP211","POLIZIA LOCALE MASCALI,","CTEV23,","20923","02/03/2007,","FISSO/MOBILE,","ELTRAFF,","VELOMATIC,","512D,","254-477-478,","ESTENSIONE APPROVAZIONE 5913 DEL 17/12/2014,","02/02/2026 09:55:18","02/02/2026 09:55:18"
"CMCTP213","Comune di Vizzini Polizia Locale","M100","20923","DEL 02 03 2007","FISSO; MOBILE","ELTRAFF S.R.L.","VELOMATIC","512","3739 UNITA' DI COMANDO 3713 ROE","","27/11/2025 10:00:46","27/11/2025 10:00:46"
"CMCTP214","Polizia Municipale Sant'Agata li Battiati","CMCT0027","3248","13/06/2011","Mobile","Eltraff","Telelaser","TruCam","TC005246","","19/11/2025 10:59:42","19/11/2025 10:59:42"
"CMCTP216","Polizia locale Viagrande","L828","20923","02/03/07","rilevatore di velocità in modalita istantanea","ELTRAFF","velomatic 512D","digitale","2655-2700","estensione di approvazione 5913 del 17/12/2014","28/10/2025 10:54:20","28/10/2025 10:54:20"
"CMCTP220","POLIZIA LOCALE FIUMEFREDDO DI SICILIA","D623","20923","02/03/2007","FISSO/MOBILE","ELTRAFF","VELOMATIC","512","3559/3646","","27/11/2025 15:36:53","17/11/2025 13:50:30"
"CMCTP220","POLIZIA LOCALE FIUMEFREDDO DI SICILIA","D623","20923","02/03/2007","FISSO/MOBILE","ELTRAFF","VELOMATIC","512","699/796","","27/11/2025 15:36:53","27/11/2025 15:36:53"
"CMCTP227","Polizia Municipale Tremestieri Etneo","L369","3248","13/09/2011","mobile","ELTRAFF","Telelaser","Trucam HD","TC006372","Estensione di approvazione 0000242 del 05/07/2018","02/12/2025 09:36:55","02/12/2025 09:36:55"
"CMCTP228","Comando Polizia Locale Caltagirone","B428","R.0000236","05/06/2023","RILEVAZIONE VELOCITA PUNTUALE","KRIA S.R.L.","T-EXSPEED","089089051321AA0","4410238","S.S. 417 ""al km/ca 2+140","17/03/2026 11:07:33","17/03/2026 11:06:47"
"CMCTP234","Polizia Locale Calatabiano","B384","442","24/01/18","dispositivo fisso di misura velocità istantanea","PROJECT AUTOMATION","PASVC","non presente","2110000808","","08/01/2026 19:09:33","04/11/2025 16:51:11"
"CMCTP234","Polizia Locale Calatabiano","B384","442","24/01/18","dispositivo fisso di misura velocità istantanea","PROJECT AUTOMATION","PASVC","non presente","2110000824","","08/01/2026 19:09:33","04/11/2025 16:51:11"
"CMCZP002","COMANDO POLIZIA LOCALE COMUNE SIMERI CRICHI","I745","236","05/06/2023","AUTOVELOX VELOCITA' ISTANTANEA","KRIA","T-EXSPEED","089089051321AA0","4410198","S.S. 106 KM 194+225 DIREZIONE CROTONE","30/10/2025 10:56:01","30/10/2025 10:56:01"
"CMCZP201","POLIZIA LOCALE BOTRICELLO","B085","2483","10/11/1993","RILEVATORE DI VELOCITA' IN MODALITA' ISTANTANEA","SODI SCIENTIFICA","AUTOVELOX 104/C-2","NON PRESENTE","NR.48867 E NR.48733","","24/10/2025 13:15:25","24/10/2025 13:15:25"
"CMCZP202","POLIZIA LOCALE","M208","20923","02/03/07","FISSO/MOBILE","ELTRAFF","VELOMATIC","512D","ND","ESTENSIONE APPROVAZIONE N. 103683 DEL 30/12/2010","27/11/2025 16:09:20","27/11/2025 16:09:20"
"CMCZP226","COMANDO POLIZIA LOCALE COMUNE DI MONTEPAONE","F586","n 5298 -n. 4910 -n. 5072 -n. 7175","2011-2014-2014-2016","fisso","kria","t-exspeed v2.0","2","2141-303","","20/10/2025 14:47:27","20/10/2025 14:47:27"
"CMCZP226","COMANDO POLIZIA LOCALE COMUNE DI MONTEPAONE","F586","n 5298 -n. 4910 -n. 5072 -n. 7175","2011-2014-2014-2016","fisso","kria","t-exspeed v2.0","2","2176-333","","20/10/2025 14:47:27","20/10/2025 14:47:27"
"CMENP201","Polizia Locale di Enna","C342","325","27/09/2019","Autovelox","Sodi Scientifica","106 Global","Standard","957188","non ancora in funzione","24/11/2025 09:43:02","24/11/2025 09:43:02"
"CMENP201","Polizia Locale di Enna","C342","3248","13/06/2011","TeleLaser","Eltraff srl","TruSpeed","Standard","TS010340","non ancora in funzione","24/11/2025 09:43:02","24/11/2025 09:43:02"
"CMFEP000","Corpo Polizia Locale Terre Estensi","D548","3248","13/06/2011","rilevatore mobile di velocita","ELTRAFF S.r.l.","Teleaser","Tru-Cam","TC003866","","29/10/2025 14:52:27","29/10/2025 14:46:23"
"CMFEP000","Corpo Polizia Locale Terre Estensi","D548","3248","13/06/2011","rilevatore mobile di velocita","ELTRAFF S.r.l.","TeleLaser","TruSpeed","TS007292","","29/10/2025 14:52:27","29/10/2025 14:46:23"
"CMFEP000","Corpo Polizia Locale Terre Estensi","D548","3248","13/06/2011","rilevatore mobile di velocita","ELTRAFF S.r.l.","TeleLaser","TruSpeed","TS006545","","29/10/2025 14:52:27","29/10/2025 14:46:23"
"CMFEP000","Corpo Polizia Locale Terre Estensi","D548","3248","13/06/2011","rilevatore mobile di velocita","ELTRAFF S.r.l.","Teleaser","Tru-Cam","TC004083","","29/10/2025 14:52:27","29/10/2025 14:46:23"
"CMFEP000","Corpo Polizia Locale Terre Estensi","D548","1824","20/03/2000","rilevatore mobile di velocita","ELRAFF S.r.l.","Telelaser","ULTRALYTE","UL004908","","29/10/2025 14:52:27","29/10/2025 14:46:23"
"CMFEP000","Corpo Polizia Locale Terre Estensi","D548","1824","20/03/2000","rilevatore mobile di velocita","ELRAFF S.r.l.","Telelaser","ULTRALYTE","UL024191","","29/10/2025 14:52:27","29/10/2025 14:46:23"
"CMFEP000","Corpo Polizia Locale Terre Estensi","D548","3758","06/08/2014","rilevatore mobile di velocita","SODI Scientifica SpA","autovelox 106","Non presente","Rilevatore 959315 - CPU 960434","","29/10/2025 14:52:27","29/10/2025 14:46:23"
"CMFEP000","Corpo Polizia Locale Terre Estensi","D548","549","21/12/2021","rilevatore fisso di velocita","Project Automation s.p.a.","P@SVC","K53800_SPEED","PASPEEDn22022120783","","29/10/2025 14:52:27","29/10/2025 14:46:23"
"CMFEP000","Corpo Polizia Locale Terre Estensi","D548","549","21/12/2021","rilevatore fisso di velocita","Project Automation s.p.a.","P@SVC","K53800_SPEED","PASPEEDn22022120784","","29/10/2025 14:52:27","29/10/2025 14:46:23"
"CMFEP000","Corpo Polizia Locale Terre Estensi","D548","549","21/12/2021","rilevatore fisso di velocita","Project Automation s.p.a.","P@SVC","K53800_SPEED","PASPEEDn22022120776","","29/10/2025 14:52:27","29/10/2025 14:46:23"
"CMFEP000","Corpo Polizia Locale Terre Estensi","D548","3248","13/06/2011","mobile","ELTRAFF S.r.l.","Teleaser","Tru-Cam","TC003866","","08/10/2025 11:31:22","29/10/2025 14:46:23"
"CMFEP000","Corpo Polizia Locale Terre Estensi","D548","3248","13/06/2011","mobile","ELTRAFF S.r.l.","TeleLaser","TruSpeed","TS007292","","08/10/2025 11:31:22","29/10/2025 14:46:23"
"CMFEP000","Corpo Polizia Locale Terre Estensi","D548","3248","13/06/2011","mobile","ELTRAFF S.r.l.","TeleLaser","TruSpeed","TS006545","","08/10/2025 11:31:22","29/10/2025 14:46:23"
"CMFEP000","Corpo Polizia Locale Terre Estensi","D548","3248","13/06/2011","mobile","ELTRAFF S.r.l.","Teleaser","Tru-Cam","TC004083","","08/10/2025 11:31:22","29/10/2025 14:46:23"
"CMFEP000","Corpo Polizia Locale Terre Estensi","D548","1824","20/03/2000","mobile","ELRAFF S.r.l.","Telelaser","ULTRALYTE","UL004908","","08/10/2025 11:31:22","29/10/2025 14:46:23"
"CMFEP000","Corpo Polizia Locale Terre Estensi","D548","1824","20/03/2000","mobile","ELRAFF S.r.l.","Telelaser","ULTRALYTE","UL024191","","08/10/2025 11:31:22","29/10/2025 14:46:23"
"CMFEP000","Corpo Polizia Locale Terre Estensi","D548","3758","06/08/2014","mobile","SODI Scientifica SpA","autovelox 106","premium","Rilevatore 959315 - CPU 960434","","08/10/2025 11:31:22","29/10/2025 14:46:23"
"CMFEP000","Corpo Polizia Locale Terre Estensi","D548","549","21/12/2021","fisso","Project Automation s.p.a.","P@SVC","K53800_SPEED","PASPEEDn22022120783","","08/10/2025 11:31:22","29/10/2025 14:46:23"
"CMFEP000","Corpo Polizia Locale Terre Estensi","D548","549","21/12/2021","fisso","Project Automation s.p.a.","P@SVC","K53800_SPEED","PASPEEDn22022120784","","08/10/2025 11:31:22","29/10/2025 14:46:23"
"CMFEP000","Corpo Polizia Locale Terre Estensi","D548","549","21/12/2021","fisso","Project Automation s.p.a.","P@SVC","K53800_SPEED","PASPEEDn22022120776","","08/10/2025 11:31:22","29/10/2025 14:46:23"
"CMFEP003","ARGENTA POLIZIA MUNICIPALE","A393","814 e 6099","24/02/2015 e 18/11/2015","AUTOVELOX","Velocar","VELOCAR RED&SPEED EVO","VRS-EVO-L2","167","Utilizzato in postazione fissa su SS16 km 114+672","09/01/2026 18:46:57","02/10/2025 16:20:39"
"CMFEP003","ARGENTA POLIZIA MUNICIPALE","A393","271","11/07/2023","AUTOVELOX","Velocar","VRS EVO 2","VRS-EVO-T12-5-RS4","747","utilizzato in postazione fissa su Via Giacomo Matteotti","09/01/2026 18:46:57","02/10/2025 16:20:39"
"CMFEP003","ARGENTA POLIZIA MUNICIPALE","A393","54","08/03/2021","AUTOVELOX","ELTRAFF","VELOMATIC 512D","VELOMATIC 512D","495/580/635/5524","utilizzato in postazione mobile","09/01/2026 18:46:57","02/10/2025 16:20:39"
"CMFEP003","ARGENTA POLIZIA MUNICIPALE","A393","3248","13/06/2011","TELELASER","ELTRAFF","TELELASER TRU-CAM","TELELASER TRU-CAM","TC004100","utilizzato in postazione mobile","09/01/2026 18:46:57","02/10/2025 16:20:39"
"CMFEP003","ARGENTA POLIZIA MUNICIPALE","A393","242","05/07/2018","TELELASER","ELTRAFF","Telelaser TruCam HD","Telelaser TruCam HD","TC011172","utilizzato in postazione mobile","09/01/2026 18:46:57","02/10/2025 16:20:39"
"CMFEP006","Polizia Locale dell’Unione dei Comuni delle Terre del Delta","F156","Prot. 1565 e Prot. 442","02/04/2014 e 24/01/2018","PASVC","PROJECT AUTOMATION","PASVC","Unica","1810000241","Dispositivo ubicato al Km. 53+947 sulla SS. 309 Romea","01/12/2025 09:43:56","20/11/2025 09:27:12"
"CMFEP006","Polizia Locale dell’Unione dei Comuni delle Terre del Delta","C814","Prot. 1565 e Prot. 442","02/04/2014 e 24/01/2018","PASVC","PROJECT AUTOMATION","PASVC","Unica","1610035173","Dispositivo ubicato al Km. 44+550 sulla SS. 309 Romea","01/12/2025 09:43:56","20/11/2025 09:27:12"
"CMFEP006","Polizia Locale dell’Unione dei Comuni delle Terre del Delta","C814","3248","13/06/2011","MOBILE","ELTRAFF","TELELASER","TRU-CAM","TC004066","Dispositivo utilizzato sul territorio dell’Unione","01/12/2025 09:43:56","01/12/2025 09:43:56"
"CMFEP008","POLIZIA LOCALE DI COMACCHIO","C912","342","02/10/2025","Dispositivo rilevamento velocità istantanea fisso","Safety21 S.p.A.","Velocar Red&Speed EVO-R","ND","274","BIDIREZIONALE Dec.App.n.4708_01/08/2016 Dec.sub.tit.n.227_04/07/2025 SS 309 ""ROMEA"" 20+250 VENEZIA_RAVENNA","18/11/2025 10:20:44","23/10/2025 18:57:35"
"CMFEP008","POLIZIA LOCALE DI COMACCHIO","C912","342","02/10/2025","Dispositivo rilevamento velocità istantanea fisso","Safety21 S.p.A.","Velocar Red&Speed EVO-R","ND","275","MONODIREZIONALE Dec.App.n.4708_01/08/2016 Dec.sub.tit.n.227_04/07/2025 SS 309 ""ROMEA"" 41+250 RAVENNA","18/11/2025 10:20:44","23/10/2025 18:57:35"
"CMFEP008","POLIZIA LOCALE DI COMACCHIO","C912","3248","13/06/2011","TELELASER","ELTRAFF","TRUCAM","TRUCAM","TC003533","Dispositivo mobile tipologia Telelaser usato prettamente in contestazione immediata.","18/11/2025 10:20:44","23/10/2025 18:57:35"
"CMFEP209","Polizia locale comune di Jolanda di Savoia","E320","1565","02/04/2014","dispositivo rilevamento velocità istantanea fisso","Project Automation SpA","PASVC","ND","1510039998","SP 15 KM 23+495 DIR FISCAGLIA","27/11/2025 15:04:57","27/11/2025 15:04:57"
"CMFEP209","Polizia locale comune di Jolanda di Savoia","E320","1565","02/04/2014","dispositivo rilevamento velocità istantanea fisso","Project Automation SpA","PASVC","ND","1610035170","SP 15 KM 24+565 DIR TRESIGALLO","27/11/2025 15:04:57","27/11/2025 15:04:57"
"CMFEP210","Unione dei Comuni Terre e Fiumi","C980","1565","02/04/2014","Velox","Project Automation spa","PASVC","2016","1510040001","Copparo Sp2 km 9+870 direzione Copparo","18/10/2025 13:34:57","18/10/2025 13:34:57"
"CMFEP210","Unione dei Comuni Terre e Fiumi","C980","1565","02/04/2014","Velox","Project Automation spa","PASVC","2016","1510040002","Copparo Sp2 km 10+130 direzione Ferrara","18/10/2025 13:34:57","18/10/2025 13:34:57"
"CMFEP210","Unione dei Comuni Terre e Fiumi","C980","370","15/09/2022","Autovelox","Eltraff srl","Velomatic 512D","2017","5018-5004-5002","","18/10/2025 13:34:57","18/10/2025 13:34:57"
"CMFEP210","Unione dei Comuni Terre e Fiumi","C980","242","05/07/2018","Telelaser","Eltraff srl","Telelaser Trucam HD","2018","TC008492","estensione Decreto n. 3248 del 13/06/2011","18/10/2025 13:34:57","18/10/2025 13:34:57"
"CMFEP210","Unione dei Comuni Terre e Fiumi","C980","1824","20/03/2000","Telelaser","Eltraff srl","Ultralyte","2007","UL016425","integrato dal 534 del 08/05/2003","18/10/2025 13:34:57","18/10/2025 13:34:57"
"CMFEP214","Polizia Locale del Comune di Cento","C469","3248","13/06/2011","MOBILE","ELTRAFF","TELELASER","TRUCAM HD","TC010161","estensione 242 del 05/07/2018","09/01/2026 14:26:36","17/11/2025 09:45:57"
"CMFEP214","Polizia Locale del Comune di Cento","C469","549","21/12/2021","FISSO","PROJECT AUTOMATION","K53800_SPEED","K53800_SPEED","PASPEEDn22024011199","","09/01/2026 14:26:36","17/11/2025 09:45:57"
"CMFEP215","COMUNE;DI;BONDENO","A965","20923","02/03/2007","FISSO/MOBILE","ELTRAFF","VELOMATIC","512D+","760/255/338/4975","ESTENSIONE;APPROVAZIONE;0000054;DEL;08/03/2021","20/11/2025 09:11:46","20/11/2025 09:11:46"
"CMFEP215","COMUNE;DI;POGGIO;RENATICO","G768","20923","02/03/2007","FISSO/MOBILE","ELTRAFF","VELOMATIC","512D+","8072/7954","ESTENSIONE;APPROVAZIONE;0000054;DEL;08/03/2021","20/11/2025 09:11:46","20/11/2025 09:11:46"
"CMFEP215","COMUNE;DI;TERRE;DEL;RENO","M381","20923","02/03/2007","FISSO/MOBILE","ELTRAFF","VELOMATIC","512D+","4635/4630/4910/4877","ESTENSIONE;APPROVAZIONE;0000054;DEL;08/03/2021","20/11/2025 09:11:46","20/11/2025 09:11:46"
"CMFEP215","COMUNE;DI;VIGARANO;MAINARDA","L868","20923","02/03/2007","FISSO/MOBILE","ELTRAFF","VELOMATIC","512D+","4636/4631/4634/4627","ESTENSIONE;APPROVAZIONE;0000054;DEL;08/03/2021","20/11/2025 09:11:46","20/11/2025 09:11:46"
"CMFEP215","COMUNE;DI;BONDENO","A965","1824","20/03/2000","MOBILE","ELTRAFF","TELELASER","ULTRALYTE","UL004717/1269","APPROV;VENTEN;RIFERITA;ALLA;COMMERCIALIZZAZIONE;STRUMENTO;MANUTENUTO;E;TARATO;UTILIZZABILE;SENZA;LIMITE;CIRC;MIT;E;MINT;13/12/2013;CIR;MINT;21/07/2017","20/11/2025 09:11:46","20/11/2025 09:11:46"
"CMFEP215","COMUNE;DI;BONDENO","A965","3248","13/06/2011","MOBILE","ELTRAFF","TELELASER","TRUCAM;HD","TC008267","ESTENSIONE;APPROVAZIONE;0000242;DEL;05/07/2018","20/11/2025 09:11:46","20/11/2025 09:11:46"
"CMFEP215","COMUNE;DI;BONDENO","A965","4708","01/08/2016","FISSO","VELOCAR","VELOCAR;RED&SPEED;EVO;R","VELOCAR;RED&SPEED;EVO;R","425","ESTENSIONE;APPROVAZIONE;0000342;DEL;02/10/2025","20/11/2025 09:11:46","20/11/2025 09:11:46"
"CMFEP215","COMUNE;DI;BONDENO","A965","4708","01/08/2016","FISSO","VELOCAR","VELOCAR;RED&SPEED;EVO;R","VELOCAR;RED&SPEED;EVO;R","426","ESTENSIONE;APPROVAZIONE;0000342;DEL;02/10/2025","20/11/2025 09:11:46","20/11/2025 09:11:46"
"CMFEP215","COMUNE;DI;VIGARANO;MAINARDA","L868","183","01/06/2020","FISSO","ENGINE","ENVES;EVO;MVD;1605","ENVES;EVO;MVD;1605","0x0003BA10","UTILIZZO;REGOLAMENTATO;DA;DECRETO;PREFETTIZIO;0039546;DEL;16/06/2025","20/11/2025 09:11:46","20/11/2025 09:11:46"
"CMFEP217","SERVIZIO INTERCOMUNALE POLIZIA LOCALE DELTA","F839","48","01/03/2021","Dispositivo rilev.to velocità istantanea portatile","Safety21 S.p.A.","AGUIA Red & Speed","AGUIA-T5-5-R","16441","Dec.sub.tit.n.227","27/10/2025 07:49:28","27/10/2025 07:49:28"
"CMFGP001","SAN GIOVANNI ROTONDO POLIZIA MUNICIPALE","H926","3758","06/08/2014","Rilevatore di velocità in modalità istantanea","Sodi Scientifica","Autovelox 106","Non presente","Rilevatore 956772 CPU 957937","Non presente","16/10/2025 15:19:52","16/10/2025 15:19:52"
"CMFGP003","Comune di Cerignola Polizia Locale","C514","24869/2018","12/06/2018","postazione fissa KM 708+900 SS16 dir FG-BA","****","****","****","****","postazioni allo stato attuale autorizzate ma non in uso","04/11/2025 18:10:05","04/11/2025 18:10:05"
"CMFGP003","Comune di Cerignola Polizia Locale","C514","24869/2018","12/06/2018","postazione fissa KM 708+600 SS16 dir BA-FG","****","****","****","****","postazioni allo stato attuale autorizzate ma non in uso","04/11/2025 18:10:05","04/11/2025 18:10:05"
"CMFGP003","Comune di Cerignola Polizia Locale","C514","24869/2018","12/06/2018","postazione fissa KM 716+930 SS16 dir FG-BA","****","****","****","****","postazioni allo stato attuale autorizzate ma non in uso","04/11/2025 18:10:05","04/11/2025 18:10:05"
"CMFGP003","Comune di Cerignola Polizia Locale","C514","24869/2018","12/06/2018","postazione fissa KM 716+320 SS16 dir BA-FG","****","****","****","****","postazioni allo stato attuale autorizzate ma non in uso","04/11/2025 18:10:05","04/11/2025 18:10:05"
"CMFGP007","POLIZIA LOCALE COMUNE DI ORTA NOVA","G131","103683","30/12/2010","AUTOVELOX","ELTRAFF","VELOMATIC","512D","93-768","postazione temporanea presidiata luogo di installazione S.S.16 km. 699+900 dir. BARI; KM.694+900 DIR. FOGGIA","09/12/2025 08:52:18","26/11/2025 15:34:06"
"CMFGP201","COMUNE DI CHIEUTI","C633","5913","17/12/2014","AUTOVELOX","ELTRAFF","VELOMATIC","512D","788-CPU 778","Postazione temporanea presidiata -Luogo di installazione S.S. 16 km 612+630","10/11/2025 13:32:00","10/11/2025 13:32:00"
"CMFGP209","COMUNE DI ORDONA","M266","20923","02/03/2007","FISSO/MOBILE","ELTRAFF","VELOMATIC","512D","670/767/800/5858","Estensione di approvazione 5913 del 17/12/2014","06/10/2025 08:29:43","06/10/2025 08:29:43"
"CMFGP209","COMUNE DI ORDONA","M266","20923","02/03/2007","FISSO/MOBILE","ELTRAFF","VELOMATIC","512D","670/767/800/5858","Estenzione di approvazione 5913 del 17/12/2014","06/10/2025 09:37:51","06/10/2025 09:37:51"
"CMFGP227","POLIZIA LOCALE COMUNE POGGIO IMPERIALE","G761","24869","12/06/2018","VELOMATIC 512D","ELTRAFF SRL","VELOMATIC 512D","DIGITALE","788 CPU778","","12/11/2025 09:26:43","12/11/2025 09:26:43"
"CMFGP232","COMUNE DI ZAPPONETA POLIZIA LOCALE","M267","20923","02/03/2007","FISSO/MOBILE","ELTRAFF","VELOMATIC","512D+","7780/7727","Estensione di approvazione 0000054 del 08/03/2021","11/10/2025 11:00:02","11/10/2025 11:00:02"
"CMFIP000","FIRENZE POLIZIA MUNICIPALE","D612","3758","06.08.14","ril. Vel. Modalità istantea","Sodi Scientifica","106","non presente","rilevatore  947756 - CPU 948189","Dec. Est.   n. 5478 del 18/11/2014","04/11/2025 16:23:50","04/11/2025 16:23:50"
"CMFIP000","FIRENZE POLIZIA MUNICIPALE","D612","3758","06.08.14","ril. Vel. Modalità istantea","Sodi Scientifica","106","non presente","rilevatore 947745 - CPU 948190","Dec. Est.   n. 5478 del 18/11/2014","04/11/2025 16:23:50","04/11/2025 16:23:50"
"CMFIP000","FIRENZE POLIZIA MUNICIPALE","D612","3758","06.08.14","ril. Vel. Modalità istantea","Sodi Scientifica","106","non presente","rilevatore 947747 - CPU 948191","Dec. Est.   n. 5478 del 18/11/2014","04/11/2025 16:23:50","04/11/2025 16:23:50"
"CMFIP000","FIRENZE POLIZIA MUNICIPALE","D612","3758","06.08.14","ril. Vel. Modalità istantea","Sodi Scientifica","106","non presente","rilevatore  950016 - CPU 958527","Dec. Est.   n. 5478 del 18/11/2014","04/11/2025 16:23:50","04/11/2025 16:23:50"
"CMFIP000","FIRENZE POLIZIA MUNICIPALE","D612","3758","06.08.14","ril. Vel. Modalità istantea","Sodi Scientifica","106","non presente","rilevatore 953536 - CPU 958513","Dec. Est.   n. 5478 del 18/11/2014","04/11/2025 16:23:50","04/11/2025 16:23:50"
"CMFIP000","FIRENZE POLIZIA MUNICIPALE","D612","3758","06.08.14","ril. Vel. Modalità istantea","Sodi Scientifica","106","non presente","rilevatore 953517 - CPU 958519","Dec. Est.   n. 5478 del 18/11/2014","04/11/2025 16:23:50","04/11/2025 16:23:50"
"CMFIP000","FIRENZE POLIZIA MUNICIPALE","D612","3758","06.08.14","ril. Vel. Modalità istantea","Sodi Scientifica","106","non presente","rilevatore  959280 - CPU 959814","Dec. Est.   n. 5478 del 18/11/2014","04/11/2025 16:23:50","04/11/2025 16:23:50"
"CMFIP000","FIRENZE POLIZIA MUNICIPALE","D612","354","05.02.03","ril. Vel. Modalità istantea","Sodi Scientifica","105 SE","non presente","rilevatore 927747 - CPU 926458","Dec. Est. n. 1122 del 16/05/2005","04/11/2025 16:23:50","04/11/2025 16:23:50"
"CMFIP000","FIRENZE POLIZIA MUNICIPALE","D612","354","05.02.03","ril. Vel. Modalità istantea","Sodi Scientifica","105 SE","non presente","rilevatore 927751 - CPU 926456","Dec. Est. n. 1122 del 16/05/2005","04/11/2025 16:23:50","04/11/2025 16:23:50"
"CMFIP000","FIRENZE POLIZIA MUNICIPALE","D612","354","05.02.03","ril. Vel. Modalità istantea","Sodi Scientifica","105 SE","non presente","rilevatore 927752 - CPU 926459","Dec. Est. n. 1122 del 16/05/2005","04/11/2025 16:23:50","04/11/2025 16:23:50"
"CMFIP000","FIRENZE POLIZIA MUNICIPALE","D612","354","05.02.03","ril. Vel. Modalità istantea","Sodi Scientifica","105 SE","non presente","rilevatore 928032 - CPU 929381","Dec. Est. n. 1122 del 16/05/2005","04/11/2025 16:23:50","04/11/2025 16:23:50"
"CMFIP000","FIRENZE POLIZIA MUNICIPALE","D612","354","05.02.03","ril. Vel. Modalità istantea","Sodi Scientifica","105 SE","non presente","rilevatore 931081 - CPU 934192","Dec. Est. n. 1122 del 16/05/2005","04/11/2025 16:23:50","04/11/2025 16:23:50"
"CMFIP000","FIRENZE POLIZIA MUNICIPALE","D612","354","05.02.03","ril. Vel. Modalità istantea","Sodi Scientifica","105 SE","non presente","rilevatore 927748 - CPU 934189","Dec. Est. n. 1122 del 16/05/2005","04/11/2025 16:23:50","04/11/2025 16:23:50"
"CMFIP000","FIRENZE POLIZIA MUNICIPALE","D612","354","05.02.03","ril. Vel. Modalità istantea","Sodi Scientifica","105 SE","non presente","rilevatore 935103 - CPU 926457","Dec. Est. n. 1122 del 16/05/2006","04/11/2025 16:23:50","04/11/2025 16:23:50"
"CMFIP000","FIRENZE POLIZIA MUNICIPALE","D612","354","05.02.03","ril. Vel. Modalità istantea","Sodi Scientifica","105 SE","non presente","rilevatore 929422 - CPU 929386","Dec. Est. n. 1122 del 16/05/2005","04/11/2025 16:23:50","04/11/2025 16:23:50"
"CMFIP000","FIRENZE POLIZIA MUNICIPALE","D612","354","05.02.03","ril. Vel. Modalità istantea","Sodi Scientifica","105 SE","non presente","rilevatore 931092 - CPU 948572","Dec. Est. n. 1122 del 16/05/2005","04/11/2025 16:23:50","04/11/2025 16:23:50"
"CMFIP000","FIRENZE POLIZIA MUNICIPALE","D612","354","05.02.03","ril. Vel. Modalità istantea","Sodi Scientifica","105 SE","non presente","rilevatore 944148 - CPU 934897","Dec. Est. n. 1122 del 16/05/2005","04/11/2025 16:23:50","04/11/2025 16:23:50"
"CMFIP000","FIRENZE POLIZIA MUNICIPALE","D612","4708","01.08.16","ril. Vel. Modalità istantea fisso","Safety21 S.p.A.","VRS-EVO-R","VRS-EVO-T12-5-R","538","Dec.est.n.129_07/04/2021 Dec.sub.tit.n.227_04/07/2025 Dec. 342 del 02.10.25","04/11/2025 16:23:50","04/11/2025 16:23:50"
"CMFIP000","FIRENZE POLIZIA MUNICIPALE","D612","4708","01.08.16","ril. Vel. Modalità istantea fisso","Safety21 S.p.A.","VRS-EVO-R","VRS-EVO-T12-5-R","539","Dec.est.n.129_07/04/2021 Dec.sub.tit.n.227_04/07/2025 Dec. 342 del 02.10.25","04/11/2025 16:23:50","04/11/2025 16:23:50"
"CMFIP000","FIRENZE POLIZIA MUNICIPALE","D612","4708","01.08.16","ril. Vel. Modalità istantea fisso","Safety21 S.p.A.","VRS-EVO-R","VRS-EVO-T12-5-R","540","Dec.est.n.129_07/04/2021 Dec.sub.tit.n.227_04/07/2025 Dec. 342 del 02.10.25","04/11/2025 16:23:50","04/11/2025 16:23:50"
"CMFIP000","FIRENZE POLIZIA MUNICIPALE","D612","4708","01.08.16","ril. Vel. Modalità istantea fisso","Safety21 S.p.A.","VRS-EVO-R","VRS-EVO-T12-5-R","541","Dec.est.n.129_07/04/2021 Dec.sub.tit.n.227_04/07/2025 Dec. 342 del 02.10.25","04/11/2025 16:23:50","04/11/2025 16:23:50"
"CMFIP000","FIRENZE POLIZIA MUNICIPALE","D612","3248","13.06.11","ril. Vel. Modalità istantea mobile","Eltraff s.r.l.","Telelaser","TrucamHD","TC010190","Decr. est. n. 0000242 del 05-07-2018","04/11/2025 16:23:50","04/11/2025 16:23:50"
"CMFIP000","FIRENZE POLIZIA MUNICIPALE","D612","3248","13.06.11","ril. Vel. Modalità istantea mobile","Eltraff s.r.l.","Telelaser","TrucamHD","TC010191","Decr. est. N° 0000242 del 05-07-2018","04/11/2025 16:23:50","04/11/2025 16:23:50"
"CMFIP001","UNIONE MONTANA DEI COMUNI DEL MUGELLO","B036","3758","06/08/2014","Rilevatore di velocita in modalita istantanea","Sodi Scientifica","Autovelox 106","106","957211-958679","Nessuna","09/10/2025 13:19:11","09/10/2025 13:19:11"
"CMFIP001","UNIONE MONTANA DEI COMUNI DEL MUGELLO","B036","3758","06/08/2014","Rilevatore di velocita in modalita istantanea","Sodi Scientifica","Autovelox 106","106","957208-958524","Nessuna","09/10/2025 13:19:11","09/10/2025 13:19:11"
"CMFIP001","UNIONE MONTANA DEI COMUNI DEL MUGELLO","B036","3758","06/08/2014","Rilevatore di velocita in modalita istantanea","Sodi Scientifica","Autovelox 106","106","959065-958684","Nessuna","09/10/2025 13:19:11","09/10/2025 13:19:11"
"CMFIP001","UNIONE MONTANA DEI COMUNI DEL MUGELLO","B036","3758","06/08/2014","Rilevatore di velocita in modalita istantanea","Sodi Scientifica","Autovelox 106","106","957209-988678","Nessuna","09/10/2025 13:19:11","09/10/2025 13:19:11"
"CMFIP001","UNIONE MONTANA DEI COMUNI DEL MUGELLO","B036","20923","02/03/2007","Fisso-Mobile","Eltraff","Velomatic","512D","7648-7725","Nessuna","09/10/2025 13:19:11","09/10/2025 13:19:11"
"CMFIP001","UNIONE MONTANA DEI COMUNI DEL MUGELLO","B036","20923","02/03/2007","Fisso-Mobile","Eltraff","Velomatic","512D","5687-5684","Nessuna","09/10/2025 13:19:11","09/10/2025 13:19:11"
"CMFIP001","UNIONE MONTANA DEI COMUNI DEL MUGELLO","B036","20923","02/03/2007","Fisso-Mobile","Eltraff","Velomatic","512D","4213-4211","Nessuna","09/10/2025 13:19:11","09/10/2025 13:19:11"
"CMFIP001","UNIONE MONTANA DEI COMUNI DEL MUGELLO","B036","1824","20/03/2000","Mobile","Eltraff","Telelaser","Ultralyte","UL010645","Nessuna","09/10/2025 13:19:11","09/10/2025 13:19:11"
"CMFIP001","UNIONE MONTANA DEI COMUNI DEL MUGELLO","B036","3248","13/06/2011","Mobile","Eltraff","Telelaser","TruCam","TC005248","Nessuna","09/10/2025 13:19:11","09/10/2025 13:19:11"
"CMFIP001","UNIONE MONTANA DEI COMUNI DEL MUGELLO","B036","3248","13/06/2011","Mobile","Eltraff","Telelaser","TruCam HD","TC009970","Nessuna","09/10/2025 13:19:11","09/10/2025 13:19:11"
"CMFIP001","UNIONE MONTANA DEI COMUNI DEL MUGELLO","B036","3248","13/06/2011","Mobile","Eltraff","Telelaser","TruCam HD","TC009968","Nessuna","09/10/2025 13:19:11","09/10/2025 13:19:11"
"CMFIP001","UNIONE MONTANA DEI COMUNI DEL MUGELLO","B036","3248","13/06/2011","Mobile","Eltraff","Telelaser","TruCam HD","TC009969","Nessuna","09/10/2025 13:19:11","09/10/2025 13:19:11"
"CMFIP003","COMUNE DI SESTO FIORENTINO","I684","282","13/06/2017","Misuratore di Velocita","ELTRAFF Srl","Telelaser","Trucam","TC003521","","20/10/2025 13:52:31","20/10/2025 13:52:31"
"CMFIP004","POLIZIA LOCALE LASTRA A SIGNA","E466","342","02/10/2025","RILEVAM. VELOCITA ISTANTANEA POSTAZIONE FISSA","SAFETY 21 S.P.A.","VELOCAR RED&SPEED-EVO-R","ND","396","","27/10/2025 09:19:50","27/10/2025 09:19:50"
"CMFIP004","POLIZIA LOCALE LASTRA A SIGNA","E466","342","02/10/2025","RILEVAM. VELOCITA ISTANTANEA POSTAZIONE FISSA","SAFETY 21 S.P.A.","VELOCAR RED&SPEED-EVO-R","ND","397","","27/10/2025 09:19:50","27/10/2025 09:19:50"
"CMFIP004","POLIZIA LOCALE LASTRA A SIGNA","E466","242","04/07/2018","RILEVAM. VELOCITA ISTANTANEA POSTAZIONE MOBILE","ELTRAFF S.R.L.","TRUCAM HD","ND","TC 007974","","27/10/2025 09:19:50","27/10/2025 09:19:50"
"CMFIP005","CMFIP00501","A564","3758","06/08/2014","RILEVATORE DI VELOCITA’ IN MODALITA’ ISTANTANEA","SODI SCIENTIFICA","AUTOVELOX 106","NON PRESENTE","950290","","13/11/2025 17:25:12","13/11/2025 17:25:12"
"CMFIP005","CMFIP00501","A564","288","17/01/2018","RILEVATORE DI VELOCITA’ IN MODALITA’ ISTANTANEA","ENGINE","ENVES EVO","MVDm 1507","CMP3842181","","13/11/2025 17:25:12","13/11/2025 17:25:12"
"CMFIP006","Polizia Locale Comune di Pontassieve","G825","3758","06/08/2014","Fisso per misurazione velocità istantanea","Sodi Scientifica S.r.l.","Autovelox 106","Autovelox 106","955880 rilevatore 955916 elaboratore/analizzatore","","28/10/2025 13:56:32","28/10/2025 13:56:32"
"CMFIP006","Polizia Locale Comune di Pontassieve","G825","3758","06/08/2014","Fisso per misurazione velocità istantanea","Sodi Scientifica S.r.l.","Autovelox 106","Autovelox 106","951624 rilevatore 952679 elaboratore/analizzatore","","28/10/2025 13:56:32","28/10/2025 13:56:32"
"CMFIP006","Polizia Locale Comune di Pontassieve","G825","3758","06/08/2014","Fisso per misurazione velocità istantanea","Sodi Scientifica S.r.l.","Autovelox 106","Autovelox 106","959066 rilevatore 959542 elaboratore/analizzatore","","28/10/2025 13:56:32","28/10/2025 13:56:32"
"CMFIP006","Polizia Locale Comune di Pontassieve","G825","3758","06/08/2014","Fisso per misurazione velocità istantanea","Sodi Scientifica S.r.l.","Autovelox 106","Autovelox 106","956797 rilevatore 957367 elaboratore/analizzatore","","28/10/2025 13:56:32","28/10/2025 13:56:32"
"CMFIP006","Polizia Locale Comune di Pontassieve","G825","242","05/07/2018","Mobile per misurazione velocità istantanea","Società Eltraff S.r.l.","Telelaser TruCamHD","Telelaser TruCamHD","TC007380","","28/10/2025 13:56:32","28/10/2025 13:56:32"
"CMFIP007","POLIZIA LOCALE COMUNE DI SCANDICCI","B962","54","08/03/21","FISSA E MOBILE","Eltraff","Velomatic 512D","512D","7645 7628 7684","Estens app 0000054 del 08/03/2021","26/11/2025 11:32:51","26/11/2025 11:32:51"
"CMFIP007","POLIZIA LOCALE COMUNE DI SCANDICCI","B962","3248","13/06/11","MOBILE","Eltraff","Velomatic Ultralite","Ultralite","UL003590 1169","ND","26/11/2025 11:32:51","26/11/2025 11:32:51"
"CMFIP007","POLIZIA LOCALE COMUNE DI SCANDICCI","B962","1824","23/02/00","FISSA E MOBILE","Eltraff","Eltraff Trucam","Trucam","TC002426","ND","26/11/2025 11:32:51","26/11/2025 11:32:51"
"CMFIP007","POLIZIA LOCALE COMUNE DI SCANDICCI","B962","2433","16/05/05","FISSA E MOBILE","Sodi scientifica","Autovelox 104 C2","104 C2","CPV889 1594","ND","26/11/2025 11:32:51","26/11/2025 11:32:51"
"CMFIP010","DM REGGELLO","H222","20923","02/03/07","FISSO/MOBILE","ELTRAFF","VELOMATIC","512D","5458","ESTENSIONE DI APPROVAZIONE 5913 DEL 17/12/2014","08/10/2025 06:51:41","08/10/2025 06:51:41"
"CMFIP010","DM REGGELLO","H222","3248","13/06/11","MOBILE","ELTRAFF","TELELASER","TRUCAM HD","TC006521","ESTENSIONE DI APPROVAZIONE 0000242 DEL 05/07/2018","08/10/2025 06:51:41","08/10/2025 06:51:41"
"CMFIP010","DM REGGELLO","H222","80","21/02/24","FISSO/MOBILE","SODI SCIENTIFICA","AUTOVELOX","106","952452","","08/10/2025 06:51:41","08/10/2025 06:51:41"
"CMFIP012","polizia locale comune di prato","g999","4164","3 agosto 2011","misuratore di velocita istantanea bidirezionale","Sodi Scientifica srl","Autostop hd","bidirezionale","947777","spire 945320","08/10/2025 09:25:54","08/10/2025 09:25:54"
"CMFIP012","polizia locale comune di prato","g999","4164","3 agosto 2011","misuratore di velocita istantanea bidirezionale","Sodi Scientifica srl","Autostop hd","bidirezionale","953751","spire 951236","08/10/2025 09:25:54","08/10/2025 09:25:54"
"CMFIP019","RUFINA POLIZIA MUNICIPALE","H635","1824","20/03/2000","MOBILE","ELTRAFF","TELELELASER","MICRODIGICAM","UL011465","estensione di approvazione 534 del 08/05/2003","29/10/2025 13:54:10","29/10/2025 13:54:10"
"CMFIP019","RUFINA POLIZIA MUNICIPALE","H635","20923","02/03/2007","FISSO/MOBILE","ELTRAFF","VELOMATIC","512D","5581-5574","estensione di approvazione 5913 del 17/12/2014","29/10/2025 13:54:10","29/10/2025 13:54:10"
"CMFIP019","RUFINA POLIZIA MUNICIPALE","H635","20923","02/03/2007","FISSO/MOBILE","ELTRAFF","VELOMATIC","512D+","7789-7869","estensione di approvazione 0000054 del 08/03/2021","29/10/2025 13:54:10","29/10/2025 13:54:10"
"CMFIP020","Polizia Locale Signa","I728","38","17/02/2026","Apparato di rilevamento velocita' istantanea","Engine S.p.A.","EnVES_EVO_MVD_2005","non presente","0x00043ECD","Direzione San mauro verso Signa","23/03/2026 12:34:45","23/03/2026 12:34:45"
"CMFIP020","Polizia Locale Signa","I728","38","17/02/2026","Apparato di rilevamento velocita' istantanea","Engine S.p.A.","EnVES_EVO_MVD_2005","non presente","0x000435EF","Direzione  da Signa verso San Mauro","23/03/2026 12:34:45","23/03/2026 12:34:45"
"CMFIP024","Polizia Locale di Campi Bisenzio","B507","3758","06.08.2014","Rilevatore di velocita in modalita istantanea","Sodi Scientifica","Autovelox 106","non presente","946712","CPU 947088","13/10/2025 15:19:23","13/10/2025 15:19:23"
"CMFIP024","Polizia Locale di Campi Bisenzio","B507","3248","13.06.2011","Mobile","ELTRAFF","TELELASER","TRUCAM HD","TC010187","Estensione di approvazione 0000242 del 05.07.2018","13/10/2025 15:19:23","13/10/2025 15:19:23"
"CMFIP025","Polizia Locale Comune di Fiesole","D575","550","23/12/2021","Rilevatore velocita puntuale","EnVES","EVO MVD 1605","1.3.0 Luglio 2021","0x0002DC79","","22/10/2025 09:16:31","22/10/2025 09:16:31"
"CMFIP025","Polizia Locale Comune di Fiesole","D575","550","23/12/2021","Rilevatore velocita puntuale","EnVES","EVO MVD 1605","1.3.0 Luglio 2021","0x00032BFA","","22/10/2025 09:16:31","22/10/2025 09:16:31"
"CMFIP025","Polizia Locale Comune di Fiesole","D575","550","23/12/2021","Rilevatore velocita puntuale","EnVES","EVO MVD 1605","1.3.0 Luglio 2021","0x0002E0CF","","22/10/2025 09:16:31","22/10/2025 09:16:31"
"CMFIP025","Polizia Locale Comune di Fiesole","D575","550","23/12/2021","Rilevatore velocita puntuale","EnVES","EVO MVD 1605","1.3.0 Luglio 2021","0x00029553","","22/10/2025 09:16:31","22/10/2025 09:16:31"
"CMFIP025","Polizia Locale Comune di Fiesole","D575","550","23/12/2021","Rilevatore velocita puntuale","EnVES","EVO MVD 1605","1.3.0 Luglio 2021","0x00029566","","22/10/2025 09:16:31","22/10/2025 09:16:31"
"CMFIP025","Polizia Locale Comune di Fiesole","D575","550","23/12/2021","Rilevatore velocita puntuale","EnVES","EVO MVD 1605","1.3.0 Luglio 2021","0x00032474","","22/10/2025 09:16:31","22/10/2025 09:16:31"
"CMFIP026","IMPRUNETA POLIZIA MUNICIPALE","E291","3758","06/08/2014","Rilevatore di velocità in modalità istantanea","Sodi Scientifica","Autovelox 106","Non presente","959632","","29/10/2025 12:41:41","29/10/2025 12:41:41"
"CMFIP026","IMPRUNETA POLIZIA MUNICIPALE","E291","3758","06/08/2014","Rilevatore di velocità in modalità istantanea","Sodi Scientifica","Autovelox 106","Non presente","951626","","29/10/2025 12:41:41","29/10/2025 12:41:41"
"CMFIP027","PLCHIANTIFIORENTINO","DMJ87J","4708","1082016","VELOCAR","SAFETY21","VRSEVOT125R","FISSO","646","","12/12/2025 09:11:35","09/10/2025 16:13:53"
"CMFIP027","PLCHIANTIFIORENTINO","DMJ87J","4708","1082016","VELOCAR","SAFETY21","VRSEVOT125R","FISSO","647","","12/12/2025 09:11:35","09/10/2025 16:13:53"
"CMFIP027","PLCHIANTIFIORENTINO","DMJ87J","271","11072023","VELOCAR","SAFETY21","VRSEVOT125RS4","FISSO","789","","12/12/2025 09:11:35","09/10/2025 16:13:53"
"CMFIP027","PLCHIANTIFIORENTINO","DMJ87J","354","5022003","AUTOVELOX","SODISCIENTIFICA","105SE","FISSO","922661","","12/12/2025 09:11:35","12/12/2025 09:11:35"
"CMFIP027","PLCHIANTIFIORENTINO","DMJ87J","3758","6082014","AUTOVELOX","SODISCIENTIFICA","106","FISSO","949003","","12/12/2025 09:11:35","12/12/2025 09:11:35"
"CMFIP027","PLCHIANTIFIORENTINO","DMJ87J","3758","6082014","AUTOVELOX","SODISCIENTIFICA","106","MOBILE","951621","","12/12/2025 09:11:35","09/10/2025 16:13:53"
"CMFIP027","PLCHIANTIFIORENTINO","DMJ87J","3248","13062011","TELELASER","ELTRAFF","TRUCAMHD","MOBILE","TC008507","","12/12/2025 09:11:35","09/10/2025 16:13:53"
"CMFIP028","POLIZIA MUNICIPALE FIGLINE E INCISA VALD.","M321","4792","06/10/2025","Rilevatore di velocità in modalità istantanea","Sodi Scientifica","Autovelox 106","non presente","958580","","27/10/2025 11:20:50","27/10/2025 11:20:50"
"CMFIP028","POLIZIA MUNICIPALE FIGLINE E INCISA VALD.","M321","4792","06/10/2025","Rilevatore di velocità in modalità istantanea","Sodi Scientifica","Autovelox 106","non presente","950728","","27/10/2025 11:20:50","27/10/2025 11:20:50"
"CMFIP202","Polizia Locale Calenzano","B406","D.D. 356","18/08/2021","dispositivo automatico velocità istantanea","Maggioli s.p.a.","Autosc@n Speed","non presente","2023.0074","non presente","14/10/2025 06:59:51","14/10/2025 06:59:51"
"CMFIP202","Polizia Locale Calenzano","B406","D.D. 356","18/08/2021","dispositivo automatico velocità istantanea","Maggioli s.p.a.","Autosc@n Speed","non presente","2022.0043","non presente","14/10/2025 06:59:51","14/10/2025 06:59:51"
"CMFIP208","POLIZIA LOCALE PELAGO","G420","3758","06-08-2014","FISSO","SODI","AUTOVELOX","106","959265","Approvazioni n.5478-2014  n.2405-2015,  n.3299-2015,  n. 1276-2017, n. 4630-2017,  n.143-2018 n. 325-2019, n. 554-2021, n. 80-2024, n. 380-2024","06/10/2025 06:48:39","06/10/2025 06:48:39"
"CMFIP208","POLIZIA LOCALE PELAGO","G420","3248","13-06-2011","MOBILE","ELTRAFF","TELELASER","TRUCAM HD","TC007679","Estensione di approvazione 0000242 del 05-07-2018","06/10/2025 06:48:39","06/10/2025 06:48:39"
"CMFIP208","POLIZIA LOCALE PELAGO","G420","3758","06/08/2014","FISSO","SODI","AUTOVELOX","106","959265","Approvazioni n.5478-2014  n.2405-2015,  n.3299-2015,  n. 1276-2017, n. 4630-2017,  n.143-2018 n. 325-2019, n. 554-2021, n. 80-2024, n. 380-2024","13/10/2025 07:30:55","13/10/2025 07:30:55"
"CMFIP208","POLIZIA LOCALE PELAGO","G420","3248","13/06/2011","MOBILE","ELTRAFF","TELELASER","TRUCAM HD","TC007679","Estensione di approvazione 0000242 del 05-07-2018","13/10/2025 07:30:55","13/10/2025 07:30:55"
"CMFIP218","UNIONE COMUNI DEI CIRCONDARIO EMPOLESE VALDELSA","D403","1824","20/03/2000","Rilevatore istantaneo della velocita MOBILE","ELTRAFF srl","TELELASER","ULTRALYTE","UL005365","in dotazione al C.T. di Gambassi Terme e Montaione– proprietà","28/11/2025 12:15:58","14/11/2025 11:22:21"
"CMFIP218","UNIONE COMUNI DEI CIRCONDARIO EMPOLESE VALDELSA","D403","1824","20/03/2000","Rilevatore istantaneo della velocita MOBILE","ELTRAFF srl","TELELASER","ULTRALYTE","UL009229","in dotazione al C.T. Vinci – proprietà","28/11/2025 12:15:58","14/11/2025 11:22:21"
"CMFIP218","UNIONE COMUNI DEI CIRCONDARIO EMPOLESE VALDELSA","D403","1824","20/03/2000","Rilevatore istantaneo della velocita MOBILE","ELTRAFF srl","TELELASER","ULTRALYTE","UL011717","in dotazione al C.T. Fucecchio – proprietà","28/11/2025 12:15:58","14/11/2025 11:22:21"
"CMFIP218","UNIONE COMUNI DEI CIRCONDARIO EMPOLESE VALDELSA","D403","1824","20/03/2000","Rilevatore istantaneo della velocita MOBILE","ELTRAFF srl","TELELASER","MICRODIGICAM","UL012690","estensione di approvazione  n. 534 del 08/05/2003 – in dotazione al C.T. Montelupo F.no – proprietà","28/11/2025 12:15:58","14/11/2025 11:22:21"
"CMFIP218","UNIONE COMUNI DEI CIRCONDARIO EMPOLESE VALDELSA","D403","3248","13/06/2011","Rilevatore istantaneo della velocita MOBILE","ELTRAFF srl","TELELASER","TRUCAM HD","TC009462","estensione di approvazione 0000242 del 05/07/2018 – in dotazione al C.T. Empoli – proprietà","28/11/2025 12:15:58","14/11/2025 11:22:21"
"CMFIP218","UNIONE COMUNI DEI CIRCONDARIO EMPOLESE VALDELSA","D403","29830","03/04/2008","Rilevatore istantaneo della velocita MOBILE","LINDBLAD & PIANA srl","TELELASER","TRAFFIPATROL XR","507-207/11074","in dotazione al C.T. Montespertoli – proprietà","28/11/2025 12:15:58","14/11/2025 11:22:21"
"CMFIP218","UNIONE COMUNI DEI CIRCONDARIO EMPOLESE VALDELSA","D403","1281","39885","Rilevatore istantaneo della velocita FISSO","LINDBLAD & PIANA srl","Multaradar S580","non specificato","593-072/65106","S.R. 436 Francesca Km 19+700 direzione di marcia Stabbia-Fucecchio – fuori centro abitato – Comune di Fucecchio – proprietà Comune Fucecchio","28/11/2025 12:15:58","28/11/2025 12:15:58"
"CMFIP218","UNIONE COMUNI DEI CIRCONDARIO EMPOLESE VALDELSA","D403","4020","21/06/2017","Rilevatore istantaneo della velocita FISSO","EngiNe SpA","EnVES EVO MVD 1605","non specificato","0x0002EAC6","S.P. 13 'Montalbano' km.6+365 in direzione Vinci - Mercatale – fuori centro abitato – Comune di Vinci – proprietà","28/11/2025 12:15:58","14/11/2025 11:22:21"
"CMFIP218","UNIONE COMUNI DEI CIRCONDARIO EMPOLESE VALDELSA","D403","4020","21/06/2017","Rilevatore istantaneo della velocita FISSO","EngiNe SpA","EnVES EVO MVD 1605","non specificato","0x00032BD0","S.R. 436 Francesca Km 18+465 direzione di marcia Fucecchio-Stabbia – fuori centro abitato - Comune di Cerreto Guidi – proprietà","28/11/2025 12:15:58","26/11/2025 14:21:09"
"CMFIP218","UNIONE COMUNI DEI CIRCONDARIO EMPOLESE VALDELSA","D403","4020","21/06/2017","Rilevatore istantaneo della velocita FISSO","EngiNe SpA","EnVES EVO MVD 1605","non specificato","0x0002EC15","S.S. 67 'Tosco Romagnola' km 57+072 direzione di marcia Montelupo F.no - Firenze – fuori centro abitato – Comune di Montelupo F.no - proprietà","28/11/2025 12:15:58","14/11/2025 11:22:21"
"CMFIP218","UNIONE COMUNI DEI CIRCONDARIO EMPOLESE VALDELSA","D403","4020","21/06/2017","Rilevatore istantaneo della velocita FISSO","EngiNe SpA","EnVES EVO MVD 1605","non specificato","0x00029554","S.S. 67 Tosco Romagnola - km 53+850 direzione di marcia Montelupo F.no – Empoli – centro abitato Fibbiana – Comune di Montelupo F.no – proprietà","28/11/2025 12:15:58","14/11/2025 11:22:21"
"CMFIP218","UNIONE COMUNI DEI CIRCONDARIO EMPOLESE VALDELSA","D403","4020","21/06/2017","Rilevatore istantaneo della velocita FISSO","EngiNe SpA","EnVES EVO MVD 1605","non specificato","0x0002955F","S.S. 67 Tosco Romagnola - km 53+850 direzione di marcia Empoli - Montelupo F.no – centro abitato Fibbiana - Comune di Montelupo F.no – proprietà","28/11/2025 12:15:58","14/11/2025 11:22:21"
"CMFIP218","UNIONE COMUNI DEI CIRCONDARIO EMPOLESE VALDELSA","D403","3248","13/06/2011","Rilevatore istantaneo della velocita MOBILE","ELTRAFF srl","TELELASER","TRUSPEED","TS005657","in dotazione al C.T. Certaldo – proprietà","28/11/2025 12:15:58","14/11/2025 11:22:21"
"CMFIP220","POLIZIA LOCALE COMUNE DI RIGNANO SULL'ARNO","H286","73581","05/06/2018","DISPOSITIVO DI MISURA DELLA VELOCITA' ISTANTANEA","SODI SCIENTIFICA S.R.L.","AUTOVELOX","106","CPU N°955002 RILEVATORE N°953551","","21/11/2025 13:14:40","21/11/2025 13:14:40"
"CMFIP220","POLIZIA LOCALE COMUNE DI RIGNANO SULL'ARNO","H286","242","05/07/2018","Mobile per misurazione velocità istantanea","Società Eltraff S.r.l.","Telelaser TruCamHD","Telelaser TruCamHD","TC007380","","21/11/2025 13:14:40","21/11/2025 13:14:40"
"CMFIP221","POLIZIA LOCALE LONDA SAN GODENZO;","E668;","20923;","02/03/2007;","FISSO;","ELTRAFF;","VELOMATIC;","512D+;","4335-4351;","ESTENSIONE DI APPROVAZIONE 0000054 DEL 08/03/2021;","11/11/2025 10:45:06","11/11/2025 10:45:06"
"CMFIP221","POLIZIA LOCALE LONDA SAN GODENZO;","H937;","20923;","02/03/2007;","FISSO;","ELTRAFF;","VELOMATIC;","512D+;","8070-7952;","ESTENSIONE DI APPROVAZIONE 0000054 DEL 08/03/2021;","11/11/2025 10:45:06","11/11/2025 10:45:06"
"CMFIP221","POLIZIA LOCALE LONDA SAN GODENZO;","H937;","20923;","02/03/2007;","FISSO;","ELTRAFF;","VELOMATIC;","512D;","5263-5242;","ESTENSIONE DI APPROVAZIONE 103683 DEL 30/12/2010;","11/11/2025 10:45:06","11/11/2025 10:45:06"
"CMFMP207","POLIZIA LOCALE DI PEDASO","G408","20923","02.03.2007","fisso-mobile","ELTRAFF","VELOMATIC","512D+","1835-1810","estensione di approvazione n.0000054 del 08.03.2021. Regime di utilizzo: Noleggio","28/11/2025 14:16:27","28/11/2025 14:16:27"
"CMFO0014","COMUNE DI CESENA","C573","271","11/07/2023","ACC. VELOCITA’ ISTANTANEA","VELOCAR","VRS EVO 2","VRS EVO T12-5-R54","788","QL240593","07/10/2025 10:53:12","07/10/2025 10:53:12"
"CMFO0014","COMUNE DI CESENA","C573","3248","13/06/2011","ACC. VELOCITA’ ISTANTANEA","ELTRAFF","Teleaser Tru-Cam","TRUCAM HD","TC006613","","07/10/2025 10:53:12","07/10/2025 10:53:12"
"CMFOP000","POLIZIA LOCALE COMUNE DI FORLI'","D704","3758","06/08/2014","RILEVATORE DI VELOCITA' IN MODALITA' ISTANTANEA","SODI SCIENTIFICA","AUTOVELOX 106","NON PRESENTE","950292","NON IN POSTAZIONE FISSA","04/11/2025 09:59:51","04/11/2025 09:59:51"
"CMFOP000","POLIZIA LOCALE COMUNE DI FORLI'","D704","242","05/07/2018","RILEVATORE DI VELOCITA' IN MODALITA' ISTANTANEA","ELTRAFF SRL","TRUCAM HD","NON PRESENTE","TC006566","NON IN POSTAZIONE FISSA","04/11/2025 09:59:51","04/11/2025 09:59:51"
"CMFOP000","POLIZIA LOCALE COMUNE DI FORLI'","D704","1824","20/03/2000","RILEVATORE DI VELOCITA' IN MODALITA' ISTANTANEA","ELTRAFF SRL","TELELASER ULTRALYTE","NON PRESENTE","UL020073","NON IN POSTAZIONE FISSA - GESTIONE ASSOCIATA COMUNE DI CASTROCARO TERME E TERRA DEL SOLE","04/11/2025 09:59:51","04/11/2025 09:59:51"
"CMFOP000","POLIZIA LOCALE COMUNE DI FORLI'","D704","1824","20/03/2000","RILEVATORE DI VELOCITA' IN MODALITA' ISTANTANEA","ELTRAFF SRL","TELELASER ULTRALYTE","NON PRESENTE","UL003814","NON IN POSTAZIONE FISSA","04/11/2025 09:59:51","04/11/2025 09:59:51"
"CMFOP001","POLIZIA LOCALE RICCIONE","H274","48","01/03/2021","Rilevatore di velocita, postazione fissa","AGUIA Red & Speed","AGUIA-T5-5-R","Non presente","16434","Prot. Fasc. n. 38/2025 Decreto Autovelox Prefettura di Rimini","10/10/2025 10:16:01","10/10/2025 10:16:01"
"CMFOP001","POLIZIA LOCALE RICCIONE","H274","3758","06/08/2014","Rilevatore di velocita in modalità istantanea","Sodi Scientifica","Autovelox 106","Non presente","947445","","10/10/2025 10:16:01","10/10/2025 10:16:01"
"CMFOP003","Comune di Rimini","h294","48","01/03/2021","Rilevatore di velocità in modalità istantanea","Safety21 S.p.a. già Velocar S.r.l.","Aguia-T5-5-R","Aguia-T5-5-R-HR1","16546","s.m.i.","13/03/2026 14:47:53","13/03/2026 14:47:53"
"CMFOP003","Comune di Rimini","h294","48","01/03/2021","Rilevatore di velocità in modalità istantanea","Safety21 S.p.a. già Velocar S.r.l.","Aguia-T5-5-R","Aguia-T5-5-R-HR1","16547","s.m.i.","13/03/2026 14:47:53","13/03/2026 14:47:53"
"CMFOP003","Comune di Rimini","h294","48","01/03/2021","Rilevatore di velocità in modalità istantanea","Safety21 S.p.a. già Velocar S.r.l.","Aguia-T5-5-R","Aguia-T5-5-R-HR1","16548","s.m.i.","13/03/2026 14:47:53","13/03/2026 14:47:53"
"CMFOP003","Comune di Rimini","h294","48","01/03/2021","Rilevatore di velocità in modalità istantanea","Safety21 S.p.a. già Velocar S.r.l.","Aguia-T5-5-R","Aguia-T5-5-R-HR1","16549","s.m.i.","13/03/2026 14:47:53","13/03/2026 14:47:53"
"CMFOP003","Comune di Rimini","h294","3248","03/06/2011","mobile","Eltraff S.r.l.","Telelaser","Trucam HD","TC008503","Estensione di approvazione 0000242 del 05/07/2018","13/03/2026 14:47:53","22/10/2025 11:52:04"
"CMFOP003","Comune di Rimini","h294","3248","03/06/2011","mobile","Eltraff S.r.l.","Telelaser","Trucam HD","TC006659","Estensione di approvazione 0000242 del 05/07/2018","13/03/2026 14:47:53","22/10/2025 11:52:04"
"CMFOP003","Comune di Rimini","h294","60","20/01/2014","mobile","Sintel Italia","Scout Speed","non prente","DS047206","","13/03/2026 14:47:53","22/10/2025 11:52:04"
"CMFOP004","POLIZIA LOCALE CATTOLICA","C357","38/2025","17/06/25","FISSO","SODI SCIENTIFICA","AUTOVELOX","106","950486","","09/10/2025 14:35:43","09/10/2025 14:35:43"
"CMFOP006","comune di San Giovanni in Marignano Polizia Locale","H921","3758","06/08/14","rilevatore di velocità in modalità istantanea","sodi scientifica","Autovelox 106","non presente","953194","","11/11/2025 10:26:58","11/11/2025 10:26:58"
"CMFOP008","Polizia Locale Comune di Cesenatico","C574","342","02/10/2025","Rilevatore di velocità in modalità istantanea","Velocar Safety21","VRS-EVO-R","VRS-EVO-T125-5-R","642","","30/10/2025 16:19:25","30/10/2025 16:19:25"
"CMFOP009","Polizia Locale Bellaria Igea Marina","A747","342","02/10/2025","Dispositivo rilevamento velocità istantanea fisso","Safety21 S.p.A.","Velocar Red&Speed EVO-R","ND","522","Dec.App.n.4708_01/08/2016 Dec.sub.tit.n.227_04/07/2025 SS16 189+900 RN-RA - RN-RA","12/11/2025 12:24:45","06/10/2025 08:37:30"
"CMFOP009","Polizia Locale Bellaria Igea Marina","A747","342","02/10/2025","Dispositivo rilevamento velocità istantanea fisso","Safety21 S.p.A.","Velocar Red&Speed EVO-R","ND","523","Dec.App.n.4708_01/08/2016 Dec.sub.tit.n.227_04/07/2025 SS16 190+868 RA-RN - RA-RN","12/11/2025 12:24:45","06/10/2025 08:37:30"
"CMFOP011","POLIZIA LOCALE MISANO ADRIATICO","F244","476","09/12/2025","Rilevatore di velocità in modalità istantanea","Sodi Scientifica","Autovelox 106","Non presente","955925","Prot. Fasc. n. 38/2025 Decreto Autovelox Prefettura di Rimini","09/03/2026 08:40:04","09/03/2026 08:40:04"
"CMFOP012","UNIONEVALCONCA-POLIZIA LOCALE","F715","903","27/06/2006","AUTOVELOX","SODI SCIENTIFICA","104","E","925609-CPU944884","","12/01/2026 15:55:48","12/01/2026 15:55:48"
"CMFOP012","UNIONEVALCONCA-POLIZIA LOCALE","F715","242","05/07/2018","TELELASER","ELTRAFF","TRUCAM","HD","TC009534","NR-DEC.ESTENSIONE APPROVAZIONE 3248 DEL 13.06.2011","12/01/2026 15:55:48","09/10/2025 08:29:53"
"CMFOP018","POLIZIA LOCALE MELDOLA PREDAPPIO","F097 H017","3248 242 42","13/06/11-05/07/18-17/02/26","TELELASER","ELTRAFF","TRUCAM","HD","TC007049","Utilizzato a Meldola e Predappio","21/03/2026 10:34:49","13/11/2025 17:52:26"
"CMFOP202","Polizia Locale Gambettola","D899","3248","13/06/2011","mobile","eltraff","telelaser","trucam HD","TC010686","Estensione approvazione 242 del 05/07/2018","01/12/2025 09:13:54","01/12/2025 09:13:54"
"CMFOP209","POLIZIA LOCALE COMUNE DI  LONGIANO","E675","3248","13/06/2011","MOBILE","ELTRAFF","TELELASER","TRUCAM HD","ND","","23/10/2025 12:53:14","23/10/2025 12:53:14"
"CMFOP210","Polizia Locale Comune di bagno di Romagna","A565","3248","13/06/2011","MOBILE","ELTRAFF","TELELASER","TRUCAM","TC001280","","21/11/2025 10:11:46","21/11/2025 10:11:46"
"CMFOP217","polizia_locale_associata_comuni_di_bertinoro_e_forlimpopoli;","a809;","20923;","02/03/2007;","mobile;","eltraff;","velomatic;","512d;","7094_7159;","","09/02/2026 12:48:37","23/10/2025 17:26:07"
"CMFOP217","polizia_locale_associata_comuni_di_bertinoro_e_forlimpopoli;","a809;","1824;","20/03/200;","mobile;","eltraff;","telelaser;","ultralyte;","ul005340;","","09/02/2026 12:48:37","23/10/2025 17:26:07"
"CMFOP217","polizia_locale_associata_comuni_di_bertinoro_e_forlimpopoli;","a809;","1824;","20/03/200;","mobile;","eltraff;","telelaser;","ultralyte;","ul024002;","","09/02/2026 12:48:37","23/10/2025 17:26:07"
"CMFOP217","polizia_locale_associata_comuni_di_bertinoro_e_forlimpopoli;","a809;","20923;","02/03/2007;","mobile;","eltraff;","velomatic;","512d;","7644_7624;","","09/02/2026 12:48:37","12/11/2025 13:57:16"
"CMFOP217","polizia_locale_associata_comuni_di_bertinoro_e_forlimpopoli;","a809;","20923;","02/03/2007;","mobile;","eltraff;","velomatic;","512d;","7870_7783;","","09/02/2026 12:48:37","12/11/2025 13:57:16"
"CMFOP217","polizia_locale_associata_comuni_di_bertinoro_e_forlimpopoli;","a809;","0000242;","05/07/2018;","mobile;","eltraff;","telelaser;","trucamHD;","tc013161;","","09/02/2026 12:48:37","09/02/2026 12:48:37"
"CMFOP218","POLIZIA LOCALE SAN MAURO PASCOLI (FC)","I027","1824","20/03/2000","TELELASER","ELTRAFF","ULTRALYTE","3653","UL018450","","09/10/2025 12:57:32","09/10/2025 12:57:32"
"CMFOP219","Polizia Locale Santa Sofia","I310","3248","13/06/2011","Mobile","Eltraff","Telelaser","Trucam","TC002902","","09/12/2025 12:31:52","09/12/2025 12:31:52"
"CMFRP008","Comune di Veroli – Polizia Locale","L780","Decreto dirigenziale n. 356","18/08/2021","Dispositivo automatico velocità istantanea","Maggioli Spa","Autosc@n Speed","non presente","2022.0058","","17/10/2025 12:07:40","17/10/2025 12:07:40"
"CMFRP008","Comune di Veroli – Polizia Locale","L780","Decreto dirigenziale n. 2483","10/11/1993","Dispositivo automatico velocità istantanea","Sodi Scientifica Spa","104/C2","non presente","45129-44949","","17/10/2025 12:07:40","17/10/2025 12:07:40"
"CMFRP208","Polizia locale di Monte San Giovanni Campano","F620","550","23-dic-21","autovelox fisso","EnVES","EVO MVD 1605","versione 1-2-0 dicembre 2019","0x00028CCE","SS 214 Maria Isola Casamari km 24+120 direzione Sora","17/10/2025 10:54:17","17/10/2025 10:54:17"
"CMFRP220","Polizia Provinciale di Frosinone","IT FR","1323","08_03_2012","misurazione velocit","Sintel Italia","Scout Speed","IIS","HW 4220 SW 4220","","06/11/2025 08:36:13","06/11/2025 08:36:13"
"CMFRP220","Polizia Provinciale di Frosinone","IT FR","3248","13_06_2011","misurazione velocit","Laser Technology Incorporated","Tele Laser Tracam","HD","TC009444","","06/11/2025 08:36:13","06/11/2025 08:36:13"
"CMFRP229","POLIZIA LOCALE COMUNE DI ACUTO","A054","NR. 356 DEL 18-08-2021","18/08/2021","DISPOSITIVO AUTOMATICO VELOCITà ISTANTANEA","MAGGIOLI S.P.A.","Autosc@n Speed","non presente","2024_0097","certificato di taratura Q806_2025_ACCR_VX","15/10/2025 09:50:29","15/10/2025 09:50:29"
"CMFRP236","Polizia Locale Comune di San Giorgio A Liri","H880","550","23/12/2021","Apparato di rilevamento di velocita' istantanea","Engine S.P.A","EnVES EVO MVD 1605","'-","0x0003BA6A","","12/11/2025 13:05:28","12/11/2025 13:05:28"
"CMFRP239","POLIZIA LOCALE VICO NEL LAZIO","L843","3758;80;","06//08/2014;21/02/2024","AUTOVELOX MOBILE","SODI SCIENTIFICA SRL","AUTOVELOX 106","AUTOVELOX 106","RILEVATORE 952275 - CPU 955937","","03/12/2025 12:46:55","03/12/2025 12:46:55"
"CMGEP000","CORPO POLIZIA LOCALE DEL COMUNE DI GENOVA","D969","183","2020-06-01","FISSO per controllo velocità istantanea","EngiNe Sr.l.","EnVES EVO MVD 1605","con telecamere AXIS P1375","AL1046H","Corso Europa dir. Levante Altezza Civ. 546","10/03/2026 12:07:43","10/03/2026 12:07:43"
"CMGEP000","CORPO POLIZIA LOCALE DEL COMUNE DI GENOVA","D969","349","2021-08-16","FISSO per controllo velocità istantanea","EngiNe S.r.l.","CELERITAS MVD 2020","Vista EnVES08-4KM","AL0022K","C. Europa altezza cavalcavia Don Bosco direzione Levante","10/03/2026 12:07:43","10/03/2026 12:07:43"
"CMGEP000","CORPO POLIZIA LOCALE DEL COMUNE DI GENOVA","D969","349","2021-08-16","FISSO per controllo velocità istantanea","EngiNe S.r.l.","CELERITAS MVD 2020","Vista EnVES08-4KM","AL0023K","C. Europa altezza cavalcavia Don Bosco direzione Ponente","10/03/2026 12:07:43","10/03/2026 12:07:43"
"CMGEP000","CORPO POLIZIA LOCALE DEL COMUNE DI GENOVA","D969","183","2020-06-01","FISSO  per controllo velocità istantanea","EngiNe S.r.l.","EnVES EVO MVD 1605","con telecamere AXIS P1375","AL0813H","C. Europa in corrispondenza del civico 213 nero dir. levante","10/03/2026 12:07:43","10/03/2026 12:07:43"
"CMGEP000","CORPO POLIZIA LOCALE DEL COMUNE DI GENOVA","D969","183","2020-06-01","FISSO per controllo velocità istantanea","EngiNe S.r.l.","EnVES EVO MVD 1605","con telecamere AXIS P1375","AL0814H","C. Europa in corrispondenza del civico 200 nero dir. ponente","10/03/2026 12:07:43","10/03/2026 12:07:43"
"CMGEP000","CORPO POLIZIA LOCALE DEL COMUNE DI GENOVA","D969","550","2021-12-23","FISSO per controllo velocità istantanea","EngiNe S.r.l.","EnVES EVO MVD 1605","con telecamera Vista EnVES06plus","AN1599H","Via Polonio Direzione Mare altezza civ 20","10/03/2026 12:07:43","10/03/2026 12:07:43"
"CMGEP000","CORPO POLIZIA LOCALE DEL COMUNE DI GENOVA","D969","550","2021-12-23","FISSO per controllo velocità istantanea","EngiNe S.r.l.","EnVES EVO MVD 1605","con telecamera Vista EnVES06plus","AN1600H","Via Polonio Direzione Pontedecimo altezza civ 20","10/03/2026 12:07:43","10/03/2026 12:07:43"
"CMGEP000","CORPO POLIZIA LOCALE DEL COMUNE DI GENOVA","D969","4020","2017-06-21","FISSO per controllo velocità istantanea","EngiNe S.r.l.","EnVES EVO MVD 1605","con telecamera AXISP1365MKII","AM1210H","C.so Europa altezza Via Mendozza dir. Ponente","10/03/2026 12:07:43","10/03/2026 12:07:43"
"CMGEP000","CORPO POLIZIA LOCALE DEL COMUNE DI GENOVA","D969","4020","2017-06-21","FISSO per controllo velocità istantanea","EngiNe S.r.l.","EnVES EVO MVD 1605","con telecamera AXISP1365MKII","AL1065H","C.so Europa altezza Passo Pio Parma dir. Levante","10/03/2026 12:07:43","10/03/2026 12:07:43"
"CMGEP000","CORPO POLIZIA LOCALE DEL COMUNE DI GENOVA","D969","4020","2017-06-21","FISSO per controllo velocità istantanea","EngiNe S.r.l","EnVES EVO MVD 1605","con telecamera AXISP1365MKII","AL0932H","S.S.1 Lungomare Giuseppe Canepa dir. levante","10/03/2026 12:07:43","10/03/2026 12:07:43"
"CMGEP000","CORPO POLIZIA LOCALE DEL COMUNE DI GENOVA","D969","4018","2017-06-21","FISSO per controllo velocità media","EngiNe S.r.l.","CELERITAS EVO 1506","con telecamera AXISP1365","non applicabile","Str. Urbana di scorrimento - str. sopraelevata  Aldo Moro tratto  tra via delle Casacce mat AL1067H uscita Sampierdarena mat AM1500H direzione ponente","10/03/2026 12:07:43","25/11/2025 12:52:15"
"CMGEP000","CORPO POLIZIA LOCALE DEL COMUNE DI GENOVA","D969","4018","2017-06-21","FISSO per controllo velocità media","EngiNe S.r.l.","CELERITAS EVO 1506","con telecamera AXISP1365","non applicabile","Str. Urbana di scorrimento - str. sopraelevata Aldo Moro tratto tra entrata Sampierdarena AM1501H e uscita via Cavour AL1069H direz. levante","10/03/2026 12:07:43","25/11/2025 12:52:15"
"CMGEP000","CORPO POLIZIA LOCALE DEL COMUNE DI GENOVA","D969","3248","2011-06-13","MOBILE","ELTRAF S.R.L.","TRUCAM","Teleaser Tru-Cam","TC005864","","10/03/2026 12:07:43","25/11/2025 12:52:15"
"CMGEP000","CORPO POLIZIA LOCALE DEL COMUNE DI GENOVA","D969","3248","2011-06-13","MOBILE","ELTRAF S.R.L.","TRUCAM","Teleaser Tru-Cam","TC004064","","10/03/2026 12:07:43","25/11/2025 12:52:15"
"CMGEP000","CORPO POLIZIA LOCALE DEL COMUNE DI GENOVA","D969","1824","2000-03-20","MOBILE","ELTRAF S.R.L.","Telelaser ULTRALYTE","/","UL016477","","10/03/2026 12:07:43","25/11/2025 12:52:15"
"CMGEP000","CORPO POLIZIA LOCALE DEL COMUNE DI GENOVA","D969","3248","2011-06-13","MOBILE","ELTRAF S.R.L.","TRUCAM","Teleaser Tru-Cam","TC004084","","10/03/2026 12:07:43","25/11/2025 12:52:15"
"CMGEP000","CORPO POLIZIA LOCALE DEL COMUNE DI GENOVA","D969","3248","2011-06-13","MOBILE","ELTRAF S.R.L.","TRUCAM","Teleaser Tru-Cam","TC005859","","10/03/2026 12:07:43","25/11/2025 12:52:15"
"CMGEP000","CORPO POLIZIA LOCALE DEL COMUNE DI GENOVA","D969","242","2018-07-05","MOBILE","ELTRAF S.R.L.","TRUCAM HD","Telelaser TruCam HD","TC007980","","10/03/2026 12:07:43","25/11/2025 12:52:15"
"CMGEP000","CORPO POLIZIA LOCALE DEL COMUNE DI GENOVA","D969","3248","2011-06-13","MOBILE","ELTRAF S.R.L.","TRUCAM","Teleaser Tru-Cam","TC005861","","10/03/2026 12:07:43","25/11/2025 12:52:15"
"CMGEP000","CORPO POLIZIA LOCALE DEL COMUNE DI GENOVA","D969","3248","2011-06-13","MOBILE","ELTRAF S.R.L.","TRUCAM","/","TC005858","","10/03/2026 12:07:43","25/11/2025 12:52:15"
"CMGEP000","CORPO POLIZIA LOCALE DEL COMUNE DI GENOVA","D969","3248","2011-06-13","MOBILE","ELTRAF S.R.L.","TRUCAM","Teleaser Tru-Cam","TC005860","","10/03/2026 12:07:43","25/11/2025 12:52:15"
"CMGEP000","CORPO POLIZIA LOCALE DEL COMUNE DI GENOVA","D969","4020","2017-06-21","FISSO per controllo velocità istantanea","EngiNe S.r.l.","EnVES EVO MVD 1605","con telecamera mod. AXIS P1365MKII","AL1068H","Via Pra' altezza civico 1A direzione ponente","10/03/2026 12:07:43","10/03/2026 12:07:43"
"CMGEP000","CORPO POLIZIA LOCALE DEL COMUNE DI GENOVA","D969","4020","2017-06-21","FISSO per controllo velocità istantanea","EngiNe S.r.l.","EnVES EVO MVD 1605","con telecamera mod. AXIS P1365MKII","AL1068H","Via Pra' altezza civico 1A direzione levante","10/03/2026 12:07:43","10/03/2026 12:07:43"
"CMGEP000","CORPO POLIZIA LOCALE DEL COMUNE DI GENOVA","D969","4020","2017-06-21","FISSO per controllo velocità istantanea","EngiNe S.r.l.","EnVES EVO MVD 1605","con telecamera AXISP1365MKII","AL0997H","Via Guido Rossa dir. Levante  altezza palo P.I. in prossimita' del punto 44.411162 - 8.881162","10/03/2026 12:07:43","10/03/2026 12:07:43"
"CMGEP000","CORPO POLIZIA LOCALE DEL COMUNE DI GENOVA","D969","4020","2017-06-21","FISSO per controllo velocità istantanea","EngiNe S.r.l.","EnVES EVO MVD 1605","con telecamera AXISP1365MKII","AL0994H","Via Guido Rossa dir. Ponente altezza palo P.I. in prossimita' del punto 44 413170 - 8 871464","10/03/2026 12:07:43","10/03/2026 12:07:43"
"CMGEP000","CORPO POLIZIA LOCALE DEL COMUNE DI GENOVA","D969","4020","2017-06-21","FISSO per controllo velocità istantanea","EngiNe S.r.l.","EnVES EVO MVD 1605","con telecamera AXISP1365MKII","AL0988H","Strada Aldo Moro in prossimita' del p.i. D63  direzione ponente","10/03/2026 12:07:43","10/03/2026 12:07:43"
"CMGEP000","CORPO POLIZIA LOCALE DEL COMUNE DI GENOVA","D969","4020","2017-06-21","FISSO per controllo velocità istantanea","EngiNe S.r.l.","EnVES EVO MVD 1605","con telecamera AXISP1365MKII","AL0996H","Strada Aldo Moro altezza palo p.i. U29 direzione levante","10/03/2026 12:07:43","10/03/2026 12:07:43"
"CMGEP000","CORPO POLIZIA LOCALE DEL COMUNE DI GENOVA","D969","4020","2017-06-21","FISSO per controllo velocità istantanea","EngiNe S.r.l.","EnVES EVO MVD 1605","con telecamera mod. AXIS P1365MKII","AL1066H","Via Pra' altezza civico 70 direzione ponente","10/03/2026 12:07:43","10/03/2026 12:07:43"
"CMGEP000","CORPO POLIZIA LOCALE DEL COMUNE DI GENOVA","D969","4020","2017-06-21","FISSO per controllo velocità istantanea","EngiNe S.r.l.","EnVES EVO MVD 1605","con telecamera mod. AXIS P1365MKII","AL1066H","Via Pra' altezza civico 70 direzione levante","10/03/2026 12:07:43","10/03/2026 12:07:43"
"CMGEP001","Polizia Locale comune di Sestri Levante","I693","OM.MIN.LL.PP.182400","20,03,2000","telelaser","Laser Technology Incorporated","UltraLyte","UltraLyte","UL006195","certificato di taratura LAT 101 R601_2025_ACCR_VX","05/12/2025 16:25:42","05/12/2025 16:25:42"
"CMGEP003","POLIZIA LOCALE PIEVE LIGURE","G6466","38","17/02/2026","FISSO","ENGINE","EnVES EVO","MVD 2005","0x00043CDF","dir. Ponente","02/04/2026 18:16:15","02/04/2026 18:16:15"
"CMGEP003","POLIZIA LOCALE PIEVE LIGURE","G6466","38","17/02/2026","FISSO","ENGINE","EnVES EVO","MVD 2005","0x00043F2E","dir. Levante","02/04/2026 18:16:15","02/04/2026 18:16:15"
"CMGEP004","Comando Polizia Locale Rapallo","H183","3248","13/06/2011","MOBILE","ELTRAFF","TELELASER","TRUCAM","TC008194","","04/10/2025 11:06:12","04/10/2025 11:06:12"
"CMGEP005","POLIZIA LOCALE S. MARGHERITA LIGURE","I225","612","04/02/2011","MOBILE","KUSTOM SIGNALS INCORPORATED","PROLASER","III","PL40883","","05/12/2025 16:25:38","05/12/2025 16:25:38"
"CMGEP009","Comune_di_Chiavari_-_Polizia_Municipale","C621","1584","03/04/2014","Di_misura_della_velocità_istantanea_di_veicoli","EngiNe","EnVES_EVO_MVD_1309","EnVES_EVO_MVD_1309","CMP3636129","","21/10/2025 13:28:31","21/10/2025 13:28:31"
"CMGEP009","Comune_di_Chiavari_-_Polizia_Municipale","C621","1584","03/04/2014","Di_misura_della_velocità_istantanea_di_veicoli","EngiNe","EnVES_EVO_MVD_1309","EnVES_EVO_MVD_1309","CMP3622129","","21/10/2025 13:28:31","21/10/2025 13:28:31"
"CMGEP011","OPERATORE COMUNALE CUDE LAVAGNA","E488","3248","13/06/11","MOBILE","ELTRAFF","TELELASER","TRUCAM HD","TC008535","ESTENSIONEDI APPROVAZIONE 0000242 DEL 05/07/2018","17/10/2025 15:17:28","17/10/2025 15:17:28"
"CMGEP209","Polizia Locale di Busalla","B282","2961","27/11/1989","MOBILE -rilevatore di velocità in mod.istantanea","Eltraff","Velomatic","512D","7209-7255","NOLEGGIO","13/12/2025 12:35:22","13/12/2025 12:35:22"
"CMGEP211","COMUNE DI DAVAGNA","D255","236","05/06/2023","AUTOVELOX - VELOCITA' ISTANTANEA","KRIA","T-EXSPEED","T-EXSPEED","4410170","SS 45 - Km. 21+440 Bidirezionale - Decreto Prefettizio del 29/08/2024","24/10/2025 12:32:13","24/10/2025 12:32:13"
"CMGEP217","COMUNE DI RONCO SCRIVIA","H536","257","19/01/2016","DISPOSITIVO DI MISURA DELLA VELOCITA' ISTANTANEA","ITALTRAFF","PHOTORED F17DR","F17DR","10","","03/10/2025 08:39:18","03/10/2025 08:39:18"
"CMGEP222","POLIZIA MUNICIPALE DI MIGNANEGO","F202","3758","06/08/14","AUTOVELOX MIBILE","Sodi Scientifica s.r.l.","Autovelox 106","nessuna","955389","nessuna","07/10/2025 06:31:48","07/10/2025 06:31:48"
"CMGEP223","COMUNE DI TORRIGLIA","L298","20923","02/03/2007","Fisso/Mobile","Eltraff","Velomatic","512D","2580+2491","Estensione di approvazione 5913 del 17/12/2014","06/03/2026 08:52:16","22/10/2025 09:23:29"
"CMGEP223","COMUNE DI TORRIGLIA","L298","20923","02/03/2007","Fisso/Mobile","Eltraff","Velomatic","512D","2926+2905","Estensione di approvazione 5913 del 17/12/2014","06/03/2026 08:52:16","21/11/2025 08:21:50"
"CMGOP000","POLIZIA LOCALE DI GORIZIA","E098","3248","13/06/2011","Telelaser","Eltraff","truCam","TC100-1.19-7/R.2.8.12","TC004735","","30/10/2025 17:13:16","30/10/2025 17:13:16"
"CMGOP002","Polizia Locale di Monfalcone","F356","3248","13/06/2011","Telelaser","Eltraff","Truspeed","Versione unica","TS008558","","08/01/2026 12:37:36","07/01/2026 18:32:05"
"CMGOP002","Polizia Locale di Monfalcone","F356","3758","06/08/2014","Autovelox","Sodi Scientifica","Autovelox 106","prima versione","950251(cpu)-955403(rilevatore)","","08/01/2026 12:37:36","08/01/2026 12:37:36"
"CMGOP003","Polizia Locale di Gradisca d'Isonzo","E124","3758","06/08/2014","Rilevatore di velocità in modalità istantanea","Sodi Scientifica","Autovelox 106","non presente","956775","","25/11/2025 10:27:36","25/11/2025 10:27:36"
"CMGOP005","COMUNE DI SAN CANZIAN D'ISONZO - POLIZIA LOCALE","H787","3248","13/06/2011","MOBILE","ELTRAFF","TELELASER","TRUCAM HD","TC008004","Estensione di approvazione 0000242 del 05/07/2018","22/10/2025 09:54:23","22/10/2025 09:54:23"
"CMGOP005","COMUNE DI SAN CANZIAN D'ISONZO - POLIZIA LOCALE","H787","3758","06/08/2014","MOBILE","SODI SCIENTIFICA","AUTOVELOX","106","952272","","22/10/2025 09:54:23","22/10/2025 09:54:23"
"CMGOP211","Polizia Locale del Comune di Romans d'Isonzo (GO)","CMGOP21101","4199","08 09 1997","MOBILE","ELTRAFF","TELELASER","LTI  20-20","ND","Estensione di approvazione 4353 del 15/09/1997.Mantenuto e tarato puo' essere utilizzato (Circolari Mit e Mint 13.12.2013, Mint 21.07.2017).","28/11/2025 14:17:32","27/11/2025 14:08:19"
"CMGOP211","Polizia Locale del Comune di Romans d'Isonzo (GO)","CMGOP21101","20923","02 03 2007","FISSO/MOBILE","ELTRAFF","VELOMATIC","512D","ND","Estensione di approvazione 103683 del 30/12/2010. Concesso in locazione dalla ditta NOI SICURI PROJECT SRL","28/11/2025 14:17:32","27/11/2025 14:08:19"
"CMGRP000","Polizia Locale Comune di Grosseto","E202","3758","06/08/2014","Rilevatore velocità in modalità istantanea","SODI SCIENTIFICA","Autovelox 106","Non presente","953530","Conferma di approvazione Decreto 476 del 9/12/2025","08/04/2026 15:50:54","01/12/2025 09:31:55"
"CMGRP000","Polizia Locale Comune di Grosseto","E202","3758","06/08/2014","CPU di rilevatore mobile in modalità istantanea","SODI SCIENFIFICA","Autovelox 106","Non presente","954988","Conferma di approvazione Decreto 476 del 9/12/2025","08/04/2026 15:50:54","01/12/2025 15:30:15"
"CMGRP000","Polizia Locale Comune di Grosseto","E202","3758","06/08/2014","Rilevatore velocità in modalità istantanea","SODI SCIENTIFICA","Autovelox 106","Non presente","947751","Conferma di approvazione Decreto 476 del 9/12/2025","08/04/2026 15:50:54","01/12/2025 09:49:33"
"CMGRP000","Polizia Locale Comune di Grosseto","E202","3758","06/08/2014","CPU di rilevatore mobile in modalità istantanea","SODI SCIENFIFICA","Autovelox 106","Non presente","948748","Conferma di approvazione Decreto 476 del 9/12/2025","08/04/2026 15:50:54","01/12/2025 15:30:15"
"CMGRP000","Polizia Locale Comune di Grosseto","E202","3248","13/06/2011","Mobile","ELTRAFF","Telelaser","Trucam","TC001742","","08/04/2026 15:50:54","01/12/2025 09:49:33"
"CMGRP002","POLIZIA LOCALE COMUNE DI ORBETELLO","G088","3758","06/08/2014","Rilevatore","Sodi Scientifica","Autovelox 106","ND","947167","CONFERMA DI APPROVAZIONE 476 09/12/2025","17/02/2026 15:40:12","10/10/2025 08:25:30"
"CMGRP002","POLIZIA LOCALE COMUNE DI ORBETELLO","G088","3758","06/08/2014","CPU","Sodi Scientifica","Autovelox 106","ND","947036","CONFERMA DI APPROVAZIONE 476 09/12/2025","17/02/2026 15:40:12","10/10/2025 08:25:30"
"CMGRP002","POLIZIA LOCALE COMUNE DI ORBETELLO","G088","3758","06/08/2014","Rilevatore","Sodi Scientifica","Autovelox 106","ND","955365","CONFERMA DI APPROVAZIONE 476 09/12/2025","17/02/2026 15:40:12","10/10/2025 08:25:30"
"CMGRP002","POLIZIA LOCALE COMUNE DI ORBETELLO","G088","3758","06/08/2014","CPU","Sodi Scientifica","Autovelox 106","ND","955913","CONFERMA DI APPROVAZIONE 476 09/12/2025","17/02/2026 15:40:12","10/10/2025 08:25:30"
"CMGRP004","POLIZIA LOCALE SCARLINO","I510","Prot. n° 4020","21/06/2017","RILEVATORE FUNZIONE AVVICINAMENTO  ALLONTANAMENTO","EngiNe s.r.l.","ENVES EVO 1605","SPEED VELOX STATIC","AJ0449H","","03/10/2025 10:38:50","03/10/2025 10:38:50"
"CMGRP006","Comune Follonica","D656","476","09/12/2025","Autovelox","SODI SCIENTIFICA","106","106","949698","cpu 946989","23/04/2026 17:09:25","08/10/2025 07:10:14"
"CMGRP006","Comune Follonica","D656","476","09/12/2025","Autovelox","SODI SCIENTIFICA","106","106","958079","cpu 958528","23/04/2026 17:09:25","08/10/2025 07:10:14"
"CMGRP007","POLIZIA LOCALE GAVORRANO","D948","354 E 1122","05/02/20023-16/05/2005","AUTOVELOX","SODI SCIENTIFICA","105","SE","941013","","15/11/2025 10:24:42","15/11/2025 10:24:42"
"CMGRP007","'-","'-","'-","'-","'-","'-","'-","'-","'-","","15/11/2025 10:24:42","15/11/2025 10:24:42"
"CMGRP007","'-","'-","'-","'-","'-","'-","'-","'-","'-","","15/11/2025 10:24:42","15/11/2025 10:24:42"
"CMGRP008","CAMPAGNATICO POLIZIA MUNICIPALE","B497","476","09/12/2025","AUTOVELOX","SODI SCIENTIFICA SRL","AUTOVELOX 106","106","954624","RILEVATORE","08/04/2026 10:29:41","21/10/2025 10:19:59"
"CMGRP008","CAMPAGNATICO POLIZIA MUNICIPALE","B497","476","09/12/2025","AUTOVELOX","SODI SCIENTIFICA SRL","AUTOVELOX 106","106","955605","CPU","08/04/2026 10:29:41","21/10/2025 10:19:59"
"CMGRP200","POLIZIA LOCALE CAPALBIO","B646","3758","06/08/2014","rilevatore","Sodi Scientifica","Autovelox","106","951193","estensione di approvazione n. 476 del 09/12/2025 - conferma approvazione n. 3758 del 06/08/2014","27/02/2026 07:43:06","24/02/2026 12:20:37"
"CMGRP200","POLIZIA LOCALE CAPALBIO","B646","3758","06/08/2014","CPU","Sodi Scientifica","Autovelox","106","950721","estensione di approvazione n. 476 del 09/12/2025 - conferma approvazione n. 3758 del 06/08/2014","27/02/2026 07:43:06","06/10/2025 14:38:33"
"CMGRP201","Polizia Locale Civitella Paganico","C782","N.183","01.06.2020","Rilevamento delle infrazioni ai limiti di velocità","Engine","ENVES EVO MVD 1605","1.2.0 Dicembre 2019","AK0788H-0x0003247A","","06/10/2025 06:34:48","06/10/2025 06:34:48"
"CMGRP203","Polizia Locale - Comune Magliano in Toscana (GR)","E810","4020","21/06/2017","misuratore velocità","EngiNe S.p.A.","EnVES EVO MVD 1605","AXIS P1365MKII","AJ0451H - 0x0002DC66","","15/11/2025 14:08:08","15/11/2025 14:08:08"
"CMGRP204","POLIZIA LOCALE CINIGIANO","C705","NESSUNO","NESSUNO","NESSUNO","NESSUNO","NESSUNO","NESSUNO","NESSUNO","","07/10/2025 10:28:55","07/10/2025 10:28:55"
"CMGRP205","Servizio Associato Polizia Locale U.C.M.C.M.","18835","_","_","_","_","_","_","_","NON POSSEDIAMO AUTOVELOX","17/10/2025 09:18:19","17/10/2025 09:18:19"
"CMGRP213","SERVIZIO ASSOCIATO POLIZIA LOCALE COMUNI CASTEL DEL PIANO E ARCIDOSSO","C085","288","17.01.2018","AUTOVELOX","EngiNe S.R.L.","EnVes EVO MVDm 1507","AXIS P1365MKII","Elaboratore AM1253H Sensore laser CMP3858201","","24/11/2025 16:22:42","24/11/2025 16:22:42"
"CMGRP216","Polizia Locale Castiglione della Pescaia","3090360050","D.M. 3248 estensione D.M. 242","13/06/2011 e 05/07/2018","Telelaser Tru CamHD","Eltraff srl","Telelaser","TruCamHD","TC012342","Numero dichiarazione 2823/2024 del 27/11/2024","27/11/2025 15:51:54","27/11/2025 15:51:54"
"CMGRP217","POLIZIA MUNICIPALE DI SCANSANO","I504","380","26/07/2024","MISURATORE DI VELOCITA'","SODI SCIENTIFICA S.r.l","Autovelox 106","106","949696","","09/10/2025 15:13:53","09/10/2025 15:13:53"
"CMIMP000","IMPERIA POLIZIA LOCALE","E290","0000378","09/09/2021","Misuratore fisso velocità istantanea","Traffic Tecnology s.p.a.","TCS - Traffic Control System","non presente nel decreto","IMP.716230221 - TCD.211279011 - TCE.S10A11006946","Impianto situato in Imperia, Via Aurelia n. 4","31/10/2025 14:13:22","31/10/2025 14:13:22"
"CMIMP000","IMPERIA POLIZIA LOCALE","E290","0000378","09/09/2021","Misuratore fisso velocità istantanea","Traffic Tecnology s.p.a.","TCS - Traffic Control System","non presente nel decreto","IMP.716230225 - TCD.211279010 - TCE.S10A11004578","Impianto siutato in Imparia, Via Alterisio snc","31/10/2025 14:13:22","31/10/2025 14:13:22"
"CMIMP000","IMPERIA POLIZIA LOCALE","E290","0000378","09/09/2021","Misuratore fisso velocità istantanea","Traffic Tecnology s.p.a.","TCS - Traffic Control System","non presente nel decreto","IMP.716230223 - TCD.211279005 - TCE.S10A11007946","impianto situato in Imperia, Via Nazionale n. 103","31/10/2025 14:13:22","31/10/2025 14:13:22"
"CMIMP000","IMPERIA POLIZIA LOCALE","E290","0000378","09/09/2021","Misuratore fisso velocità istantanea","Traffic Tecnology s.p.a.","TCS - Traffic Control System","non presente nel decreto","IMP.716230226 - TCD.211279012 - TCE.S10A11007006","impianto situato in Imperia, Lung. A. Vespucci","31/10/2025 14:13:22","31/10/2025 14:13:22"
"CMIMP000","IMPERIA POLIZIA LOCALE","E290","0000378","09/09/2021","Misuratore fisso velocità istantanea","Traffic Tecnology s.p.a.","TCS - Traffic Control System","non presente nel decreto","IMP.716230222 - TCD.2028005933 - TCE.S10A11004562","Impianto situato in Imperia, Via Serrati n. 11","31/10/2025 14:13:22","31/10/2025 14:13:22"
"CMIMP001","BORDIGHERA POLIZIA LOCALE","A984","decreto dirigenziale n.356","18/08/2021","dispositivo automatico velocità istantanea","Maggioli s.p.a.","Autosc@n Speed","non presente","2023.0073","","17/10/2025 12:28:58","17/10/2025 12:28:58"
"CMIMP001","BORDIGHERA POLIZIA LOCALE","A984","20923","02/03/2007","FISSO/MOBILE","ELTRAFF","VELOMATIC","512D","7212","","17/10/2025 12:28:58","17/10/2025 12:28:58"
"CMIMP002","POLIZIA LOCALE TAGGIA","L024","4199","08/09/1997","MOBILE","ELTRAFF","TELELASER","LTI 20-20","12485","ESTENSIONE DI APPROVAZIONE 4353 DEL 15/09/1997","30/10/2025 15:22:54","30/10/2025 15:22:54"
"CMIMP200","COMUNE DI DOLCEDO _","D319_","29830_","03/04/2008_","MOBILE_","LINDBLAD&PIANA SRL_","TELELASER_","TRAFFIPATROLXR_","9322","","03/10/2025 11:36:08","03/10/2025 11:36:08"
"CMIMP205","POLIZIA LOCALE COMUNE DI VENTIMIGLIA","L741","555","24/12/2021","Dispositivo rilevamento velocità istantanea fisso","Engine S.p.A.","CELERITAS MVD 2020","N.D.","AQ0221K-0x00044040","S.S. 20 del Colle di Tenda e di Valle Roja km 149+440 dir. Porra censito in data 24/11/2025 dismesso in data 04/02/2026","10/02/2026 15:16:53","06/11/2025 07:58:48"
"CMIMP205","POLIZIA LOCALE COMUNE DI VENTIMIGLIA","L741","555","24/12/2021","Dispositivo rilevamento velocità istantanea fisso","Engine S.p.A.","CELERITAS MVD 2020","N.D.","AQ0221K-0x00043E67","S.S. 20 del Colle di Tenda e di Valle Roja km 149+440 dir. Porra censito in data 10/02/2026","10/02/2026 15:16:53","10/02/2026 15:16:53"
"CMIMP205","POLIZIA LOCALE COMUNE DI VENTIMIGLIA","L741","555","24/12/2021","Dispositivo rilevamento velocità istantanea fisso","Engine S.p.A.","CELERITAS MVD 2020","N.D.","AQ0222K-0x0004403F","S.S. 20 del Colle di Tenda e di Valle Roja km 149+440 dir. Ventimiglia censito in data 24/11/2025 dismesso in data 04/02/2026","10/02/2026 15:16:53","06/11/2025 07:58:48"
"CMIMP205","POLIZIA LOCALE COMUNE DI VENTIMIGLIA","L741","555","24/12/2021","Dispositivo rilevamento velocità istantanea fisso","Engine S.p.A.","CELERITAS MVD 2020","N.D.","AQ0222K-0x00043E6A","S.S. 20 del Colle di Tenda e di Valle Roja km 149+440 dir. Ventimiglia censito in data 10/02/2026","10/02/2026 15:16:53","10/02/2026 15:16:53"
"CMIMP205","POLIZIA LOCALE COMUNE DI VENTIMIGLIA","L741","555","24/12/2021","Dispositivo rilevamento velocità istantanea fisso","Engine S.p.A.","CELERITAS MVD 2020","N.D.","AQ0223K-0x00043F43","S.S. 20 del Colle di Tenda e di Valle Roja km 145+027 dir. Trucco censito in data 24/11/2025 dismesso in data 04/02/2026","10/02/2026 15:16:53","06/11/2025 07:58:48"
"CMIMP205","POLIZIA LOCALE COMUNE DI VENTIMIGLIA","L741","555","24/12/2021","Dispositivo rilevamento velocità istantanea fisso","Engine S.p.A.","CELERITAS MVD 2020","N.D.","AQ0223K-0x00043E69","S.S. 20 del Colle di Tenda e di Valle Roja km 145+027 dir. Trucco censito in data 10/02/2026","10/02/2026 15:16:53","10/02/2026 15:16:53"
"CMIMP205","POLIZIA LOCALE COMUNE DI VENTIMIGLIA","L741","555","24/12/2021","Dispositivo rilevamento velocità istantanea fisso","Engine S.p.A.","CELERITAS MVD 2020","N.D.","AQ0224K-0x00043F44","S.S. 1 Dir. dei Balzi Rossi km 0+880 dir. Latte  censito in data 24/11/2025 dismesso in data 04/02/2026","10/02/2026 15:16:53","06/11/2025 07:58:48"
"CMIMP205","POLIZIA LOCALE COMUNE DI VENTIMIGLIA","L741","555","24/12/2021","Dispositivo rilevamento velocità istantanea fisso","Engine S.p.A.","CELERITAS MVD 2020","N.D.","AQ0224K-0x00043E6C","S.S. 1 Dir. dei Balzi Rossi km 0+880 dir. Latte  censito in data 10/02/2026","10/02/2026 15:16:53","10/02/2026 15:16:53"
"CMIMP205","POLIZIA LOCALE COMUNE DI VENTIMIGLIA","L741","555","24/12/2021","Dispositivo rilevamento velocità istantanea fisso","Engine S.p.A.","CELERITAS MVD 2020","N.D.","AQ0225K-0x0004403D","S.S. 1 Dir. dei Balzi Rossi km 1+950 dir. Ponte San Ludovico  censito in data 24/11/2025 dismesso in data 04/02/2026","10/02/2026 15:16:53","06/11/2025 07:58:48"
"CMIMP205","POLIZIA LOCALE COMUNE DI VENTIMIGLIA","L741","555","24/12/2021","Dispositivo rilevamento velocità istantanea fisso","Engine S.p.A.","CELERITAS MVD 2020","N.D.","AQ0225K-0x0003B1D2","S.S. 1 Dir. dei Balzi Rossi km 1+950 dir. Ponte San Ludovico  censito in data 10/02/2026","10/02/2026 15:16:53","10/02/2026 15:16:53"
"CMIMP205","POLIZIA LOCALE COMUNE DI VENTIMIGLIA","L741","228","17/01/2018","Disp. rilevamento velocità istantanea portatile","Engine S.p.A.","EnVES EVO MVDm 1507","N.D.","AM1468H-CMP3955242","Velox mobile utilizzato anche nel territorio del Comune Olivetta San Michele convenzionato già censito in data 24/11/2025","10/02/2026 15:16:53","06/11/2025 07:58:48"
"CMIMP208","Provincia di Imperia","E290","550","23/12/2021","Dispositivo rilevamento velocità istantanea fisso","Engine S.p.A.","EnVES EVO MVD 1605","ND","AM1201H-0x000324B3-0x000399DE","Censito il 21/11/2025 - Dismesso il 17/02/2026 - S.S. Aurelia bis (Variante di Sanremo) km 3+150 dir. Ovest","23/02/2026 10:22:10","21/11/2025 09:58:12"
"CMIMP208","Provincia di Imperia","E290","555","24/12/2021","Dispositivo rilevamento velocità istantanea fisso","Engine S.p.A.","CELERITAS MVD 2020","ND","AN0074K-0x00043EAC","Censito il 23/02/2026 - S.S. Aurelia bis (Variante di Sanremo) km 3+150 dir. Ovest","23/02/2026 10:22:10","23/02/2026 10:22:10"
"CMIMP208","Provincia di Imperia","E290","242","05/07/2018","Dispositivo rilevamento velocità istantanea mobile","Eltraff S.r.l.","TELELASER TRUCAM","TELELASER TRUCAM HD","TC008645","","23/02/2026 10:22:10","07/10/2025 07:56:39"
"CMIMP208","Provincia di Imperia","E290","29830","03/04/2008","Dispositivo rilevamento velocità istantanea mobile","Lindblad & Piana S.r.l.","TRAFFIPATROL XR","TRAFFIPATROL XR","08391","","23/02/2026 10:22:10","07/10/2025 07:56:39"
"CMIMP213","Polizia Locale Ospedaletti","G164","2961","27/11/1989","MOBILE -rilevatore di velocità in mod.istantanea","Eltraff","Velomatic","512D","7209-7255","NOLEGGIO","17/12/2025 12:16:08","17/12/2025 12:16:08"
"CMIMP215","COMUNE DI AIROLE","A111","3248","13/06/2011","MOBILE","ELTRAFF","TELELASER","TRUCAM HD","TC007759","","24/10/2025 09:52:19","24/10/2025 09:52:19"
"CMIMP217","POLIZIA LOCALE SANTO STEFANO AL MARE","I365","550","23/12/2021","Apparato di rilevamento velocita' istantanea","EngiNe S.p.A","EnVES EVO MVD 1605","'-","0X00039A57","","05/11/2025 12:07:36","05/11/2025 12:07:36"
"CMISP204","DMMT1G POLIZIA MUNICIPALE - COMUNE DI ACQUAVIVA D'ISERNIA","A051","5913","17/12/2014","MISURATORE DI VELOCITA' MOBILE","ELTRAFF","VELOMATIC","512D","Rilevatore 1516- Cpu 1519","","02/03/2026 13:54:44","02/03/2026 13:54:44"
"CMISP204","DMMT1G POLIZIA MUNICIPALE - COMUNE DI ACQUAVIVA D'ISERNIA","A051","5913","17/12/2014","MISURATORE DI VELOCITA' MOBILE","ELTRAFF","VELOMATIC","512D","Rilevatore 3259- Cpu  3189","","02/03/2026 13:54:44","02/03/2026 13:54:44"
"CMISP204","DMMT1G POLIZIA MUNICIPALE - COMUNE DI ACQUAVIVA D'ISERNIA","A051","550","23/12/2021","MISURATORE DI VELOCITA' MOBILE","ENGINE","ENVES EVO","MVD 1605","0x00032A41","","02/03/2026 13:54:44","08/10/2025 07:03:59"
"CMISP205","COMANDO POLIZIA LOCALE ROCCHETTA A VOLTURNO (IS)","H458","550","23.12.2021","RILEVAMENTO VELOCITA' ISTANTANEA POSTAZIONE FISSA","ENGINE S.p.A.","EnVES EVO MVD 1605","1.3.0","matricola radar 0x000399EE","Installato sulla S.S. 158 Km 25+940 dir. Venafro","13/02/2026 15:22:01","13/02/2026 15:22:01"
"CMISP208","COMUNE DI SESTO CAMPANO","I682","20923","02/03/2007","FISSO","ELTRAFF","VELOMATIC","512D","6439 ROE 6421 MVAS","ESTENSIONE DI APPROVAZIONE 5913 DEL 17/12/2014","03/10/2025 10:37:54","03/10/2025 10:37:54"
"CMISP210","COMUNE DI RIONERO SANNITICO","H308","0000039","17/02/2026","FISSO/MOBILE","ELTRAFF","VELOMATIC","512D+","1211-906","CONFERMA DI APPROVAZIONE 0000039 DEL 17/02/2026","22/04/2026 16:12:50","09/10/2025 06:23:16"
"CMISP210","COMUNE DI RIONERO SANNITICO","H308","0000476","09/12/2025","FISSO","SODI SCIENTIFICA SRL","AUTOVELOX","106","960475 - 962142","CONFERMA DI APPROVAZIONE 0000476 DEL 09/12/2025","22/04/2026 16:12:50","22/04/2026 16:12:50"
"CMISP212","COMUNE DI MACCHIA D'ISERNIA","E778","20923","02/03/2007","FISSO","ELTRAFF","VELOMATIC","512D","6696 RILEVATORE 6893 CPU","ESTENSIONE DI APPROVAZIONE 5913 DEL 17/12/2014","07/10/2025 07:51:59","07/10/2025 07:51:59"
"CMISP218","DMMWXD POLIZIA MUNICIPALE - COMUNE DI PETTORANELLO DEL MOLISE","G523","5913","17/12/2014","MISURATORE DI VELOCITA' MOBILE","ELTRAFF","VELOMATIC","512D","Rilevatore 1516- Cpu 1519","","02/03/2026 13:45:27","02/03/2026 13:45:27"
"CMISP218","DMMWXD POLIZIA MUNICIPALE - COMUNE DI PETTORANELLO DEL MOLISE","G523","5913","17/12/2014","MISURATORE DI VELOCITA' MOBILE","ELTRAFF","VELOMATIC","512D","Rilevatore 3259- Cpu  3189","","02/03/2026 13:45:27","02/03/2026 13:45:27"
"CMISP218","DMMWXD POLIZIA MUNICIPALE - COMUNE DI PETTORANELLO DEL MOLISE","G523","550","23/12/2021","MISURATORE DI VELOCITA' MOBILE","ENGINE","ENVES EVO","MVD 1605","0x00032A41","","02/03/2026 13:45:27","07/10/2025 09:47:21"
"CMLCP002","POLIZIA LOCALE CASATENOVO","B943","1824","20/03/2000","mobile","Laser Technology Incorporated","Telelaser UltraLyte","Ultralyte","UL022298","","03/10/2025 08:36:28","03/10/2025 08:36:28"
"CMLCP205","POLIZIA LOCALE OLGIATE MOLGORA CALCO BRIVIO","G026","3248","13/06/2011","MOBILE","ELTRAFF","TELELASER","TRUCAM","TC006419","","28/11/2025 09:43:09","28/11/2025 09:43:09"
"CMLCP209","POLIZIA LOCALE COMUNE DI BELLANO","A745","29830","03/04/2008","TELELASER","ROBOT VISUAL SYSTEMS GMBH","TRAFFIPATROL  XR","XR","507 - 207/08491","SP 72 DAL KM 76+100 AL KM 80+050 IN DIREZIONE COLICO E IN DIREZIONE LECCO","06/11/2025 16:04:51","06/11/2025 16:04:51"
"CMLCP212","SERVIZIO ASSOCIATO DI POLIZIA LOCALE OSNAGO-LOMAGNA","G161","PROT. N. 1824","20-mar-00","TELELASER","LASER TECHNOLOGY INCORPORATED - ELTRAFF SRL","ULTRALYTE","ULTRALYTE","UL021471","","03/11/2025 15:08:18","03/11/2025 15:08:18"
"CMLCP223","Polizia Locale Intercomunale Robbiate","G223","3248","13/06/2011","mobile","Laser Technolgy Incorporated","Telelaser","TruCamHD","TC011776","apparecchiatura utilizzata nei comuni di Robbiate (G223) Paderno d'Adda (G218) Verderio (M337)","10/10/2025 09:33:11","10/10/2025 09:33:11"
"CMLCP228","POLIZIA LOCALE ALTA BRIANZA  - COMUNE DI BOSISIO PARINI, CASTELLO DI BRIANZA, CESANA BRIANZA, SIRONE","B081","N. 288","17/01/2018","LASER","ENGINE SRL","EnVES EVO MVDm 1507","Vista EnVES1365","AM1154H","approvato sia con decreto n. 288 del 17/01/2018 che con decreto n. 4668 del 28/07/2016","21/10/2025 12:24:22","21/10/2025 12:24:22"
"CMLCP230","CMLCP23001","E507","n. 3248  e n. 242","13/06/2011 e 05/07/2018","Telelaser","Eltraff","Telelaser","TruCamHD","TC007747","Polizia Locale di Lecco","05/12/2025 10:05:17","05/12/2025 10:05:17"
"CMLCP254","POLIZIA LOCALE COMUNE DI NIBIONNO","F887","3758","06/08/2014","RILEVATORE DI VELOCITA' IN MODALITA' ISTANTANEA","SODI SCENTIFICA","AUTOVELOX 106","NON PRESENTE","947333","","15/10/2025 11:34:27","15/10/2025 11:34:27"
"CMLEP000","Comune di Lecce","E506","549","21/12/2021","Velox","Project Automation","K53800_SPEED","0","PASPEEDn22024011209","","26/02/2026 08:34:03","07/10/2025 15:43:02"
"CMLEP000","Comune di Lecce","E506","549","21/12/2021","Velox","Project Automation","K53800_SPEED","0","PASPEEDn22023010803","","26/02/2026 08:34:03","07/10/2025 15:43:02"
"CMLEP019","polizialocale","d862","372","8102020","rilevamento velocita","photored","photoredf17dr","r","0 0 0 8","","12/11/2025 18:56:43","06/10/2025 12:05:54"
"CMLEP203","Comando Polizia Locale Trepuzzi (LE)","l383","R.0000236","05/06/2023","AUTOVELOX-FISSO","KRIA","T-EXSPEED","089089051321AA0","4410179","S.S 613 KM 23+700 Dir.Brindisi","27/10/2025 14:16:42","27/10/2025 14:16:42"
"CMLEP203","Comando Polizia Locale Trepuzzi (LE)","l383","R.0000236","05/06/2023","AUTOVELOX-FISSO","KRIA","T-EXSPEED","089089051321AA0","4410209","S.S 613 KM 24+250 Dir Lecce","27/10/2025 14:16:42","27/10/2025 14:16:42"
"CMLEP214","COMUNE DI CUTROFIANO POLIZIA LOCALE","D237","3248","13/06/2011","MOBILE","ELTRAFF","TELELASER","TRUCAM","TC005832","","16/10/2025 12:22:38","16/10/2025 12:22:38"
"CMLEP216","POLIZIA LOCALE","C377","372","08/10/2020","Rilevamento velocità","Photored","PhotoredF17Dr","Versione R","24","","17/10/2025 09:09:28","17/10/2025 09:09:28"
"CMLEP219","POLIZIA LOCALE DEL COMUNE DI PARABITA","G325","288","17/01/2018","TEMPORANEO VELOCITA PUNTUALE","ENGINE SPA","EnVES EVO MVDm 1507","EnVES EVO MVDm 1507","AH0287H-CMP3870164","DISPOSITIVO MOBILE A NOLEGGIO UTILIZZATO PREVIA CALENDARIZZAZIONE","21/11/2025 13:25:12","21/11/2025 13:25:12"
"CMLEP219","POLIZIA LOCALE DEL COMUNE DI PARABITA","G325","288","17/01/2018","TEMPORANEO VELOCITA PUNTUALE","ENGINE SPA","EnVES EVO MVDm 1507","EnVES EVO MVDm 1507","AH0291H -CMP3871164","DISPOSITIVO MOBILE A NOLEGGIO UTILIZZATO PREVIA CALENDARIZZAZIONE","21/11/2025 13:25:12","21/11/2025 13:25:12"
"CMLEP224","Polizia Provinciale di Lecce;","N D;","MIT 183;","01/06/2020;","autovelox postazione fissa;","EngiNe srl;","EnVES EVO MVD","1605 AXIS P1365MKII;","0x00032BA8;","","22/10/2025 14:01:17","22/10/2025 14:01:17"
"CMLEP224","Polizia Provinciale di Lecce;","N D;","MIT 183;","01/06/2020;","autovelox postazione mobile;","EngiNe srl;","EnVES EVO MVD","1605 VISTA EnVES062;","0x00032BA7;","","22/10/2025 14:01:17","22/10/2025 14:01:17"
"CMLEP224","Polizia Provinciale di Lecce;","N D;","MIT 183;","01/06/2020;","autovelox postazione mobile;","EngiNe srl;","EnVES EVO MVD","1605 VISTA EnVES062;","0x00032BC6;","","22/10/2025 14:01:17","22/10/2025 14:01:17"
"CMLEP224","Polizia Provinciale di Lecce;","N D;","MIT 534;","08/05/2003;","telelaser;","ELTRAFF srl;","Telelaser Ultralyte;","micro digi-cam;","UL016478;","","22/10/2025 14:01:17","22/10/2025 14:01:17"
"CMLEP234","COMANDO,POLIZIA, LOCALE,DI,GALATONE","D863","3758","06,08,2014","RILEVATORE,DI,VELOCITA,IN,MODALITA,ISTANTANEA","SODI,SCIENTIFICA","AUTOVELOX,106","NON,PRESENTE","959317","ESTENSIONI,DECRETO","26/11/2025 13:49:20","26/11/2025 13:41:17"
"CMLEP262","Polizia Locale Comune di Squinzano","I930","3758","06/08/2014","MOBILE","SODI SCIENTIFICA","AUTOVELOX 106","106","952275-955937","","24/10/2025 13:58:10","24/10/2025 13:58:10"
"CMLIP000","POLIZIA_LOCALE_COMUNE_DI_LIVORNO","E625","3758","06/08/2014","RILEVATORE_DI_VELOCITA’_IN_MODALITA’_ISTANTANEA","SODI_SCIENTIFICA","AUTOVELOX_106","NON_PRESENTE","955366","","29/10/2025 10:05:53","29/10/2025 10:05:53"
"CMLIP000","POLIZIA_LOCALE_COMUNE_DI_LIVORNO","E625","3758","06/08/2014","RILEVATORE_DI_VELOCITA’_IN_MODALITA’_ISTANTANEA","SODI_SCIENTIFICA","AUTOVELOX_106","NON_PRESENTE","951204","","29/10/2025 10:05:53","29/10/2025 10:05:53"
"CMLIP001","cecina polizia municipale","c415","decreto 3758","decreto 06/08/2014","rilevatore della velocità in modalità istantanea","Sodi Scientifica","Autovelox 106","106","956782","","07/11/2025 12:59:59","07/11/2025 12:59:59"
"CMLIP001","cecina polizia municipale","c415","decreto 3248 esteso con decreto 242","decreto 13/06/2011 esteso con decreto 05/07/2018","rilevatore della velocità in modalità istantanea","Eltraff","Telelaser","TruCamHD","TC008198","","07/11/2025 12:59:59","07/11/2025 12:59:59"
"CMLIP002","cmlip002","g687","3758","06-08-2014","rilevatore di velocità mod istantanea","sodi scientifica","autovelox 106","rilevatore","951618","","03/11/2025 13:28:24","03/11/2025 13:28:24"
"CMLIP002","cmlip002","g687","354","05-02-2003","rilevatore di velocità mod istantanea","sodi scientifica","autovelox 105 se","rilevatore","936688","","03/11/2025 13:28:24","03/11/2025 13:28:24"
"CMLIP004","POLIZIA LOCALE COMUNE DI ROSIGNANO MARITTIMO","H570","3578","06/08/2014","AUTOVELOX BIDIREZIONALE","SODI SCIENTIFICA","AUTOVELOX","106","956753-95726","","30/10/2025 10:00:57","30/10/2025 10:00:57"
"CMLIP004","POLIZIA LOCALE COMUNE DI ROSIGNANO MARITTIMO","h570","903","27/06/2006","AUTOVELOX","SODI SCIENTIFICA","AUTOVELOX","104E","953486-953950","","30/10/2025 10:00:57","30/10/2025 10:00:57"
"CMLIP005","Comune di Castagneto Carducci","C044","354","05/02/2003","Velox","Sodi Scientifica SRL","Autovelox","105 SE","927749","","07/10/2025 15:11:36","07/10/2025 15:11:36"
"CMLIP006","polizialocalecomunedisanvincenzo","CMLI000","1824","20/03/2000","telelaser","eltraffsrl","telelaserultralyte","classe1","ul007305","","25/11/2025 18:41:10","25/11/2025 18:41:10"
"CMLIP008","COMUNE DI COLLESALVETTI - POLIZIA LOCALE","C869","3758","06/08/2014","Rilevatore di velocità in modalità istantanea","Sodi Scientifica","Autovelox 106","Non presente","958338-959553","","21/10/2025 09:46:30","21/10/2025 09:46:30"
"CMLIP008","COMUNE DI COLLESALVETTI - POLIZIA LOCALE","C869","1824","20/03/2000","MOBILE","ELTRAFF","TELELASER","ULTRALYTE","UL006599","","21/10/2025 09:46:30","21/10/2025 09:46:30"
"CMLIP202","POLIZIA LOCALE","B509","3758","06/08/2014","FISSO","SODI SCIENTIFICA SRL","AUTOVELOX 106","NON APPLICABILE","957198","AUTOVELOX BANDITELLE SP. 39 - KM 242+147","05/12/2025 11:08:00","31/10/2025 12:01:38"
"CMLIP202","POLIZIA LOCALE","B509","3758","06/08/2014","FISSO","SODI SCIENTIFICA SRL","AUTOVELOX 106","NON APPLICABILE","957206","AUTOVELOX LUMIERE SP. 39 - KM 248+556","05/12/2025 11:08:00","05/12/2025 11:08:00"
"CMLIP203","POLIZIA LOCALE PROVINCIA DI LIVORNO","E625","550","23/12/21","APPARATO RILEVAMENTO VELOCITA ISTANTANEA","ENGINE SPA","ENVES EVO MVD 1605","ENVES EVO MVD 1605 APPR MIN 550 del 23/12/2021","0x0002B5BF","SGC FIPILI KM 77+800 COMUNE DI COLLESALVETTI DIREZIONE FIRENZE NOLEGGIO","07/11/2025 12:15:17","07/11/2025 12:15:17"
"CMLIP203","POLIZIA LOCALE PROVINCIA DI LIVORNO","E625","4671","28/07/16","STAZIONE PERIFERICA DI RILEVAMENTO VELOCITA MEDIA","ENGINE SPA","CELERITAS EVO 1506","CELERITAS EVO 1506 APPR MIN 4671 del 28/07/2016","NON APPLICABILE","SP 40 GEODETICA KM 1+500 DIREZIONE DA RIOTORTO VERSO PIOMBINO COMUNE DI PIOMBINO MATR AK0645H NOLEGGIO","07/11/2025 12:15:17","07/11/2025 12:15:17"
"CMLIP203","POLIZIA LOCALE PROVINCIA DI LIVORNO","E625","4671","28/07/16","STAZIONE PERIFERICA DI RILEVAMENTO VELOCITA MEDIA","ENGINE SPA","CELERITAS EVO 1506","CELERITAS EVO 1506 APPR MIN 4671 del 28/07/2016","NON APPLICABILE","SP 40 GEODETICA KM 5+005 DIREZIONE DA RIOTORTO VERSO PIOMBINO COMUNE DI PIOMBINO MATR AK0643H NOLEGGIO","07/11/2025 12:15:17","07/11/2025 12:15:17"
"CMLIP203","POLIZIA LOCALE PROVINCIA DI LIVORNO","E625","4671","28/07/16","STAZIONE PERIFERICA DI RILEVAMENTO VELOCITA MEDIA","ENGINE SPA","CELERITAS EVO 1506","CELERITAS EVO 1506 APPR MIN 4671 del 28/07/2016","NON APPLICABILE","SP 40 GEODETICA KM 5+005 DIREZIONE DA PIOMBINO VERSO RIOTORTO COMUNE DI PIOMBINO MATR AK0643H NOLEGGIO","07/11/2025 12:15:17","07/11/2025 12:15:17"
"CMLIP203","POLIZIA LOCALE PROVINCIA DI LIVORNO","E625","4671","28/07/16","STAZIONE PERIFERICA DI RILEVAMENTO VELOCITA MEDIA","ENGINE SPA","CELERITAS EVO 1506","CELERITAS EVO 1506 APPR MIN 4671 del 28/07/2016","NON APPLICABILE","SP 40 GEODETICA KM 1+500 DIREZIONE DA PIOMBINO VERSO RIOTORTO COMUNE DI PIOMBINO MATR AK0645H NOLEGGIO","07/11/2025 12:15:17","07/11/2025 12:15:17"
"CMLIP210","Polizia Locale - Comune di Bibbona","A852","3758","06/08/2014","Rilevatore di velocità in modalità stantanea","Sodi Scentifica","Autovelox 106","Autovelox 106","Rilevatore 956764 - CPU 958101","","28/10/2025 13:11:58","28/10/2025 13:11:58"
"CMLOP202","POLIZIA LOCALE SAN MARTINO IN STRADA (codice ente- DMNLNE)","I012","3248","13/06/2011","TELELASER","ELTRAFF","TELELASER","TRUCAM HD","TC006599","ESTENSIONE DI APPROVAZIONE N. 0000242 DEL 05/07/2018","27/11/2025 18:02:54","27/11/2025 18:02:54"
"CMLOP202","POLIZIA LOCALE SAN MARTINO IN STRADA (codice ente- DMNLNE)","I012","1824","20/03/2000","TELELASER","ELTRAFF","TELELASER","ULTRALYTE","UL012237","","27/11/2025 18:02:54","27/11/2025 18:02:54"
"CMLOP204","POLIZIA MUNICIPALE CODOGNO","C816","D.M. 3248","23/06/2011","MOBILE","ELTRAFF","TELELASER","TRUSPEED","TS009256","UNICO DISPOSITIVO IN DOTAZIONE ALLA POLIZIA LOCALE DI CODOGNO","20/10/2025 15:17:25","20/10/2025 15:17:25"
"CMLOP212","POLIZIA LOCALE SANT'ANGELO LODIGIANO","I274","903","27/06/2006","AUTOVELOX MOBILE","SODI SCIENTIFICA","104","E","940281 RILEVATORE - 944886 ELABORATORE","","20/10/2025 14:37:08","20/10/2025 14:37:08"
"CMLTP000","polizia locale comune di latina","e472","3248","13/06/2011","telelaser","eltraff","trucam","trucam","tc002427","","30/10/2025 09:36:17","30/10/2025 09:36:17"
"CMLTP001","POLIZIA LOCALE COMUNE DI SEZZE","I712","3248","13/06/2011","MOBILE","ELTRAFF","TELELASER","TRUCAM HD","TC006386","Estensione di approvazione 0000242 del 05/07/2018","28/11/2025 10:14:41","28/11/2025 10:14:41"
"CMLTP004","COMUNE DI GAETA POLIZIA MUNICIPALE","D843","550","23/12/2021","Rilevazione della velocita istantanea","Engine s.p.a.","EnVES EVO MVD 1605","v.1.3.0 luglio 2021","AP1797H - 0X000399DE","S.R. 213 Flacca Km 21,380 dir. Roma","09/04/2026 09:38:54","09/04/2026 09:36:01"
"CMLTP004","COMUNE DI GAETA POLIZIA MUNICIPALE","D843","550","23/12/2021","Rilevazione della velocita istantanea","Engine s.p.a.","EnVES EVO MVD 1605","v.1.3.0 luglio 2021","AP1797H - 0X000324B3","S.R. 213 Flacca Km 21,380 dir. Napoli","09/04/2026 09:38:54","09/04/2026 09:36:01"
"CMLTP005","Polizia Locale Città di Sabaudia","H647","1824","20/03/2000","Mobile","Eltraff","Telelaser","Ultralyte","UL012695","","28/11/2025 16:55:56","28/11/2025 16:55:56"
"CMLTP008","POLIZIA LOCALE COMUNE PRIVERNO","G698","290","25/07/2023","VEL.MEDIA POSTAZIONE FISSA MODALITA' PRESIDIATA","ENGINE SPA","CELERITAS MVD 2022","CELERITAS MVD 2022","NON APPLICABILE","MATR: AN0128K STAZIONE INIZIALE MATR: AQ0254K STAZIONE FINALE  SS 156 dei Monti Lepini direzione Frosinone fino al km 28+090 - APPARATO A NOLEGGIO","18/11/2025 11:40:11","18/11/2025 11:40:11"
"CMLTP008","POLIZIA LOCALE COMUNE PRIVERNO","G698","290","25/07/2023","VEL.MEDIA POSTAZIONE FISSA MODALITA' PRESIDIATA","ENGINE SPA","CELERITAS MVD 2022","CELERITAS MVD 2022","NON APPLICABILE","MATR: AN0128K STAZIONE INIZIALE MATR: AQ0239K STAZIONE FINALE SS 156 dei Monti Lepini direzione Frosinone fino al km 24+300 - APPARATO A NOLEGGIO","18/11/2025 11:40:11","18/11/2025 11:40:11"
"CMLTP008","POLIZIA LOCALE COMUNE PRIVERNO","G698","290","25/07/2023","VEL.MEDIA POSTAZIONE FISSA MODALITA' PRESIDIATA","ENGINE SPA","CELERITAS MVD 2022","CELERITAS MVD 2022","NON APPLICABILE","MATR: AP0162K STAZIONE INIZIALE MATR: AQ0255K STAZIONE FINALE SS 156 dei Monti Lepini direzione Latina fino al km 28+160 - APPARATO A NOLEGGIO","18/11/2025 11:40:11","18/11/2025 11:40:11"
"CMLTP008","POLIZIA LOCALE COMUNE PRIVERNO","G698","290","25/07/2023","VEL.MEDIA POSTAZIONE FISSA MODALITA' PRESIDIATA","ENGINE SPA","CELERITAS MVD 2022","CELERITAS MVD 2022","NON APPLICABILE","MATR: AP0162K STAZIONE INIZIALE MATR: AP0184K STAZIONE FINALE SS 156 dei Monti Lepini direzione Latina fino al km 30+250 - APPARATO A NOLEGGIO","18/11/2025 11:40:11","18/11/2025 11:40:11"
"CMLTP009","POLIZIA LOCALE COMUNE DI SPERLONGA","I892","183","01/06/2020","Dispositivo rilevamento velocità istantanea fisso","Engine S.p.A.","EnVES EVO MVD 1605","ND","AL0929H-0x0002955A","S.R. 213 Flacca km 16+810 dir. Napoli","27/11/2025 11:51:01","27/11/2025 11:47:38"
"CMLTP009","POLIZIA LOCALE COMUNE DI SPERLONGA","I892","183","01/06/2020","Dispositivo rilevamento velocità istantanea fisso","Engine S.p.A.","EnVES EVO MVD 1605","ND","AL0930H-0x00032BC0","S.R. 213 Flacca km 16+250 dir. Roma","27/11/2025 11:51:01","27/11/2025 11:47:38"
"CMLTP010","POLIZIA LOCALE DI FORMIA","D708","48","01/03/2021","dispositivo di misura di velocità istantanea fisso","Safety21 S.p.A.","AGUIA Red & Speed","AGUIA-T5-5-R","16411","Dec.sub.tit.n.227_04/07/2025 FORMIA VIA APPIA km 139+340 direzione Formia","23/10/2025 09:53:42","23/10/2025 09:53:42"
"CMLTP013","POLIZIA LOCALE PONTINIA","G865","DECRETO N. 03758","06/0/2014","AUTOVELOX MOBILE","SODI SCIENTIFICA SRL","AUTOVELOX 106","AUTOVELOX 106","RILEVATORE 952275 – CPU 955937","","14/11/2025 12:35:42","14/11/2025 12:35:42"
"CMLTP201","POLIZIA LOCALE COMUNE DI PROSSEDI","H076","552","23/12/2021","POSTAZIONE FISSA - VELOCITA' MEDIA","ENGINE SPA","CELERITAS EVO 1506","versione 1.2.0 luglio 2021","NON APPLICABILE","MATR: AP1741H (INGRESSO) - MATR: AP1716H (USCITA) - S.S. 156 dei Monti Lepini fino al km 18+960 dir. Latina - Apparecchiatura a noleggio mensile","14/11/2025 12:38:02","14/11/2025 12:38:02"
"CMLTP201","POLIZIA LOCALE COMUNE DI PROSSEDI","H076","552","23/12/2021","POSTAZIONE FISSA - VELOCITA' MEDIA","ENGINE SPA","CELERITAS EVO 1506","versione 1.2.0 luglio 2021","NON APPLICABILE","MATR: AN1629H (INGRESSO) - MATR: AN1628H (USCITA) -S.S. 156 dei Monti Lepini fino al km 18+890 in dir. Frosinone - Apparecchiatura a noleggio mensile","14/11/2025 12:38:02","14/11/2025 12:38:02"
"CMLTP201","POLIZIA LOCALE COMUNE DI PROSSEDI","H076","552","23/12/2021","POSTAZIONE FISSA - VELOCITA' MEDIA","ENGINE SPA","CELERITAS EVO 1506","versione 1.2.0 luglio 2021","NON APPLICABILE","MATR: AN1628H (INGRESSO) - MATR: AN1629H (USCITA) - S.S. 156 dei Monti Lepini fino al km 20+370 in dir. Latina - Apparecchiatura a noleggio mensile","14/11/2025 12:38:02","14/11/2025 12:38:02"
"CMLTP203","COMUNE DI MINTURNO","F224","48","01/03/2021","dispositivo rilevatore di velocità","VELOCAR S.R.L.","AGUIA RED & SPEED","AGUIA-T5-5-R","16439","","07/10/2025 07:12:54","07/10/2025 07:12:54"
"CMLTP203","COMUNE DI MINTURNO","F224","48","01/03/2021","dispositivo rilevatore di velocità","VELOCAR S.R.L.","AGUIA RED & SPEED","AGUIA-T5-5-R","16440","","07/10/2025 07:12:54","07/10/2025 07:12:54"
"CMLTP203","COMUNE DI MINTURNO","F224","370","15/09/2022","dispositivo rilevatore di velocità","ELTRAFF S.R.L.","VELOMATIC","512D","5012","","07/10/2025 07:12:54","07/10/2025 07:12:54"
"CMLTP203","Polizia Municipale Comune di Minturno","F224","48","01/03/2021","dispositivo rilevatore di velocità","VELOCAR","AGUIA RED & SPEED","AGUIA-T5-5-R","16439","","29/10/2025 13:09:56","29/10/2025 13:09:56"
"CMLTP203","Polizia Municipale Comune di Minturno","F224","48","01/03/2021","dispositivo rilevatore di velocità","VELOCAR","AGUIA RED & SPEED","AGUIA-T5-5-R","16440","","29/10/2025 13:09:56","29/10/2025 13:09:56"
"CMLTP203","Polizia Municipale Comune di Minturno","F224","370","15/09/2022","dispositivo rilevatore di velocità","ELTRAFF","VELOMATIC","512 D","5043-5042","","29/10/2025 13:09:56","29/10/2025 13:09:56"
"CMLTP205","POLIZIA LOCALE COMUNE DI SANTI COSMA E DAMIANO (LT)","I339","20923","02/03/2007","MOBILE","ELTRAFF","VELOMATIC","512D BIDIREZIONALE","N. 4794 N. 4798 N. 4820","ESTENSIONE APPROVAZIONE N. 103683 DEL 30/12/2010 VELOMATIC 512D BIDIREZIONALE CON FOTOCAMERA DIGITALE E NETBOOK SAMSUNG","04/10/2025 09:25:40","04/10/2025 09:25:40"
"CMLTP206","POLIZIA LOCALE CORI","D003","DECRETO N. 03758","06/08/14","AUTOVELOX MOBILE","SODI SCIENTIFICA SRL","AUTOVELOX 106","AUTOVELOX 106","RILEVATORE 952275 – CPU 955937","","25/11/2025 09:56:54","25/11/2025 09:56:54"
"CMLTP208","POLIZIA LOCALE DEL COMUNE DI MONTE SAN BIAGIO","F616","401","19/08/24","TEMPORANEO - VELOCITA' ISTANTANEA","ENGINE SPA","CELERITAS MSE 2021","CELERITAS MSE 2021","0x00034320","DISPOSITIVO MOBILE A NOLEGGIO - UTILIZZATO PREVIA CALENDARIZZAZIONE","12/03/2026 10:40:18","19/11/2025 12:54:48"
"CMLTP208","POLIZIA LOCALE DEL COMUNE DI MONTE SAN BIAGIO","F616","401","19/08/24","TEMPORANEO - VELOCITA' ISTANTANEA","ENGINE SPA","CELERITAS MSE 2021","CELERITAS MSE 2021","0x0004EF99","DISPOSITIVO MOBILE A NOLEGGIO - UTILIZZATO PREVIA CALENDARIZZAZIONE","12/03/2026 10:40:18","12/03/2026 10:40:18"
"CMLTP212","POLIZIA LOCALE DEL COMUNE DI ROCCASECCA DEI VOLSCI","H444","552","23/12/2021","controllo elettronico velocità media presidiata","ENGINE SPA","CELERITAS EVO 1506","versione 1.2.0","NON APPLICABILE","S.S.699 dir.Frosinone dal km 13+850 fino al km 16+360 - MATRICOLA PORTALE INGRESSO AQ1916H - MATRICOLA PORTALE USCITA AQ1917H - APPARATO A NOLEGGIO","18/11/2025 11:06:40","03/11/2025 12:59:57"
"CMLTP212","POLIZIA LOCALE DEL COMUNE DI ROCCASECCA DEI VOLSCI","H444","552","23/12/2021","controllo elettronico velocità media presidiata","ENGINE SPA","CELERITAS EVO 1506","versione 1.2.0","NON APPLICABILE","S.S.699 dir.Terracina dal km 18+380 fino al km 16+300 - MATRICOLA PORTALE INGRESSO AQ1918H - MATRICOLA PORTALE USCITA AQ1917H - APPARATO A NOLEGGIO","18/11/2025 11:06:40","03/11/2025 12:59:57"
"CMLUP000","POLIZIA_MUNICIPALE_LUCCA","E715","20923","2/03/2007","MOBILE","ELTRAFF","VELOMATIC","512D","851_869","_","23/10/2025 10:24:25","23/10/2025 10:24:25"
"CMLUP000","POLIZIA_MUNICIPALE_LUCCA","E715","3248","13/06/2011","MOBILE","ELTRAFF","TELELASER","TRUCAM","TC004098","_","23/10/2025 10:24:25","23/10/2025 10:24:25"
"CMLUP000","POLIZIA_MUNICIPALE_LUCCA","E715","1824","20/03/2000","MOBILE","ELTRAFF","TELELASER","ULTRALYTE","UL012711","_","23/10/2025 10:24:25","23/10/2025 10:24:25"
"CMLUP000","POLIZIA_MUNICIPALE_LUCCA","E715","4668","28/07/2016","MOBILE","ENGINE","ENVES_EVO_MVDM","1507","CMP3653389","_","23/10/2025 10:24:25","23/10/2025 10:24:25"
"CMLUP000","POLIZIA_MUNICIPALE_LUCCA","E715","3758","6/08/2014","MOBILE","SODI_SCIENTIFICA","AUTOVELOX","106","956780","_","23/10/2025 10:24:25","23/10/2025 10:24:25"
"CMLUP001","POLIZIA LOCALE COMUNE DI BARGA","A657","3758","06/08/2014","RIVELATORE DI VELOCITA' ISTANTANEA","SODI SCIENTIFICA","AUTOVELOX 106","NON PRESENTE","957194","","23/10/2025 09:07:59","23/10/2025 09:07:59"
"CMLUP003","COMUNE DI VIAREGGIO – POLIZIA MUN.LE","L833","5913","17/12/14","DISPOSITIVO MOBILE","ELTRAFF","VELOMATIC","512 D","211/222/314/178/6443","","18/12/2025 14:03:40","14/10/2025 07:39:10"
"CMLUP003","COMUNE DI VIAREGGIO – POLIZIA MUN.LE","L833","5913","17/12/14","DISPOSITIVO MOBILE","ELTRAFF","VELOMATIC","512 D","6032/6301/6361/6163","","18/12/2025 14:03:40","14/10/2025 07:39:10"
"CMLUP003","COMUNE DI VIAREGGIO – POLIZIA MUN.LE","L833","325","27/09/19","DISPOSITIVO MOBILE","SODI SCIENTIFICA","AUTOVELOX","106","959266-959541","","18/12/2025 14:03:40","14/10/2025 07:39:10"
"CMLUP003","COMUNE DI VIAREGGIO – POLIZIA MUN.LE","L833","3248","13/06/11","DISPOSITIVO MOBILE","ELTRAFF","TELELASER","TRUCAM","TC005813","","18/12/2025 14:03:40","14/10/2025 07:39:10"
"CMLUP004","POLIZIA LOCALE  COMUNE FORTE DEI MARMI","D730","Decreto n 242","05/07/2018","telelaser","eltraff","trucam","trucamHD","TC011197","","24/10/2025 13:15:36","24/10/2025 13:15:36"
"CMLUP007","Polizia Locale Camaiore","B455","3248","11/06/2006","Telelaser","Eltraff","Tru-cam","tc1-001-197","tc004097","","28/11/2025 11:06:29","28/11/2025 11:06:29"
"CMLUP008","Comune Pietrasanta","G628","342","02/10/2025","Dispositivo rilevamento velocità istantanea fisso","Safety21 S.p.A.","Velocar Red&Speed EVO-R","ND","244","Dec.App.n.4708_01/08/2016 Dec.sub.tit.n.227_04/07/2025 SS 1 Aurelia 365+268","15/11/2025 11:54:01","15/11/2025 11:54:01"
"CMLUP008","Comune Pietrasanta","G628","342","02/10/2025","Dispositivo rilevamento velocità istantanea fisso","Safety21 S.p.A.","Velocar Red&Speed EVO-R","ND","203","Dec.App.n.4708_01/08/2016 Dec.sub.tit.n.227_04/07/2025 Via Provinciale Vallecchia 284 2+265 sud-nord","15/11/2025 11:54:01","15/11/2025 11:54:01"
"CMLUP008","Comune Pietrasanta","G628","342","02/10/2025","Dispositivo rilevamento velocità istantanea fisso","Safety21 S.p.A.","Velocar Red&Speed EVO-R","ND","232","Dec.App.n.4708_01/08/2016 Dec.sub.tit.n.227_04/07/2025 via Provinciale Vallecchia 240 1+098 nord-sud","15/11/2025 11:54:01","15/11/2025 11:54:01"
"CMLUP008","Comune Pietrasanta","G628","1824","20/03/2000","mobile","Eltraff","Telelaser","Ultralyte","UL004904","L’approvazione di durata ventennale è riferita solo alla possibilità di commercializzazione del dispositivo","15/11/2025 11:54:01","15/11/2025 11:54:01"
"CMLUP008","Comune Pietrasanta","G628","3248","13/06/2011","mobile","Eltraff","Telelaser","Trucam","TC001231","","15/11/2025 11:54:01","15/11/2025 11:54:01"
"CMLUP009","POLIZIA LOCALE","F035","103683","30/12/2010","VELOMATIC","ELTRAFF","512D","2F","00289-00244-00245","","12/11/2025 17:05:12","12/11/2025 17:01:43"
"CMLUP009","POLIZIA LOCALE","F035","3248","13/06/2011","TELELASER","ELTRAFF","TRUCAM","HD","TC008494","","12/11/2025 17:05:12","12/11/2025 17:05:12"
"CMLUP011","Polizia Locale Comune di Coreglia Antelminelli","C996","288","17/01/2018","Rilevatore velocita modalità istantanea","Engine","Enves Evo","MVDm 1507","CMP3659389","","07/11/2025 12:40:08","07/11/2025 12:40:08"
"CMLUP012","Polizia locale Comune di Porcari","G882","3248","13/06/2011","Mobile","Eltraff","Telelaser","Trucam","TC001309","","21/10/2025 13:01:29","21/10/2025 13:01:29"
"CMLUP013","Polizia Locale Unione Comuni Garfagnana","D874","128","23/03/2023","Misuratore di velocit? istantanea mobile","EngiNe s.r.l.","Sistema EnVES","EVO MVDm 1507","Sensore matr.CMP3856201","","13/10/2025 15:14:49","13/10/2025 15:14:49"
"CMLUP013","Polizia Locale Unione Comuni Garfagnana","D874","29830","03/04/2008","Misuratore di velocit? istantanea mobile","Jenoptik","Traffipatrol","XR","507-207/09290","","13/10/2025 15:14:49","13/10/2025 15:14:49"
"CMLUP201","Polizia locale comune di Capannori","CMLU0014","20923","02/03/07","Fisso/Mobile","Eltraff","Velomatic","512D","5180","","04/11/2025 09:57:24","04/11/2025 09:57:24"
"CMLUP201","Polizia locale comune di Capannori","CMLU0014","20923","02/03/07","Fisso/Mobile","Eltraff","Velomatic","512D","5181","","04/11/2025 09:57:24","04/11/2025 09:57:24"
"CMLUP201","Polizia locale comune di Capannori","CMLU0014","3248","13/06/11","Molbile","Eltraff","Telelaser","TRUCAMHD","TC011183","","04/11/2025 09:57:24","04/11/2025 09:57:24"
"CMLUP203","LUE21","F452","3248","13/06/2011","MOBILE","ELTRAFF","TELELASER","TRUCAM","TC003935","","14/11/2025 11:36:45","14/11/2025 11:36:45"
"CMLUP204","COMUNE BAGNI DI LUCCA","A560","3758","06/08/2014","RILEVATORE  VELOCITA MODALITA ISTANTANEA","SODI SCIENTIFICA SRL","AUTOVELOX 106","NON APPLICABILE","959631","","30/10/2025 17:21:35","30/10/2025 17:21:35"
"CMLUP205","Polizia Locale Comune di Seravezza","I622","1824","20-mar-00","Telelaser","ELTRAFF","ULTRALYTE","ULTRALYTE","UL016713","","20/10/2025 11:05:09","20/10/2025 11:05:09"
"CMLUP206","POLIZIA PROVINCIALE DI LUCCA","E715","3248","13/06/2011","MOBILE","ELTRAFF","TELELASER","TRUCAM","TC003518","","29/11/2025 17:21:13","29/11/2025 17:03:35"
"CMLUP209","POLIZIA LOCALE COMUNE DI BORGO A MOZZANO","B007","3758","06-ago-14","RILEVATORE DI VELOCITA IN MODALITA ISTANTANEA","SODI SCIENTIFICA","AUTOVELOX 106","NON PRESENTE","955401","","19/11/2025 09:57:23","19/11/2025 09:32:35"
"CMLUP209","POLIZIA LOCALE COMUNE DI BORGO A MOZZANO","B007","3248","13-giu-11","MOBILE","ELTRAFF","TELELASER","TRUCAM HD","TC008647","ESTENSIONE DI APPROVAZIONE N. 0000242 DEL 5 LUGLIO 2018","19/11/2025 09:57:23","19/11/2025 09:57:23"
"CMMCP001","Polizia Locale del Comune di Pollenza","F567","20923","02/03/2007","Mobile","Eltraff","Velomatic","512/D","7653-7726","Estensione di approvazione 0000054 del 08/03/2021","06/10/2025 13:52:48","06/10/2025 13:52:48"
"CMMCP002","POLIZIA LOCALE CIVITANOVA MARCHE","C770","3248","13/06/2011","MOBILE","ELTRAFF","TELELASER","TRUCAM","TC003246","","09/12/2025 15:24:44","09/12/2025 15:24:44"
"CMMCP002","POLIZIA LOCALE CIVITANOVA MARCHE","C770","20923","02/03/2007","FISSO/MOBILE","ELTRAFF","VELOMATIC","512D","5350","Estensione di approvazione 5913 del 17/12/2014","09/12/2025 15:24:44","09/12/2025 15:24:44"
"CMMCP004","Polizia Locale Comune di Macerata (MC)","E783","3248","13/06/2011","MOBILE","ELTRAFF","TELELASER","TRUCAM HD","TC011773","","04/12/2025 11:43:12","04/12/2025 11:43:12"
"CMMCP006","Polizia Locale Comune di Corridonia (MC)","D042","20923","02/03/2007","Mobile","ELTRAFF","VELOMATIC","512/D","00323-05962","Estenzione di aprrovazione D.M.103683 del 30/12/2010","16/01/2026 08:27:12","16/01/2026 08:27:12"
"CMMCP006","Polizia Locale Comune di Corridonia (MC)","D042","3248","13/06/2011","Mobile","ELTRAFF","TELELASER","TruCamHD","TC007744","Estenzione di aprrovazione 0000242 del 05/07/2018","16/01/2026 08:27:12","16/01/2026 08:27:12"
"CMMCP008","Polizia Locale Recanati","h211","4670","28/07/2016","fisso","Engine","enves evo mvd1650","mvd1650","0x00032B07","SS 571 km 11+040 dir. Macerata --->Porto Recanati","24/04/2026 12:19:03","24/04/2026 12:19:00"
"CMMCP008","Polizia Locale Recanati","h211","4670","28/07/2016","fisso","Engine","enves evo mvd1650","mvd1650","0x00032A44","SS 571 km 11+040 dir. Porto Recanati ---> Macerata","24/04/2026 12:19:03","24/04/2026 12:19:00"
"CMMCP008","Polizia Locale Recanati","h211","401","19/08/2024","Mobile","Engine","celerits mse2021","mse 2021","0x0004EFA0","","24/04/2026 12:19:03","24/04/2026 12:19:00"
"CMMCP010","Polizia Locale comune di Camerino;","B474;","20923;","02/03/2007;","FISSO/MOBILE;","ELTRAFF;","VELOMATIC;","512D;","4840-4837;","Estensione di approvazione 103683 del 30/12/2010;","26/11/2025 18:42:38","26/11/2025 18:34:49"
"CMMCP010","Polizia Locale comune di Camerino;","B474;","3248;","13/06/2011;","MOBILE;","ELTRAFF;","TELELASER;","TRUCAM;","TC001236;","","26/11/2025 18:42:38","26/11/2025 18:34:49"
"CMMCP200","COMUNE MATELICA POLIZIA LOCALE","F051","3248","13/06/2011","MOBILE","ELTRAFF","TELELASER","TRUCAM HD","TC006591","","16/10/2025 08:59:07","16/10/2025 08:59:07"
"CMMCP205","Polizia locale comune di Treia","L366","prot. n. 3248","13 Giugno 2011","Misuratore di velocità","Laser Technology Incorporated (ELTRAFF SRL)","TELELASER TRUCAM","Telelaser Tru-Cam","TC005827","","15/10/2025 09:48:32","15/10/2025 09:48:32"
"CMMCP206","Polizia Locale comune di Montecassiano","F454","6511","21/11/2012","Misuratore velocita","VIZIER","2 M","Mobile","1304039","","28/10/2025 16:04:45","28/10/2025 16:04:45"
"CMMCP207","Polizia Municipale San severino Marche","I156","1565","02/04/2014","app per il rilev. automatico della velocita'","PROJECT AUTOMATION","PASVC","PASVC","1610014122","SS361 KM.48+300","03/03/2026 11:29:33","15/10/2025 09:45:04"
"CMMCP207","Polizia Municipale San severino Marche","I156","1565","02/04/2014","app per il rilev. automatico della velocita'","PROJECT AUTOMATION","PASVC","PASVC","1610014130","SS361 KM.48+300","03/03/2026 11:29:33","15/10/2025 09:45:04"
"CMMCP207","Polizia Municipale San severino Marche","I156","1605","01/06/2020","app per il rilev. automatico della velocita'","Engine Spa","EnVES EVO MVD 1605","EnVES EVO MVD 1605","0x0032466","SS361 km. 59+220","03/03/2026 11:29:33","03/03/2026 11:29:33"
"CMMCP207","Polizia Municipale San severino Marche","I156","1605","01/06/2020","app per il rilev. automatico della velocita'","Engine Spa","EnVES EVO MVD 1605","EnVES EVO MVD 1605","0x000399CC","SS361 km.59+220","03/03/2026 11:29:33","03/03/2026 11:29:33"
"CMMCP209","Polizia Locale Comune di Tolentino","L191","103683","30/12/2010","Dispositivo misura velocità istantanea veicoli","ELTRAFF","Velomatic","512D","5402+5403","","27/11/2025 20:36:15","27/11/2025 20:36:15"
"CMMCP209","Polizia Locale Comune di Tolentino","L191","1824","20/03/2000","Misuratore velocità istantanea veicoli","ELTRAFF","Telelaser","UltraLyte","UL022025","","27/11/2025 20:36:15","27/11/2025 20:36:15"
"CMMCP213","POLIZIA MUNICIPALE CASTELRAIMONDO","C251","20923","02/03/2007","FISSO/MOBILE","ELTRAFF","VELOMATIC","512D","6028-6136","ESTENSIONE APPROVAZIONE DECRETO 5913 DEL 17/12/2014","11/11/2025 09:40:57","11/11/2025 09:40:57"
"CMMCP214","polizia locale Montecosaro","f428","prot 103683","30/12/2010","mobile","eltraff","velomatic","512d","3283-3296","","03/10/2025 10:25:50","03/10/2025 10:25:50"
"CMMCP216","Polizia Locale Montelupone","F552","5610/05 Area IV (PREF. MC)","02/12/2005","AUTOVELOX","SODI SCENTIFICA","AUTOSTOP HD","N.D.","951230","","20/10/2025 10:40:49","20/10/2025 10:40:49"
"CMMCP219","POLIZIA LOCALE COMUNE DI MONTEFANO","F496","0","00/00/0000","MOBILE","ELTRAFF","VELOMATIC512D","VELOMATIC512D","151A+455","SP81KM 1+995","20/10/2025 15:32:51","20/10/2025 15:32:51"
"CMMCP229","COMUNE DI SAN GINESIO","H876","N. 182","01.06.2000","POSTAZIONE FISSA","ENVES EVO MVD 1505","ENVES EVO MVD 1505","ENVES EVO MVD 1505","CMP3866201","","17/11/2025 12:53:39","17/11/2025 12:51:43"
"CMMCP232","CONSORZIO MARCHE POLIZIA LOCALE E SERVIZI","H876","decreto dirigenziale n.356","18/08/2021","DISP. MISURA DELLA VELOCITA' ISTANTANEA DI VEICOLI","MAGGIOLI S.P.A","AUTOSC@N SPEED","NON PRESENTE","2022.0039","BOLOGNOLA MONTERINALDO USSITA CALDAROLA RAPAGNANO MONTE RUBBIANO CARASSAI ALTIDONA  FIASTRA MOGLIANO","02/12/2025 15:03:59","02/12/2025 14:44:21"
"CMMCP232","CONSORZIO MARCHE POLIZIA LOCALE E SERVIZI","H876","decreto dirigenziale n.356","18/08/2021","DISP. MISURA DELLA VELOCITA' ISTANTANEA DI VEICOLI","MAGGIOLI S.P.A","AUTOSC@N SPEED","NON PRESENTE","2022.0057","BOLOGNOLA MONTERINALDO USSITA CALDAROLA RAPAGNANO MONTE RUBBIANO CARASSAI ALTIDONA  FIASTRA MOGLIANO","02/12/2025 15:03:59","02/12/2025 14:44:21"
"CMMCP232","CONSORZIO MARCHE POLIZIA LOCALE E SERVIZI","H876","DECRETO APP. M.I.T. 0000242.05-07-2018","05/07/2018","DISP. MISURA DELLA VELOCITA' ISTANTANEA DI VEICOLI","ELTRAFF SRL","TELELASER","TRUCAM HD","TC008202","Est. Disp. N 0000242 del 05.07.2018 BOLOGNOLA MONTERINALDO USSITA CALDAROLA RAPAGNANO MONTE RUBBIANO CARASSAI ALTIDONA  FIASTRA MOGLIANO","02/12/2025 15:03:59","02/12/2025 14:44:21"
"CMMCP232","CONSORZIO MARCHE POLIZIA LOCALE E SERVIZI","H876","DECRETO APP. M.I.T. 3248","13/06/2011","DISP. MISURA DELLA VELOCITA' ISTANTANEA DI VEICOLI","ELTRAFF SRL","TELELASER","TRUCAM","TC005831","BOLOGNOLA MONTERINALDO USSITA CALDAROLA RAPAGNANO MONTE RUBBIANO CARASSAI ALTIDONA  FIASTRA MOGLIANO","02/12/2025 15:03:59","02/12/2025 14:44:21"
"CMMCP232","CONSORZIO MARCHE POLIZIA LOCALE E SERVIZI","H876","DECRETO APP. M.I.T. 0000047.01-03-2021","01/03/2021","DISP. MISURA DELLA VELOCITA' ISTANTANEA DI VEICOLI","AGUIA Red & Speed Versione AGUIA-T5-5-R","VELOCAR","NON PRESENTE","16433","BOLOGNOLA MONTERINALDO USSITA CALDAROLA RAPAGNANO MONTE RUBBIANO CARASSAI ALTIDONA  FIASTRA MOGLIANO","02/12/2025 15:03:59","02/12/2025 14:44:21"
"CMMCP232","CONSORZIO MARCHE POLIZIA LOCALE E SERVIZI","H876","DECRETO APP. M.I.T. 20923","02/03/2007","DISP. MISURA DELLA VELOCITA' ISTANTANEA DI VEICOLI","ELTRAFF SRL","VELOMATIC","512D","5835-5805","Est. Disp. N 2913 del 17.12.2014 BOLOGNOLA MONTERINALDO USSITA CALDAROLA RAPAGNANO MONTE RUBBIANO CARASSAI ALTIDONA  FIASTRA MOGLIANO","02/12/2025 15:03:59","02/12/2025 14:44:21"
"CMMEP000","Polizia Municipale comune di Messina","F158","3758 - 80 - 380","06/08/2014 - 21/02/2024 - 26/07/2024","Autovelox","Sodi Scientifica","106","Premium Bidi IR","CPU 959185 - Rilevatore 958760","","05/11/2025 09:14:17","05/11/2025 09:14:17"
"CMMEP000","Polizia Municipale comune di Messina","F158","3758 - 80 - 380","06/08/2024 - 21/02/2024 - 26/07/2024","Autovelox","Sodi Scientifica","106","Premium IR","CPU 955941 - Rilevatore 955374","","05/11/2025 09:14:17","05/11/2025 09:14:17"
"CMMEP000","Polizia Municipale comune di Messina","F158","3758 - 80 - 380","06/08/2014 - 21/02/2024 - 26/07/2024","Autovelox","Sodi Scientifica","106","Premium IR","CPU 959181 - Rilevatore 958763","","05/11/2025 09:14:17","05/11/2025 09:14:17"
"CMMEP000","Polizia Municipale comune di Messina","F158","354 - 1122","05/02/2003 - 16/05/2005","Autovelox","Sodi Scientifica","105","SE","CPU 935447 - Rilevatore 928012","","05/11/2025 09:14:17","05/11/2025 09:14:17"
"CMMEP000","Polizia Municipale comune di Messina","F158","3758 - 80 - 380","06/08/2014 - 21/02/2024 - 26/07/2024","Autovelox","Sodi Scientifica","106","Premium Bidi","CPU 955626 - Rilevatore 954631","","05/11/2025 09:14:17","05/11/2025 09:14:17"
"CMMEP001","Comune di Giardini Naxos","E014","549","21/12/21","Dispositivo fisso di misura velocità istantanea","PROJECT AUTOMATION SPA","K53800_SPEED","09/09/20","PASPEEDn22024011206","","27/01/2026 17:05:14","10/11/2025 11:27:14"
"CMMEP003","POLIZIA LOCALE VILLAFRANCA TIRRENA","CMME0003","L950","325","27-09-2019","MOBILE","SODI SCIENTIFICA","AUTOVELOX 106","N.958349","","04/11/2025 16:41:03","04/11/2025 16:41:03"
"CMMEP005","Polizia Locale comune di Letojanni","E555","4910","16/10/2014","AUTOVELOX","KRIA S.R.L.","T-EXSPEED","2.0","2006","SS 114 VIA NAZIONALE KM 43+200 DIR. CATANIA E KM 43+200 DIR. ME","24/11/2025 11:51:57","24/11/2025 11:51:57"
"CMMEP009","POLIZIA LOCALE COMUNE DI MILAZZO","F206","3758","06/08/2014","RILEVATORE DI VELOCITA' IN MODALITA' ISTANTANEA","SODI SCIENTIFICA","AUTOVELOX 106","NON PRESENTE","950028","","22/11/2025 10:04:30","22/11/2025 10:04:30"
"CMMEP010","Polizia Municipale Spadafora","g209","80","21/02/2024","mobile","SODI SCIENTIFICA","AUTOVELOX","106","RILEVATORE N.950018 -CPU 950252","autovelox in convenzione con comune Pace del Mela","28/11/2025 11:10:06","28/11/2025 11:10:06"
"CMMEP205","POLIZIA LOCALE","M286","8457/4 AREA IV BIS","16/05/2003","AUTOVELOX","SODI SCIENTIFICA SRL","AUTOVELOX 106","BIDIREZIONALE","RILEVATORE 954626 - CPU 953219","","03/10/2025 09:32:09","03/10/2025 09:32:09"
"CMMEP205","POLIZIA LOCALE","M286","22415-06/AREA III","14/07/2006","AUTOVELOX","SODI SCIENTIFICASRL","AUTOVELOX 106","BIDIREZIONALE","RILEVATORE 954626 - CPU 953219","INTEGRAZIONE","03/10/2025 09:32:09","03/10/2025 09:32:09"
"CMMEP207","POLIZIA LOCALE COMUNE DI SAN FILIPPO DEL MELA","H842","3758","06/08/2014","RILEVATORE DI VELOCITA'","SODI SCIENTIFICA","AUTOVELOX 106","MOBILE","RILEVATORE  952411 CPU 950564","","14/11/2025 14:12:53","14/11/2025 14:12:53"
"CMMEP209","Polizia_Locale_Comune_di_Roccalumera","H418","903","27/06/2006","Mobile","Sodi_Scientifica_S.p.A.","Autovelox","104E","934829/939892","","27/11/2025 15:42:58","27/11/2025 15:42:58"
"CMMEP224","Polizia Municipale Pace del Mela","g209","80","21/02/2024","mobile","SODI SCIENTIFICA","AUTOVELOX","106","RILEVATORE N.950018 -CPU 950252","","21/11/2025 14:12:34","21/11/2025 14:12:34"
"CMMEP248","cmmep248","M210","3758","06/08/2014","Rilevatore di velocita' in modalita' istantanea","Sodi Scientifica","Autovelox 106","106","954602","","13/11/2025 11:00:31","13/11/2025 11:00:31"
"CMMIP000","Polizia Locale comune Milano","F205","4130","24/12/2004","FISSO","Lindblad & Piana s.r.l.","Traffiphot III SR-Photor&V","Traffiphot III SR-Photor&V","593-100/60361","","26/11/2025 19:36:44","26/11/2025 19:36:44"
"CMMIP000","Polizia Locale comune Milano","F205","4130","24/12/2004","FISSO","Lindblad & Piana s.r.l.","Traffiphot III SR-Photor&V","Traffiphot III SR-Photor&V","593-100/60816","","26/11/2025 19:36:44","26/11/2025 19:36:44"
"CMMIP000","Polizia Locale comune Milano","F205","4130","24/12/2004","FISSO","Lindblad & Piana s.r.l.","Traffiphot III SR-Photor&V","Traffiphot III SR-Photor&V","593-100/60388","","26/11/2025 19:36:44","26/11/2025 19:36:44"
"CMMIP000","Polizia Locale comune Milano","F205","4130","24/12/2004","FISSO","Lindblad & Piana s.r.l.","Traffiphot III SR-Photor&V","Traffiphot III SR-Photor&V","593-100/60357","","26/11/2025 19:36:44","26/11/2025 19:36:44"
"CMMIP000","Polizia Locale comune Milano","F205","4130","24/12/2004","FISSO","Lindblad & Piana s.r.l.","Traffiphot III SR-Photor&V","Traffiphot III SR-Photor&V","593-100/60381","","26/11/2025 19:36:44","26/11/2025 19:36:44"
"CMMIP000","Polizia Locale comune Milano","F205","4130","24/12/2004","FISSO","Lindblad & Piana s.r.l.","Traffiphot III SR-Photor&V","Traffiphot III SR-Photor&V","593-100/60397","","26/11/2025 19:36:44","26/11/2025 19:36:44"
"CMMIP000","Polizia Locale comune Milano","F205","4130","24/12/2004","FISSO","Lindblad & Piana s.r.l.","Traffiphot III SR-Photor&V","Traffiphot III SR-Photor&V","593-100/60383","","26/11/2025 19:36:44","26/11/2025 19:36:44"
"CMMIP000","Polizia Locale comune Milano","F205","4130","24/12/2004","FISSO","Lindblad & Piana s.r.l.","Traffiphot III SR-Photor&V","Traffiphot III SR-Photor&V","593-100/60389","","26/11/2025 19:36:44","26/11/2025 19:36:44"
"CMMIP000","Polizia Locale comune Milano","F205","5298","27/10/2011","FISSO","KRIA s.r.l.","T-EXSPEED V.2.0","T-EXSPEED v.2.0","2117","","26/11/2025 19:36:44","26/11/2025 19:36:44"
"CMMIP000","Polizia Locale comune Milano","F205","5298","27/10/2011","FISSO","KRIA s.r.l.","T-EXSPEED V.2.0","T-EXSPEED v.2.0","2118","","26/11/2025 19:36:44","26/11/2025 19:36:44"
"CMMIP000","Polizia Locale comune Milano","F205","5298","27/10/2011","FISSO","KRIA s.r.l.","T-EXSPEED V.2.0","T-EXSPEED v.2.0","2113","","26/11/2025 19:36:44","26/11/2025 19:36:44"
"CMMIP000","Polizia Locale comune Milano","F205","5298","27/10/2011","FISSO","KRIA s.r.l.","T-EXSPEED V.2.0","T-EXSPEED v.2.0","2111","","26/11/2025 19:36:44","26/11/2025 19:36:44"
"CMMIP000","Polizia Locale comune Milano","F205","5298","27/10/2011","FISSO","KRIA s.r.l.","T-EXSPEED V.2.0","T-EXSPEED v.2.0","2116","","26/11/2025 19:36:44","26/11/2025 19:36:44"
"CMMIP000","Polizia Locale comune Milano","F205","5298","27/10/2011","FISSO","KRIA s.r.l.","T-EXSPEED V.2.0","T-EXSPEED v.2.0","2114","","26/11/2025 19:36:44","26/11/2025 19:36:44"
"CMMIP000","Polizia Locale comune Milano","F205","5298","27/10/2011","FISSO","KRIA s.r.l.","T-EXSPEED V.2.0","T-EXSPEED v.2.0","2115","","26/11/2025 19:36:44","26/11/2025 19:36:44"
"CMMIP000","Polizia Locale comune Milano","F205","182","01/06/2020","FISSO","EngiNe S.r.l.","EnVES EVO MVD 1505","EnVES EVO MVD 1505","AE0172E","NON ATTIVATO","26/11/2025 19:36:44","26/11/2025 19:36:44"
"CMMIP000","Polizia Locale comune Milano","F205","182","01/06/2020","FISSO","EngiNe S.r.l.","EnVES EVO MVD 1505","EnVES EVO MVD 1505","AE0137E","NON ATTIVATO","26/11/2025 19:36:44","26/11/2025 19:36:44"
"CMMIP000","Polizia Locale comune Milano","F205","3758","06/08/2014","Rilevatore di velocità in modalità istantanea","Sodi Scientifica","Autovelox 106","non presente","950019","postazione mobile","26/11/2025 19:36:44","26/11/2025 19:36:44"
"CMMIP000","Polizia Locale comune Milano","F205","3758","06/08/2014","Rilevatore di velocità in modalità istantanea","Sodi Scientifica","Autovelox 106","non presente","950033","postazione mobile","26/11/2025 19:36:44","26/11/2025 19:36:44"
"CMMIP000","Polizia Locale comune Milano","F205","3758","06/08/2014","Rilevatore di velocità in modalità istantanea","Sodi Scientifica","Autovelox 106","non presente","958576","postazione mobile","26/11/2025 19:36:44","26/11/2025 19:36:44"
"CMMIP000","Polizia Locale comune Milano","F205","1824","20/03/2000","Rilevatore di velocità in modalità istantanea","Laser Technology Inc.","Telelaser Ultralyte","non presente","UL009210","","26/11/2025 19:36:44","26/11/2025 19:36:44"
"CMMIP000","Polizia Locale comune Milano","F205","1824","20/03/2000","Rilevatore di velocità in modalità istantanea","Laser Technology Inc.","Telelaser Ultralyte","non presente","UL004500","","26/11/2025 19:36:44","26/11/2025 19:36:44"
"CMMIP002","Polizia_Locale_Comune_Garbagnate_Milanese","D912","183","01-06-2020","Dispositivo_di_misura_velocita_istantanea_veicoli","EngiNe","EnVES_EVO_MVD_1605","1605","sensore_radar_0x00032482","","28/11/2025 10:29:48","28/11/2025 10:29:48"
"CMMIP003","POLIZIA LOCALE","E617","367","29/09/2025","TELELASER","TRUCAM","TELELASER TRUCAM","R590_2025_ACCR_VX","TC003822","","08/10/2025 14:55:18","08/10/2025 14:55:18"
"CMMIP004","PL MONZA","F704","3248","16/06/2011","MOBILE","ELTRAFF","TELELASER","TRUCAM","004118","","05/03/2026 16:20:40","05/03/2026 16:20:40"
"CMMIP004","PL MONZA","F704","481","13/03/2021","FISSO/MOBILE","VELOCAR","AGUIA","T5-5R","16323","","05/03/2026 16:20:40","28/11/2025 15:59:05"
"CMMIP004","PL MONZA","F704","20923","02/03/2007","FISSO/MOBILE","ELTRAFF","VELOMATIC","512D","236/238/541/5251","ESTENSIONE DI APPROVAZIONE 5913 DEL 17/12/2014","05/03/2026 16:20:40","05/03/2026 16:20:40"
"CMMIP007","Polizia_Locale_Comune_di_Rozzano","H623","48","2021_03_01","Disp_rilevamento_velocita_istantanea_portatile","Safety21_S.p.A.","Aguia_Red_e_Speed","Aguia_T5_5_R","16445","Dec.sub.tit.n.227","28/11/2025 17:28:22","28/11/2025 17:22:49"
"CMMIP010","COMUNE DI CESANO BOSCONE (Polizia Locale)","C565","3248","13/06/2011","MOBILE","ELTRAFF","TELELASER","TRUCAM","TC004925","","13/11/2025 17:13:05","13/11/2025 17:13:05"
"CMMIP011","POLIZIA LOCALE ABBIATEGRASSO","A10","3248","13/06/2011","MOBILE","ELTRAFF","TELELASER","TRUCAM HD","TC010702","Estensione di approvazione 0000242 del 05/07/2018","28/11/2025 13:46:24","28/11/2025 13:46:24"
"CMMIP012","CMMIP01201","Comune_di_Paderno_Dugnano","G220","3248","13/06/2011","Telelaser","Eltraf","Trucam","trcMu0207it","TC003605","04/12/2025 10:20:03","04/12/2025 10:20:03"
"CMMIP015","CINISELLO BALSAMO POLIZIA MUNICIPALE","C707","3758","06/08/2014","AUTOVELOX","SODI SCIENTIFICA","AUTOVELOX 106","AUTOVELOX 106","958344","","31/10/2025 09:42:33","31/10/2025 09:42:33"
"CMMIP015","CINISELLO BALSAMO POLIZIA MUNICIPALE","C707","3758","06/08/2014","AUTOVELOX","SODI SCIENTIFICA","AUTOVELOX 106","AUTOVELOX 106","953480","","31/10/2025 09:42:33","31/10/2025 09:42:33"
"CMMIP015","CINISELLO BALSAMO POLIZIA MUNICIPALE","C707","3758","06/08/2014","AUTOVELOX","SODI SCIENTIFICA","AUTOVELOX 106","AUTOVELOX 106","953481","","31/10/2025 09:42:33","31/10/2025 09:42:33"
"CMMIP015","CINISELLO BALSAMO POLIZIA MUNICIPALE","C707","3248","13/06/2011","TELELASER","ELTRAFF","TELELASER TRU-CAM HD","TELELASER TRU-CAM HD","TC008271","","31/10/2025 09:42:33","31/10/2025 09:42:33"
"CMMIP017","polizia locale","C523","4668","28/07/2016","misuratore velocità","EngiNe Srl","EnVES EVO","MVDm 1507","CMP3483088","","23/01/2026 15:11:16","23/01/2026 15:11:16"
"CMMIP017","polizia locale","C523","4668","28/07/2016","misuratore velocità","EngiNe Srl","EnVES EVO","MVDm 1507","CMP3489088","","23/01/2026 15:11:16","23/01/2026 15:11:16"
"CMMIP018","Polizia Locale Gorgonzola","E094","20923","02/03/2007","MOBILE","ELTRAFF","VELOMATIC","512D+","4307-4291","Estensione di approvazione 0000054 del 08/03/2021","22/10/2025 11:37:37","22/10/2025 11:37:37"
"CMMIP020","Polizia Locale Comune di Desio","D286","3248","13/06/2011","MOBILE","ELTRAFF","TELELASER","TRUCAM","TC005261","","26/11/2025 14:50:55","26/11/2025 14:50:55"
"CMMIP023","Polizia Locale di Solaro","i786","534","08/05/2003","Telelaser","Eltraff","Ultralyte","V04,01,IT","UL006590","","12/11/2025 11:01:09","12/11/2025 11:01:09"
"CMMIP023","Polizia Locale di Solaro","i786","R0000288","17/01/2018","Misuratore laser","Engine","Enves MVDM1507","Enves MVDM1507","CMP3784161","","12/11/2025 11:01:09","12/11/2025 11:01:09"
"CMMIP025","Comando Polizia Locale Brugherio","B212","3758","06/08/2014","Rilevatore di velocità in modalità istantanea","Sodi Scientifica","Autovelox 106","Non presente","951620","","15/10/2025 15:07:53","15/10/2025 15:07:53"
"CMMIP025","Comando Polizia Locale Brugherio","B212","3248","13/06/2011","Mobile","ELTRAF Srl","Telelaser","Trucam HD","TC011211","Estensione di approvazione 000242 05/07/2018","15/10/2025 15:07:53","15/10/2025 15:07:53"
"CMMIP029","Polizia Locale di Turbigo","L471","550","23/12/2021","apparato di rilevamento velocità","Engine S.p.a.","EnVES EVO MVD 1605","'-","0x00029539","autovelox automatico","28/11/2025 10:15:14","28/11/2025 10:15:14"
"CMMIP031","Polizia Locale Comune di Corsico","D045","3248","13.06.2011","mobile","Eltraff","Telelaser","Trucam Hd","TC008654","Estensione di approvazione 0000242 del 05.07.2018","28/11/2025 14:17:54","28/11/2025 14:17:54"
"CMMIP032","Comune di Buccinasco;","B240;","183;","01/06/2020;","Rilevatore infrazioni limiti di velocit?","Engine S.r.l.;","EnVES  EVO MVD 1605;","MVD1605;","0x0002DCF1","","26/11/2025 17:04:16","26/11/2025 17:04:16"
"CMMIP032","Comune di Buccinasco;","B240;","183;","01/06/2020;","Rilevatore infrazioni limiti di velocit?;","Engine S.r.l.;","EnVES  EVO MVD 1605;","MVD1605;","0x00032BD5;","","26/11/2025 17:04:16","26/11/2025 17:04:16"
"CMMIP032","Comune di Buccinasco;","B240;","183;","01/06/2020;","Rilevatore infrazioni limiti di velocit?;","Engine S.r.l;","EnVES  EVO MVD 1605;","MVD1605;","0x00032B03;","","26/11/2025 17:04:16","26/11/2025 17:04:16"
"CMMIP032","Comune di Buccinasco;","B240;","183;","01/06/2020;","Rilevatore infrazioni limiti di velocit?;","Engine S.r.l;","EnVES  EVO MVD 1605;","MVD1605;","0X00032BE1;","","26/11/2025 17:04:16","26/11/2025 17:04:16"
"CMMIP032","Comune di Buccinasco;","B240;","1824;","20/03/2000;","Misuratore di velocit?;","Eltraff S.r.l.;","Telelaser Ultralyte;","Ultralyte;","SNUL022824;","","26/11/2025 17:04:16","26/11/2025 17:04:16"
"CMMIP036","Polizia Locale Comune di Muggio';","F797;","534;","08/05/2003;","MOBILE;","ELTRAFF;","TELELASER;","MICRODIGICAM;","UL015123;","","03/12/2025 10:34:50","03/12/2025 10:24:41"
"CMMIP037","Polizia Locale Comune di Seregno","I625","3248","13/06/2011","MOBILE","ELTRAFF","TELELASER","TRUCAM","TC005822","","21/10/2025 10:10:37","21/10/2025 10:10:37"
"CMMIP042","POLIZIA LOCALE DEL COMUNE DI SEGRATE","I577","decreto dirigenziale n.356","18/08/2021","dispositivo automatico velocità istantanea","Maggioli s.p.a.","Autosc@n Speed","non presente","matricola 2022.0047","VIA CASSANESE 28 - Postazione fissa, usato in modalità manuale","17/11/2025 16:06:24","17/11/2025 16:06:24"
"CMMIP042","POLIZIA LOCALE DEL COMUNE DI SEGRATE","I577","decreto dirigenziale n.356","18/08/2021","dispositivo automatico velocità istantanea","Maggioli s.p.a.","Autosc@n Speed","non presente","matricola 2022.0050","VIA RIVOLTANA 63 - Postazione fissa, usato in modalità manuale","17/11/2025 16:06:24","17/11/2025 16:06:24"
"CMMIP042","POLIZIA LOCALE DEL COMUNE DI SEGRATE","I577","decreto dirigenziale n.356","18/08/2021","dispositivo automatico velocità istantanea","Maggioli s.p.a.","Autosc@n Speed","non presente","matricola 2022.0046","VIA RIVOLTANA km 2+710 - Postazione fissa, usato in modalità manuale","17/11/2025 16:06:24","17/11/2025 16:06:24"
"CMMIP042","POLIZIA LOCALE DEL COMUNE DI SEGRATE","I577","decreto dirigenziale n.3248","13/06/2011","MOBILE","ELTRAFF","TELELASER","TRUCAM","matricola TC003602","","17/11/2025 16:06:24","17/11/2025 16:06:24"
"CMMIP042","POLIZIA LOCALE DEL COMUNE DI SEGRATE","I577","decreto dirigenziale n.3248","13/06/2011","MOBILE","ELTRAFF","TELELASER","TRUCAM HD","matricola TC010698","Estensione di approvazione 0000242 del 05/07/2018","17/11/2025 16:06:24","17/11/2025 16:06:24"
"CMMIP042","POLIZIA LOCALE DEL COMUNE DI SEGRATE","I577","decreto dirigenziale n.354","05/02/2003","dispositivo automatico velocità istantanea","Sodi Scientifica","Autovelox 105 SE","non presente","matricola 912203","Estensione con decreto n.1122 del 16 maggio 2005 - Postazione mobile, usato in modalità manuale","17/11/2025 16:06:24","17/11/2025 16:06:24"
"CMMIP043","POLIZIA LOCALE COMUNE DI LEGNANO","CMMI0043","3248","13/06/2011","MOBILE","ELTRAFF","TELELASER","TRUCAM HD","TC008277","","12/11/2025 15:17:56","12/11/2025 15:17:56"
"CMMIP044","POLIZIA LOCALE DI CORNATE D'ADDA","D019","3248","13/06/2011","MOBILE","ELTRAFF","TELELASE","TRUSPEED","TS009247","","23/10/2025 17:12:35","23/10/2025 17:12:35"
"CMMIP049","COMANDO POLIZIA LOCALE PIEVE EMANUELE","G634","3248","13/06/2011","MOBILE","ELTRAFF","TELELASER","TRUCAM","TC005049","","08/10/2025 10:53:33","08/10/2025 10:53:33"
"CMMIP049","COMANDO POLIZIA LOCALE PIEVE EMANUELE","G634","20923","02/03/2007","MOBILE","ELTRAFF","VELOMATIC","512D","5928","Estensione di approvazione 5913 del 17/12/2014","08/10/2025 10:53:33","08/10/2025 10:53:33"
"CMMIP051","Polizia Locale Comune di Nova Milanese;","F944;","1824;","20/03/2000;","mobile;","Eltraff;","Telelaser;","Ultralyte;","UL020682;","","19/11/2025 09:35:14","19/11/2025 09:35:14"
"CMMIP052","COMANDO POLIZIA LOCALE BOVISIO MASCIAGO","B105","3248","13/06/2011","MOBILE","ELTRAFF","TELELASER","TRUCAM HD","TC009486","Estensione di approvazione con Decreto 0000242 del 05/07/2018","06/10/2025 10:47:41","06/10/2025 10:47:41"
"CMMIP056","Polizia Locale Comune di Giussano","E063","3248","13/06/2011","MOBILE","ELTRAFF","TELELASER","TRUCAM HD","TC012039","Estensione di approvazione 0000242 del 05/07/2018","13/11/2025 15:18:14","13/11/2025 15:18:14"
"CMMIP058","COMANDO POLIZIA LOCALE SANTO STEFANO TICINO","I361","4199","08/09/1997","MOBILE","ELTRAFF","TELELASER","LTI 20-20","12070","Estensione di approvazione 4353 del 15/09/1997","06/10/2025 13:13:06","06/10/2025 13:13:06"
"CMMIP064","POLIZIA LOCALE COMUNE DI CAPONAGO","B671","3248","13/06/2011","MOBILE","ELTRAFF","TELELASER","TRUCAM HD","TC007671","","17/10/2025 11:10:52","17/10/2025 11:10:52"
"CMMIP065","POLIZIA LOCALE CENTRO MARTESANA","C014","3248","13/06/2011","MOBILE","ELTRAFF","TELELASER","TRUCAM","TC003575","CONVENZIONE DI POLIZIA LOCALE CHE COMPRENDE ANCHE IL COMUNE DI BUSSERO (MI) COD. CATASTALE B292","28/11/2025 08:38:15","06/10/2025 07:04:17"
"CMMIP068","POLIZIA LOCALE DI LIMBIATE","E591","1824","20/03/2000","MOBILE","ELTRAFF","TELELASER","ULTRALYTE","UL022530","","23/10/2025 13:52:29","23/10/2025 13:52:29"
"CMMIP071","POLIZIA LOCALE SETTALA","I696","242","05/07/2018","MOBILE","ELTRAFF","TRUCAM","HD","TC010699","TELELASER","17/11/2025 12:12:25","17/11/2025 12:12:25"
"CMMIP072","Polizia Locale Comune di Carate Brianza","B729","3248","13/06/2011","MOBILE","ELTRAFF","TELELASER","TRUCAM HD","TC010700","Estensione di approvazione 0000242 del 05/07/2018","17/12/2025 11:53:11","22/10/2025 11:55:13"
"CMMIP079","polizia locale comune di parabiago","g324","3248","13/06/2011","mobile","eltraff","telelaser","trucam","TC003529","","21/11/2025 10:00:42","21/11/2025 10:00:42"
"CMMIP081","Polizia Locale di Gessate","D995","20923","02/03/2007","FISSO/MOBILE","ELTRAFF","VELOMATIC","512D","4547-4527","","08/10/2025 12:30:36","08/10/2025 12:30:36"
"CMMIP084","POLIZIA LOCALE COMUNE DI CORBETTA","C986","3248","13/06/2011","MOBILE","ELTRAFF","TELELASER","TRUCAM","TC005284","ND","23/10/2025 11:24:40","23/10/2025 11:24:40"
"CMMIP085","COMANDO POLIZIA LOCALE S.COLOMBANO AL LAMBRO","H803","3248","13/06/2011","MOBILE","ELTRAFF","TELELASER","TRUCAM","TC001744","","13/10/2025 09:38:46","13/10/2025 09:38:46"
"CMMIP089","Polizia Locale Comune di Cesano Maderno","C566","3248  -  242","13/06/2011  -  05/07/2018","TELELASER","ELTRAFF","TRUCAM","HD","TC011198","","27/10/2025 12:58:20","27/10/2025 12:58:20"
"CMMIP094","POLIZIA LOCALE COMUNE DI BRESSO","B162","Decreto Approvazione 814","24/02/2015","Velox istantaneo Fisso","Velox","Red&Speed EVO","EVO","211","via XX Settembre km 0+044","15/11/2025 13:28:45","21/10/2025 18:15:34"
"CMMIP094","POLIZIA LOCALE COMUNE DI BRESSO","B162","Decreto Approvazione 814","24/02/2015","Velox istantaneo Fisso","Velox","Red&Speed EVO","EVO","197","via XX Settembre km 0+018","15/11/2025 13:28:45","21/10/2025 18:15:34"
"CMMIP094","POLIZIA LOCALE COMUNE DI BRESSO","B162","Decreto Approvazione 48","01/03/2021","Velox istantaneo Mobile","Velox","AGUIA Red & Speed","T5-5","16275","via Grandi intersezione via Don Sturzo","15/11/2025 13:28:45","21/10/2025 18:15:34"
"CMMIP096","POLIZIA LOCALE BIASSONO","A849","3248","13/06/2011","MOBILE","ELTRAFF","TELELASER","TRUCAM","TC005057","","26/11/2025 18:44:07","26/11/2025 18:44:07"
"CMMIP098","POLIZIA LOCALE","E921","20923","02/03/2007","MOBILE","ELTRAFF","VELOMATIC","512","3703-3682","UNICO DISPOSITIVO IN DOTAZIONE PER IL COMUNE DI MARCALLO CON CASONE E IL COMUNE DI MESERO","13/10/2025 12:35:08","13/10/2025 12:35:08"
"CMMIP098","POLIZIA LOCALE","F160","20923","02/03/2007","MOBILE","ELTRAFF","VELOMATIC","512","3703-3682","UNICO DISPOSITIVO IN DOTAZIONE PER IL COMUNE DI MARCALLO CON CASONE E IL COMUNE DI MESERO","13/10/2025 12:35:08","13/10/2025 12:35:08"
"CMMIP099","Comune  di Vimercate","Z052","1824","20/03/2000","mobile","Eltraff","telelaser","Ultralight","UL003619","","31/10/2025 10:35:20","31/10/2025 10:35:20"
"CMMIP099","Comune  di Vimercate","Z052","3248","13/06/2011","mobile","Eltraff","telelaser","Trucam HD","TC008650","","31/10/2025 10:35:20","31/10/2025 10:35:20"
"CMMIP202","COMUNE DI BESANA IN BRIANZA","A818","3248","13/06/2011","MOBILE","ELTRAF","TELELASER","TRUCAM","TC005820","","27/11/2025 11:03:25","27/11/2025 11:03:25"
"CMMIP203","POLIZIA LOCALE LENTATE SUL SEVESO;","E530;","20923:","02/03/2007;","MOBILE;","ELTRAFF;","VELOMATIC;","512;","371-751-752;","","01/12/2025 08:24:49","01/12/2025 08:24:49"
"CMMIP205","Polizia Municipale Concorezzo","C952","3248","13/06/2011","Mobile","Eltrafff","Telelaser","Trucam Hd","TC009964","","23/10/2025 17:20:15","23/10/2025 17:20:15"
"CMMIP208","COMUNE DI RONCO BRIANTINO","108038","288","17/01/2018","Apparato di rilevamento di velocità istantanea","Engine S.P.A.","EnVES EVO MVDm 1507","'-","CMP3844181","","25/10/2025 13:18:21","25/10/2025 13:18:21"
"CMMIP208","COMUNE DI SULBIATE","108042","288","17/01/2018","Apparato di rilevamento di velocità istantanea","Engine S.P.A.","EnVES EVO MVDm 1507","'-","CMP3844181","","25/10/2025 13:18:21","25/10/2025 13:18:21"
"CMMIP208","COMUNE DI BERNAREGGIO","108007","288","17/01/2018","Apparato di rilevamento di velocità istantanea","Engine S.P.A.","EnVES EVO MVDm 1507","'-","CMP3844181","","25/10/2025 13:18:21","25/10/2025 13:18:21"
"CMMIP208","COMUNE AICURZIO","108002","288","17/01/2018","Apparato di rilevamento di velocità istantanea","Engine S.P.A.","EnVES EVO MVDm 1507","'-","CMP3844181","","25/10/2025 13:18:21","25/10/2025 13:18:21"
"CMMIP218","COMUNE DI SAN DONATO MILANESE","H827","549","21/12/2021","FISSO","PROJECT AUTOMATION","K53800","//","PASPEEDn22022120787","","20/01/2026 16:40:41","12/11/2025 18:26:01"
"CMMIP218","COMUNE DI SAAN DONATO MILANESE","H827","3248","13/06/2011","MOBILE","ELTRAFF","TELELASER","TRUCAM HD","TC006391","Estensione di approvazione 0000242 del 05/07/2018","20/01/2026 16:40:41","12/11/2025 18:16:12"
"CMMIP221","POLIZIA MUNICIPALE","H026","20923","02/03/2007","MOBILE","ELTRAFF","VELOMATIC","512","TS009249","","27/10/2025 10:06:18","27/10/2025 10:06:18"
"CMMIP221","POLIZIA MUNICIPALE","H026","3248","13/06/2011","MOBILE","ELTRAFF","TELELASER","TRUCAM","TS009249","","27/10/2025 10:27:40","27/10/2025 10:27:40"
"CMMIP224","POLIZIA LOCALE DEL COMUNE DI CARPIANO","B820","3758","06/08/2014","RILEVATORE VELOCITA IN MODALITA ISTATANEA","SODI SCIENTIFICA","AUTOVELOX 106","non presente","956343","","14/10/2025 15:38:00","14/10/2025 15:38:00"
"CMMIP225","COMANDO POLIZIA LOCALE ARCORE","A376","242","05/07/2018","MOBILE","ELTRAFF","TELELASER","TRUCAM HD","TC009961","","19/11/2025 09:08:00","19/11/2025 09:08:00"
"CMMIP228","POLIZIA LOCALE OSSONA","G181","20923","02/03/2007","FISSO/MOBILE","ELTRAFF","VELOMATIC","512D+","691-791","ESTENSIONE DI APPROVAZIONE 0000054 DEL 08/03/2021","06/10/2025 13:06:36","06/10/2025 13:06:36"
"CMMIP232","POLIZIA LOCALE","B286","20923","02/03/2007","MOBILE","ELTRAFF","VELOMATIC","512D","5430-5428","ESTENSIONE DI APPROVAZIONE 5913 DEL 17/12/2014","28/11/2025 11:27:42","28/11/2025 11:27:42"
"CMMIP239","POLIZIA LOCALE","A804","4668","28.07.2016","MOBILE","EngiNE","EnVES EVO","MVDm 1507","CMP3769520 (Rilevatore LASER)","AL0919H (Elaboratore) - VE1365.1 ACCC8ECA7B8E (Vista Enves 1365)","09/10/2025 09:40:23","09/10/2025 09:40:23"
"CMMIP240","Corpo polizia local brianza est","a759","3248","13/06/2011","rilevatore di velocità in modalita istantanea","eltraff","trucam","non disponibile","tc003302","nulla","14/10/2025 10:43:36","14/10/2025 10:43:36"
"CMMIP240","Corpo polizia local brianza est","a760","103683","30/12/2010","rilevatore di velocità in modalita istantanea","eltraff","velomatic","non disponibile","46174881","nulla","14/10/2025 10:43:36","14/10/2025 10:43:36"
"CMMIP243","POLIZIA LOCALE DI MAGNAGO","E819","PROT. 1824","20/03/2000","MISURATORE DI VELOCITA'","ELTRAFF SRL","TELELASER ULTRALYTE","ULTRALYTE","UL014715","","28/11/2025 16:16:03","28/11/2025 16:16:03"
"CMMIP244","POLIZIA LOCALE DI CASTANO PRIMO","C052","1824","20.03.2000","MOBILE","ELTRAFF","TELELASER","ULTRALYTE","UL015128","L’approvazione di durata ventennale è riferita solo alla possibilità di commercializzazione del dispositivo","27/11/2025 09:47:32","27/11/2025 09:47:32"
"CMMIP245","Comune di Rescaldina","H240","288","17/01/2018","autovelox mobile","EnVES","EVO MVDm","1507","CMP3916264","il dispositivo mobile viene, di norma, collocato nelle seguenti strade: Via Marco Polo Ovest, Viale dei Kennedy, Via Repetti, Via XI Settembre.","28/11/2025 15:35:35","28/11/2025 15:35:35"
"CMMIP252","POLIZIA LOCALE COMUNE DI CERRO AL LAMBRO","C536","288","17/01/2018","RILEVATORE VELOCITA IN MODALITA ISTATANEA","EngiNe","EnVES EVO MVDm 1507","non presente","CMP3491088","","20/11/2025 13:53:52","20/11/2025 13:53:52"
"CMMIP257","Polizia Locale comune di Vernate","L773","4020","21/06/2017","Apparato di rilevamento velocita' istantanea","EngiNe S.p.A.","EnVES EVO MVD 1605","'-","0x00032B30","autovelox presidiato","03/03/2026 09:55:51","03/03/2026 09:55:51"
"CMMIP261","polizia locale inzago","e_317","1824","20/03/2000","telelaser","eltraff laser technology","telelaser ultralyte","3717","UL022292/4221","","18/11/2025 17:54:42","18/11/2025 17:54:42"
"CMMIP265","Polizia Locale comune di inveruno","E313","3248","13/06/2011","MOBILE","ELTRAFF","TELELASER","TRUCAM HD","ND","Estensione di approvazione 0000242 del 05/07/2018","28/11/2025 16:11:00","28/11/2025 16:11:00"
"CMMIP269","Polizia Locale comune di Pantigliate","g316","1824","20/03/2000","mobile","eltraff","telelaser","microdogicam","UL011708/MV000416","","24/11/2025 10:07:19","24/11/2025 10:07:19"
"CMMIP273","Polizia locale comune di Briosco","B187","20923","02/03/2007","dispositivo di misura della velocità istantanea","eltraff","Velomatic","512 D monodirezionale","5702  - 5622 - 5689","","27/10/2025 15:22:05","27/10/2025 15:22:05"
"CMMIP276","POLIZIA LOCALE VERANO BRIANZA","L744","20923","02/03/2007","FISSO/MOBILE","ELTRAFF","VELOMATIC","512D","500-1057-1075","","13/10/2025 12:49:31","13/10/2025 12:49:31"
"CMMIP278","UNIONE I FONTANILI - POLIZIA LOCALE","F968","decreto dirigenziale n. 356","18/08/2021","dispositivo automatico velocita' istantanea","Maggioli s.p.a.","Autosc@n Speed","non presente","2022.0041","","02/12/2025 10:17:26","02/12/2025 10:17:26"
"CMMIP278","UNIONE I FONTANILI - POLIZIA LOCALE","F968","decreto dirigenziale n. 356","18/08/2021","dispositivo automatico velocita' istantanea","Maggioli s.p.a.","Autosc@n Speed","non presente","2022.0042","","02/12/2025 10:17:26","02/12/2025 10:17:26"
"CMMIP295","POLIZIA LOCALE UNIONE DI COMUNI LOMBARDA ADDA MARTESANA","G965","3248","16/06/2011","MOBILE","ELTRAFF","TELELASER","TRUCAM","TC003595","","28/10/2025 09:38:10","28/10/2025 09:38:10"
"CMMIP302","POLIZIA METROPOLITANA CITTA' METROPOLITANA DI MILANO","F205","290","25/07/2023","Dispositivo rilevamento velocità istantanea fisso","Engine S.p.A.","CELERITAS MVD 2022","ND","AN0114K-0x0003B078","Censito il 31/10/2025 - S.P. 40 Binasco-Melegnano km 13+031 dir. Melegnano","02/04/2026 16:17:47","31/10/2025 14:20:11"
"CMMIP302","POLIZIA METROPOLITANA CITTA' METROPOLITANA DI MILANO","F205","290","25/07/2023","Dispositivo rilevamento velocità istantanea fisso","Engine S.p.A.","CELERITAS MVD 2022","ND","AN0115K-0x00043F26","Censito il 31/10/2025 - S.P. ex S.S. 35 Milano-Meda km 133+354 dir. Milano","02/04/2026 16:17:47","31/10/2025 14:20:11"
"CMMIP302","POLIZIA METROPOLITANA CITTA' METROPOLITANA DI MILANO","F205","290","25/07/2023","Dispositivo rilevamento velocità istantanea fisso","Engine S.p.A.","CELERITAS MVD 2022","ND","AP0170K-0x00044033","Censito il 31/10/2025 - Dismesso il 02/12/2025 - S.P. ex S.S. 415 Paullese km 7+581 dir. Paullo","02/04/2026 16:17:47","31/10/2025 14:20:11"
"CMMIP302","POLIZIA METROPOLITANA CITTA' METROPOLITANA DI MILANO","F205","290","25/07/2023","Dispositivo rilevamento velocità istantanea fisso","Engine S.p.A.","CELERITAS MVD 2022","ND","AP0193K-0x00044036","Censito il 31/10/2025 - Dismesso il 02/12/2025 - S.P. ex S.S. 415 Paullese km 7+051 dir. Milano","02/04/2026 16:17:47","31/10/2025 14:20:11"
"CMMIP302","POLIZIA METROPOLITANA CITTA' METROPOLITANA DI MILANO","F205","290","25/07/2023","Dispositivo rilevamento velocità istantanea fisso","Engine S.p.A.","CELERITAS MVD 2022","ND","AP0170K-0x00043EA7","Censito il 05/12/2025 - S.P. ex S.S. 415 Paullese km 7+581 dir. Paullo","02/04/2026 16:17:47","05/12/2025 11:38:46"
"CMMIP302","POLIZIA METROPOLITANA CITTA' METROPOLITANA DI MILANO","F205","290","25/07/2023","Dispositivo rilevamento velocità istantanea fisso","Engine S.p.A.","CELERITAS MVD 2022","ND","AP0193K-0x00043EA9","Censito il 05/12/2025 - S.P. ex S.S. 415 Paullese km 7+051 dir. Milano","02/04/2026 16:17:47","05/12/2025 11:38:46"
"CMMIP302","POLIZIA METROPOLITANA CITTA' METROPOLITANA DI MILANO","F205","290","25/07/2023","Dispositivo rilevamento velocità istantanea fisso","Engine S.p.A.","CELERITAS MVD 2022","ND","AP0163K-0x000355DD","Censito il 31/10/2025 - S.P. 103 Cassanese Moderna km 6+315 dir. Brescia","02/04/2026 16:17:47","31/10/2025 14:20:11"
"CMMIP302","POLIZIA METROPOLITANA CITTA' METROPOLITANA DI MILANO","F205","290","25/07/2023","Dispositivo rilevamento velocità istantanea fisso","Engine S.p.A.","CELERITAS MVD 2022","ND","AN0116K-0x00043E66","Censito il 31/10/2025 - S.P. ex S.S. 35 Milano-Meda km 134+046 dir. Meda","02/04/2026 16:17:47","31/10/2025 14:20:11"
"CMMIP302","POLIZIA METROPOLITANA CITTA' METROPOLITANA DI MILANO","F205","290","25/07/2023","Dispositivo rilevamento velocità istantanea fisso","Engine S.p.A.","CELERITAS MVD 2022","ND","AN0113K-0x00043FC0","Censito il 31/10/2025 - S.P. 40 Binasco-Melegnano km 12+490 dir. Binasco","02/04/2026 16:17:47","31/10/2025 14:20:11"
"CMMIP302","POLIZIA METROPOLITANA CITTA' METROPOLITANA DI MILANO","F205","290","25/07/2023","Dispositivo rilevamento velocità istantanea fisso","Engine S.p.A.","CELERITAS MVD 2022","ND","AP0161K-0x00044050","Censito il 31/10/2025 - Dismesso il 03/12/2025 - S.P. 14 Rivoltana km 6+965 dir. Milano","02/04/2026 16:17:47","31/10/2025 14:20:11"
"CMMIP302","POLIZIA METROPOLITANA CITTA' METROPOLITANA DI MILANO","F205","290","25/07/2023","Dispositivo rilevamento velocità istantanea fisso","Engine S.p.A.","CELERITAS MVD 2022","ND","AP0164K-0x00044037","Censito il 31/10/2025 - Dismesso il 03/12/2025 - S.P. 14 Rivoltana km 8+039 dir. Brescia","02/04/2026 16:17:47","31/10/2025 14:20:11"
"CMMIP302","POLIZIA METROPOLITANA CITTA' METROPOLITANA DI MILANO","F205","290","25/07/2023","Dispositivo rilevamento velocità istantanea fisso","Engine S.p.A.","CELERITAS MVD 2022","ND","AP0161K-0x0003A216","Censito il 05/12/2025 - Dismesso il 24/03/2026 - S.P. 14 Rivoltana km 6+965 dir. Milano","02/04/2026 16:17:47","05/12/2025 11:38:46"
"CMMIP302","POLIZIA METROPOLITANA CITTA' METROPOLITANA DI MILANO","F205","290","25/07/2023","Dispositivo rilevamento velocità istantanea fisso","Engine S.p.A.","CELERITAS MVD 2022","ND","AQ0253K-0x0003A216","Censito il 30/03/2026 - S.P. 14 Rivoltana km 6+965 dir. Milano","02/04/2026 16:17:47","01/04/2026 15:47:33"
"CMMIP302","POLIZIA METROPOLITANA CITTA' METROPOLITANA DI MILANO","F205","290","25/07/2023","Dispositivo rilevamento velocità istantanea fisso","Engine S.p.A.","CELERITAS MVD 2022","ND","AP0164K-0x00036635","Censito il 05/12/2025 - S.P. 14 Rivoltana km 8+039 dir. Brescia","02/04/2026 16:17:47","05/12/2025 11:38:46"
"CMMIP302","POLIZIA METROPOLITANA CITTA' METROPOLITANA DI MILANO","F205","290","25/07/2023","Sistema rilevamento velocità media","Engine S.p.A.","CELERITAS MVD 2022","ND","non applicabile","Censito il 31/10/2025 - Dismesso il 31/03/2026 - S.P. ex S.S. 412 dir. Landriano: Portale 1 km 1+480 (ID AP0186K); Portale 2 km 2+590 (ID AP0198K)","02/04/2026 16:17:47","31/10/2025 14:20:11"
"CMMIP302","POLIZIA METROPOLITANA CITTA' METROPOLITANA DI MILANO","F205","290","25/07/2023","Sistema rilevamento velocità media","Engine S.p.A.","CELERITAS MVD 2022","ND","non applicabile","Censito il 02/04/2026 - S.P. ex S.S. 412 della Val Tidone dir. Landriano: Portale 1 km 1+480 (ID AP0186K); Portale 2 km 2+590 (ID AQ0250K)","02/04/2026 16:17:47","31/10/2025 14:20:11"
"CMMIP302","POLIZIA METROPOLITANA CITTA' METROPOLITANA DI MILANO","F205","290","25/07/2023","Sistema rilevamento velocità media","Engine S.p.A.","CELERITAS MVD 2022","ND","non applicabile","Censito il 31/10/2025 - S.P. ex S.S. 412 della Val Tidone dir. Milano: Portale 1 km 2+590 (ID AN0127K); Portale 2 km 1+480 (ID AQ0234K)","02/04/2026 16:17:47","31/10/2025 14:20:11"
"CMMIP302","POLIZIA METROPOLITANA CITTA' METROPOLITANA DI MILANO","F205","290","25/07/2023","Dispositivo rilevamento velocità istantanea fisso","Engine S.p.A.","CELERITAS MVD 2022","ND","AP0189K-0x0003B07B","Censito il 31/10/2025 - Dismesso il 05/02/2026 - S.P. 30 Binasco-Vermezzo km 9+792 dir. Binasco","02/04/2026 16:17:47","31/10/2025 14:20:11"
"CMMIP302","POLIZIA METROPOLITANA CITTA' METROPOLITANA DI MILANO","F205","290","25/07/2023","Dispositivo rilevamento velocità istantanea fisso","Engine S.p.A.","CELERITAS MVD 2022","ND","AP0188K-0x00043FC5","Censito il 31/10/2025 - Dismesso il 05/02/2026 - S.P. 30 Binasco-Vermezzo km 10+097 dir. Vermezzo","02/04/2026 16:17:47","31/10/2025 14:20:11"
"CMMIP302","POLIZIA METROPOLITANA CITTA' METROPOLITANA DI MILANO","F205","290","25/07/2023","Dispositivo rilevamento velocità istantanea fisso","Engine S.p.A.","CELERITAS MVD 2022","ND","AP0141K-0x0003B07F","Censito il 05/02/2026 - S.P. 30 Binasco-Vermezzo km 9+792 dir. Binasco","02/04/2026 16:17:47","09/02/2026 16:02:46"
"CMMIP302","POLIZIA METROPOLITANA CITTA' METROPOLITANA DI MILANO","F205","290","25/07/2023","Dispositivo rilevamento velocità istantanea fisso","Engine S.p.A.","CELERITAS MVD 2022","ND","AN0131K-0x0003B07E","Censito il 05/02/2026 - S.P. 30 Binasco-Vermezzo km 10+097 dir. Vermezzo","02/04/2026 16:17:47","09/02/2026 16:02:46"
"CMMIP302","POLIZIA METROPOLITANA CITTA' METROPOLITANA DI MILANO","F205","290","25/07/2023","Sistema rilevamento velocità media","Engine S.p.A.","CELERITAS MVD 2022","ND","non applicabile","Censito il 31/10/2025 - S.P. 14 Rivoltana dir. Milano: Portale 1 km 8+113 (ID AP0159K); Portale 2 km 6+965 (ID AP0160K)","02/04/2026 16:17:47","31/10/2025 14:20:11"
"CMMIP302","POLIZIA METROPOLITANA CITTA' METROPOLITANA DI MILANO","F205","290","25/07/2023","Sistema rilevamento velocità media","Engine S.p.A.","CELERITAS MVD 2022","ND","non applicabile","Censito il 31/10/2025 - S.P. 14 Rivoltana dir. Brescia: Portale 1 km 6+973 (ID AQ0233K); Portale 2 km 8+039 (ID AP0164K)","02/04/2026 16:17:47","31/10/2025 14:20:11"
"CMMIP302","POLIZIA METROPOLITANA CITTA' METROPOLITANA DI MILANO","F205","290","25/07/2023","Sistema rilevamento velocità media","Engine S.p.A.","CELERITAS MVD 2022","ND","non applicabile","Censito il 31/10/2025 - Dismesso il 25/03/2026 - S.P. ex S.S. 415 dir. Milano: Portale 1 km 8+318 (ID AP0173K); Portale 2 km 7+051 (ID AP0193K)","02/04/2026 16:17:47","31/10/2025 14:20:11"
"CMMIP302","POLIZIA METROPOLITANA CITTA' METROPOLITANA DI MILANO","F205","290","25/07/2023","Sistema rilevamento velocità media","Engine S.p.A.","CELERITAS MVD 2022","ND","non applicabile","Censito il 30/03/2026 - S.P. ex S.S. 415 Paullese dir. Milano: Portale 1 km 8+318 (ID AP0195K); Portale 2 km 7+051 (ID AP0193K)","02/04/2026 16:17:47","31/10/2025 14:20:11"
"CMMIP302","POLIZIA METROPOLITANA CITTA' METROPOLITANA DI MILANO","F205","290","25/07/2023","Sistema rilevamento velocità media","Engine S.p.A.","CELERITAS MVD 2022","ND","non applicabile","Censito il 31/10/2025 - S.P. ex S.S. 415 Paullese dir. Paullo: Portale 1 km 6+530 (ID AP0169K); Portale 2 km 7+581 (ID AP0170K)","02/04/2026 16:17:47","31/10/2025 14:20:11"
"CMMIP302","POLIZIA METROPOLITANA CITTA' METROPOLITANA DI MILANO","F205","290","25/07/2023","Sistema rilevamento velocità media","Engine S.p.A.","CELERITAS MVD 2022","ND","non applicabile","Censito il 31/10/2025 - S.P. 103 Cassanese Moderna dir. Milano: Portale 1 km 7+296 (ID AN0117K); Portale 2 km 6+240 (ID AN0108K)","02/04/2026 16:17:47","31/10/2025 14:20:11"
"CMMIP302","POLIZIA METROPOLITANA CITTA' METROPOLITANA DI MILANO","F205","290","25/07/2023","Sistema rilevamento velocità media","Engine S.p.A.","CELERITAS MVD 2022","ND","non applicabile","Censito il 31/10/2025 - S.P. 103 Cassanese Moderna dir. Brescia: Portale 1 km 5+280 (ID AN0104K); Portale 2 km 6+315 (ID AP0163K)","02/04/2026 16:17:47","31/10/2025 14:20:11"
"CMMIP302","POLIZIA METROPOLITANA CITTA' METROPOLITANA DI MILANO","F205","290","25/07/2023","Dispositivo rilevamento velocità istantanea fisso","Engine S.p.A.","CELERITAS MVD 2022","ND","AP0209K-0x000355BE","Censito il 31/10/2025 - S.P. 15 bis Paullese - Circonvallazione Idroscalo km 1+700 dir. Pioltello","02/04/2026 16:17:47","31/10/2025 14:20:11"
"CMMIP302","POLIZIA METROPOLITANA CITTA' METROPOLITANA DI MILANO","F205","555","24/12/2021","Dispositivo rilevamento velocità istantanea fisso","Engine S.p.A.","CELERITAS MVD 2020","ND","AM0037K-0x000355DF","Censito il 31/10/2025 - S.S. 336 dir diramazione per Aeroporto della Malpensa km 14+260 dir. Cardano al Campo","02/04/2026 16:17:47","31/10/2025 14:20:11"
"CMMIP302","POLIZIA METROPOLITANA CITTA' METROPOLITANA DI MILANO","F205","555","24/12/2021","Dispositivo rilevamento velocità istantanea fisso","Engine S.p.A.","CELERITAS MVD 2020","ND","AM0036K-0x000355E0","Censito il 31/10/2025 - S.S. 336 dir diramazione per Aeroporto della Malpensa km 14+610 dir. Magenta","02/04/2026 16:17:47","31/10/2025 14:20:11"
"CMMIP302","POLIZIA METROPOLITANA CITTA' METROPOLITANA DI MILANO","F205","290","25/07/2023","Sistema rilevamento velocità media","Engine S.p.A.","CELERITAS MVD 2022","ND","non applicabile","Censito il 31/10/2025 - Dismesso il 24/03/2026 - S.P. 14 Rivoltana dir. Milano: Portale 1 km 8+113 (ID AP0159K); Portale 2 km 6+965 (ID AP0161K)","02/04/2026 16:17:47","31/10/2025 14:20:11"
"CMMIP302","POLIZIA METROPOLITANA CITTA' METROPOLITANA DI MILANO","F205","290","25/07/2023","Sistema rilevamento velocità media","Engine S.p.A.","CELERITAS MVD 2022","ND","non applicabile","Censito il 30/03/2026 - S.P. 14 Rivoltana dir. Milano: Portale 1 km 8+113 (ID AP0159K); Portale 2 km 6+965 (ID AQ0253K)","02/04/2026 16:17:47","31/10/2025 14:20:11"
"CMMIP302","POLIZIA METROPOLITANA CITTA' METROPOLITANA DI MILANO","F205","290","25/07/2023","Sistema rilevamento velocità media","Engine S.p.A.","CELERITAS MVD 2022","ND","non applicabile","Censito il 31/10/2025 - S.P. 14 Rivoltana dir. Brescia: Portale 1 km 6+973 (ID AP0182K); Portale 2 km 8+039 (ID AP0164K)","02/04/2026 16:17:47","31/10/2025 14:20:11"
"CMMIP302","POLIZIA METROPOLITANA CITTA' METROPOLITANA DI MILANO","F205","290","25/07/2023","Sistema rilevamento velocità media","Engine S.p.A.","CELERITAS MVD 2022","ND","non applicabile","Censito il 31/10/2025 - S.P. ex S.S. 415 dir. Milano: Portale 1 km 8+318 (ID AP0185K); Portale 2 km 7+051 (ID AP0193K)","02/04/2026 16:17:47","31/10/2025 14:20:11"
"CMMNP000","DM1MVC","E897","20923","02/03/2007","MOBILE","ELTRAFF","VELOMATIC","512D","2496","","27/11/2025 13:08:42","27/11/2025 13:08:42"
"CMMNP000","DM1MVC","E897","1824","20/03/2000","MOBILE","ELTRAFF","TELELASER","ULTRALYTE","UL002868","","27/11/2025 13:08:42","27/11/2025 13:08:42"
"CMMNP001","POLIZIA LOCALE GUIDIZZOLO","E261","64627/2023","03/10/2023","POSTAZIONE FISSA","ENVES","EVO MVD","1605","0X000399E1","","02/12/2025 13:50:26","02/12/2025 13:50:26"
"CMMNP001","POLIZIA LOCALE GUIDIZZOLO","E261","13242/2007","13/11/2007","POSTAZIONE FISSA","ENVES","EVO MVD","1505","CMP3699280","","02/12/2025 13:50:26","02/12/2025 13:50:26"
"CMMNP002","COMUNE DI ASOLA","A470","3248","13/06/2011","MISURATORE MOBILE VELOCITA' ISTANTANEA","ELTRAFF SRL","TRUCAM","HD","TC003567","","19/03/2026 12:24:18","19/03/2026 12:24:18"
"CMMNP002","COMUNE DI ASOLA","A470","128","23/03/2023","MISURATORE FISSO VELOCITA' ISTANTANEA","ENGINE SPA","EnVES EVO MVDm 1507","MVDm 1507","CMP3071523","","19/03/2026 12:24:18","06/10/2025 09:20:03"
"CMMNP004","Polizia Locale Comune di Rodigo","H481","378","09/09/2021","Dispositivo fisso velocità istantanea","Traffic Tecnology","TCS - Traffic Control System 1.0","Non presente nel decreto","IMP.767241119-TCD.1223033036-TCE.S10A11009860","noleggio - dispositivo disattivato 05/12/2025","10/12/2025 19:37:18","21/11/2025 09:57:10"
"CMMNP004","Polizia Locale Comune di Rodigo","H481","378","09/09/2021","Dispositivo fisso velocità istantanea","Traffic Tecnology","TCS - Traffic Control System 1.0","Non presente nel decreto","IMP.767241119-TCD.1223033037-TCE.S10A11009860","noleggio - dispositivo attivato 10/12/2025","10/12/2025 19:37:18","10/12/2025 19:37:18"
"CMMNP004","Polizia Locale Comune di Rodigo","H481","1284","20/03/2000","Dispositivo mobile velocità istantanea","Eltraff","Telelaser","Ultralyte","UL003345","Comuni di Casaloldo-Ceresara-Gazoldo degli Ippoliti-Piubega","10/12/2025 19:37:18","21/11/2025 10:10:57"
"CMMNP004","Polizia Locale Comune di Rodigo","H481","29830","03/04/2008","Dispositivo mobile velocità istantanea","Jenoptik","Traffipatrol XR","Non presente nel decreto","507-207/11146","Comuni di Casaloldo-Ceresara-Gazoldo degli Ippoliti-Piubega","10/12/2025 19:37:18","29/11/2025 19:31:23"
"CMMNP005","COMUNE DI CASTIGLIONE DELLE STIVIERE","C303","6099","18/11/2015","Dispositivo rilevamento velocità istantanea","Safety21 S.p.A.","Velocar Red&Speed EVO","VRS-EVO-L1","128","Dec.App.n.814_24/02/2005 Dec.sub tit.n.227_04/07/2025 SP 83 VIA DEL BENACO 2+202 CASTIGLIONE DELLE STIVIERE","28/11/2025 12:43:25","13/10/2025 15:25:54"
"CMMNP005","COMUNE DI CASTIGLIONE DELLE STIVIERE","C303","236","05/06/2023","misura veloc.istantanea,limiti max veloc.puntuali","kria","t-exspeed","089089051321AA0","4410194","SP EX  SS236 GOITESE-DAL KM 33+00 AL KM 32+400 lato dx, direzione mantova-brescia","28/11/2025 12:43:25","13/10/2025 15:25:13"
"CMMNP006","ComuneDiCurtatone","D227","16238/2005-AREAIV","16/12/2005","iMisuraDellaVelocitàIstantanea","velocar","red&speed","vrs-evo-l1","321","SP420 km4+230 dir.Parma","07/04/2026 09:04:23","25/10/2025 10:21:44"
"CMMNP006","ComuneDiCurtatone","D227","13242/2007-AREAIII","10/10/2007","MisuraDellaVelocitàIstantanea","Kria","T-ExSpeed","s/n","4410236","SP420 km5+010 dir.Mantova","07/04/2026 09:04:23","07/04/2026 09:04:23"
"CMMNP006","ComuneDiCurtatone","D227","1323-2430-260","08/03/2012.03/05/2013.20/01/2014","MisuraDellaVelocitàIstantanea","SintelItaliaSpa","ScoutSpeed","s/n","HW004365.SW004365.KC085776.DS045918","PostazioneMobile","07/04/2026 09:04:23","27/11/2025 08:29:56"
"CMMNP006","ComuneDiCurtatone","D227","1824","20/03/2000","MisuraDellaVelocitàIstantanea","EltraffSrl","Telelaser","Ultralyte","UL003857","PostazioneMobile","07/04/2026 09:04:23","29/11/2025 19:43:30"
"CMMNP007","POLIZIA LOCALE","C118","29830","03/04/2008","TELELASER","ROBOT Visual Systems GmbH","TRAFFIPATROL","XR","507-207/07353","COMUNE DI CASTEL GOFFREDO","09/12/2025 12:48:42","09/12/2025 12:22:52"
"CMMNP007","POLIZIA LOCALE","C118","342","02/10/2025","AUTOVELOX","VELOCAR","VELOCAR RED&SPEED-EVO-R","EVO-R","394","COMUNE DI CASTEL GOFFREDO","09/12/2025 12:48:42","08/10/2025 12:38:25"
"CMMNP007","POLIZIA LOCALE","C118","342","02/10/2025","AUTOVELOX","VELOCAR","VELOCAR RED&SPEED-EVO-R","EVO-R","395","COMUNE DI CASTEL GOFFREDO","09/12/2025 12:48:42","08/10/2025 12:38:25"
"CMMNP008","POLIZIA LOCALE  COMUNE DI CASALOLDO","B907","553","24/12/2021","Dispositivo Fisso velocità istantanea","EngiNe S.r.l","Enves Evo MVD1505","1.0.6","CMP3081523","","27/03/2026 15:54:42","27/03/2026 15:54:42"
"CMMNP008","POLIZIA LOCALE  COMUNE DI CASALOLDO","B907","1122","16/05/2005","Dispositivo Mobile velocità istantanea","Sodi Scientifica","105","SE","903405","Comuni di Casaloldo-Ceresara-Gazoldo degli Ippoliti-Piubega-Rodigo","27/03/2026 15:54:42","21/11/2025 10:43:05"
"CMMNP009","Comune di Castellucchio","C195","decreto dirigenziale nr.356","18/08/2021","dispositivo automatico fisso  velocità istantanea","Maggioli s.p.a.","Autosc@n Speed","non presente","2021.0012","nessuna""","02/12/2025 09:29:43","02/12/2025 09:24:57"
"CMMNP009","Comune di Castellucchio","C195","decreto ministeriale nr. 3758","06/08/2014","dispositivo automatico fisso velocità istantanea","Sodi scientifica srl","Autovelox","106","955371-955942","nessuna""","02/12/2025 09:29:43","11/10/2025 07:34:16"
"CMMNP009","Comune di Castellucchio","C195","decreto ministeriale nr. 1824","20/03/2000","dispositivo mobile","Eltraff  srl","Telelaser","Microdigicam","UL017801","estensione di approvazione 534 del 08/05/2003""","02/12/2025 09:29:43","11/10/2025 07:34:16"
"CMMNP010","POLIZIA LOCALE SUZZARA","L020","378","09/09/2021","AUTOVELOX FISSO","TRAFFIC TECNOLOGY","TCS-TCD1.0","NON DISPONIBILE","1223033030","","27/10/2025 14:10:55","27/10/2025 14:10:55"
"CMMNP010","POLIZIA LOCALE SUZZARA","L020","2961","27/11/1989","AUTOVELOX MOBILE","VELOMATIC","512D","NON DISPONIBILE","406-804-805","","27/10/2025 14:10:55","27/10/2025 14:10:55"
"CMMNP010","POLIZIA LOCALE SUZZARA","L020","1824","20/03/2000","TELELASER MOBILE","TELELASER","ULTRALYTE","NON DISPONIBILE","UL016709","","27/10/2025 14:10:55","27/10/2025 14:10:55"
"CMMNP011","COMUNE DI BORGO VIRGILIO","M340","6099","18/11/2015","Dispositivo rilevamento velocità istantanea fisso","Safety21 S.p.A.","Velocar Red&Speed EVO","VRS-EVO-L1","144","Dec.App.n.814_24/02/2005 Dec.sub tit.n.227_04/07/2025 VIA ROMANA 1+967 MANTOVA_BAGNOLO SAN VITO","23/10/2025 09:08:01","23/10/2025 09:08:01"
"CMMNP011","COMUNE DI BORGO VIRGILIO","M340","342","02/10/2025","Dispositivo rilevamento velocità istantanea fisso","Safety21 S.p.A.","Velocar Red&Speed EVO-R","ND","403","Dec.App.n.4708_01/08/2016 Dec.sub.tit.n.227_04/07/2025 SP ex SS 62 ""DELLA CISA"" 175+590 CERESE","23/10/2025 09:08:01","23/10/2025 09:08:01"
"CMMNP012","COMUNE DI CANNETO SULL OGLIO","B612","R.0000048.01.03.2021","10032021","AUTOVELOX","AGUIA RED & SPEED","AGUIA-T5-5-R","NON PRESENTE","16261","","06/10/2025 12:11:51","06/10/2025 12:11:51"
"CMMNP014","COMUNE DI CASALROMANO (MN)","B911","48","01/03/2021","AGUIA RED&SPEED","AGUIA-T5-5-R","AGUIA-T5-5-R","AGUIA-T5-5-R -HR1","16257","S.P.2 KM 8 + 703","09/10/2025 07:05:14","09/10/2025 07:05:14"
"CMMNP015","POLIZIA LOCALE  COMUNE DI PIUBEGA","G717","38","17/02/2026","Dispositivo Fisso velocità istantanea","EngiNe S.p.A.","EnVES Evo MVD 2005","1.5.3","0X00043E55","NOLEGGIO","22/04/2026 11:51:13","22/04/2026 11:51:13"
"CMMNP016","COMUNE_DI_GONZAGA","E089","342","02-10-2025","Dispositivo_rilevamento_velocità_istantanea_fisso","Safety21_S.p.A.","VRS-EVO-R","VRS-EVO-T12-5-R","654","Dec.App.n.4708_01-08-2016_Dec.est.n.129_07-04-2021_Dec.sub.tit.n.227_04-07-2025_S.P._48_8+660_REGGIOLO","23/10/2025 11:03:30","23/10/2025 11:03:30"
"CMMNP200","POLIZIA MUNICIPALE GOITO","E078","PROT. 4708","01/08/2016","VELOX FISSO","VELOCAR","RED & SPEED EVO R","EVO R","452","","07/10/2025 09:47:38","07/10/2025 09:47:38"
"CMMNP200","POLIZIA MUNICIPALE GOITO","E078","PROT. 4709","01/08/2016","VELOX FISSO","VELOCAR","RED & SPEED EVO R","EVO R","298","","07/10/2025 09:47:38","07/10/2025 09:47:38"
"CMMNP200","POLIZIA MUNICIPALE GOITO","E078","PROT. 470","01/08/2016","VELOX FISSO","VELOCAR","RED & SPEED EVO R","EVO R","372","","07/10/2025 09:47:38","07/10/2025 09:47:38"
"CMMNP202","POLIZIA LOCALE","G862","4708","01.08.2016","MISURATORE VELOCITA'","VELOCAR","VRS EVO-R","VRS-EVO-T12-5-R","556","","10/10/2025 11:20:55","10/10/2025 11:20:55"
"CMMNP202","POLIZIA LOCALE","I801","4708","01.08.2016","MISURATORE VELOCITA'","VELOCAR","VRS EVO-R","VRS-EVO-T12-5-R","554","","10/10/2025 11:20:55","10/10/2025 11:20:55"
"CMMNP202","POLIZIA LOCALE","I801","4708","01.08.2016","MISURATORE VELOCITA'","VELOCAR","VRS EVO-R","VRS-EVO-T12-5-R","555","","10/10/2025 11:20:55","10/10/2025 11:20:55"
"CMMNP203","POLIZIA LOCALE COMUNE DI VIADANA","L826","prot n. 814","24/02/2015","AUTOVELOX","VELOCAR","VELOCAR RED & SPEED EVO","VRS-EVO-L1","472","autovelox fisso","17/10/2025 09:44:55","17/10/2025 09:44:55"
"CMMNP203","POLIZIA LOCALE COMUNE DI VIADANA","L826","n.2961","27/11/1989","AUTOVELOX","ELTRAFF","VELOMATIC 512","D","6697","autovelox mobile","17/10/2025 09:44:55","17/10/2025 09:44:55"
"CMMNP204","SERVIZIO DI POLIZIA LOCALE SERMIDE E FELONICA (MN)","I632","1824","20/03/2000","TELELASER ULTRALYTE","ELTRAFF SRL","ULTRALYTE","ultralyte","UL003857","","20/10/2025 17:06:18","20/10/2025 17:06:18"
"CMMNP204","SERVIZIO DI POLIZIA LOCALE SERMIDE E FELONICA (MN)","I632","20923","02/03/2007","VELOMATIC","ELTRAFF SRL","VELOMATIC 512D","512D","6029-6137","ESTENSIONE DECRETO NR. 5913 DEL 17/12/2014","20/10/2025 17:06:18","20/10/2025 17:06:18"
"CMMNP208","COMUNE DI MARCARIA - POLIZIA LOCALE","E922","4164","03/08/2011","RILEVATORE DI VELOCITÁ IN MODALITÁ ISTANTANEA","SODI SCIENTIFICA","AUTOSTOP HD","NON PRESENTE","942945","Sp420 Sabbionetana / Direz. Mantova - Parma / Km 13+ 657","25/11/2025 14:24:37","27/10/2025 13:46:57"
"CMMNP208","COMUNE DI MARCARIA - POLIZIA LOCALE","E922","2483","10/11/1993","RILEVATORE DI VELOCITÁ IN MODALITÁ ISTANTANEA","SODI SCIENTIFICA","AUTOVELOX 104/C-2","NON PRESENTE","917089","SP56 Borgoforte - Marcaria / Direz. Marcaria -Borgoforte / Km 9+670","25/11/2025 14:24:37","27/10/2025 13:46:57"
"CMMNP208","COMUNE DI MARCARIA - POLIZIA LOCALE","E922","3758","06/08/2014","RILEVATORE DI VELOCITÀ IN MODALITÀ  ISTANTANEA","SODI SCIENTIFICA","AUTOVELOX 106","NON PRESENTE","959326","Sp420 Sabbionetana / Direz. Mantova - Parma / Km 10+965","25/11/2025 14:24:37","27/10/2025 13:46:57"
"CMMNP208","COMUNE DI MARCARIA - POLIZIA LOCALE","E922","3758","06/08/2014","RILEVATORE DI VELOCITÀ IN MODALITÀ  ISTANTANEA","SODI SCIENTIFICA","AUTOVELOX 106","NON PRESENTE","953469","SS10 Padana Inferiore / Direz. Cremona - Mantova / Km 271+703","25/11/2025 14:24:37","27/10/2025 13:46:57"
"CMMNP208","COMUNE DI MARCARIA - POLIZIA LOCALE","E922","3248","13/06/2011","MOBILE","ELTRAFF","TELELASER","TRUCAM","TC004091","APPARECCHIO MOBILE","25/11/2025 14:24:37","27/10/2025 13:46:57"
"CMMNP209","COMUNE DI OSTIGLIA (MN)","G186","3248","13/06/2011","MOBILE","ELTRAFF","TELELASER","TRUCAM HD","TC007294","ESENSIONE DI APPROVAZIONE 0000242 DEL 05/07/2018","01/12/2025 10:58:11","01/12/2025 10:58:11"
"CMMNP210","COMUNE DI PEGOGNAGA POLIZIA LOCALE","G417","271","11/07/2023","FISSO","Safety21 S.p.A.","VRS EVO 2","VRS-EVO-T12-5-RS4","725","Dec.sub.tit.n.227_04/07/2025 SP 49 OVEST 6+120 PEGOGNAGA","24/10/2025 11:15:33","24/10/2025 11:15:33"
"CMMNP210","COMUNE DI PEGOGNAGA POLIZIA LOCALE","G417","271","11/07/2023","FISSO","Safety21 S.p.A.","VRS EVO 2","VRS-EVO-T12-5-RS4","726","Dec.sub.tit.n.227_04/07/2025 SP 49 OVEST 6+180 PEGOGNAGA","24/10/2025 11:15:33","24/10/2025 11:15:33"
"CMMNP210","COMUNE DI PEGOGNAGA POLIZIA LOCALE","G417","3248","13/06/2011","MOBILE","ELTRAFF","TELELASER","TRUSPEED","9252","","24/10/2025 11:15:33","24/10/2025 11:15:33"
"CMMNP213","COMUNE DI POMPONESCO","G816","549","21/12/2021","VELOX","PROJECT AUTOMATION","K53800","1","PASPEED N-22023010805","","20/11/2025 13:02:05","20/11/2025 13:02:05"
"CMMNP213","COMUNE DI POMPONESCO","G816","549","21/12/2021","VELOX","PROJECT AUTOMATION","K53800","1","PASPEED N-22023010804","","20/11/2025 13:02:05","20/11/2025 13:02:05"
"CMMNP216","POLIZIA LOCALE MARMIROLO","E962","3248","13/06/2011","LASER MOBILE","ELTRAFF","TRUCAM","LIGHT","TC002038","","15/11/2025 11:56:03","15/11/2025 11:56:03"
"CMMNP218","Polizia Locale Comune di Roverbella (MN)","H604","236","05/06/2023","FISSO","KRIA SRL","T-EXSPEED","089089051321AA0","4410173","strumento a noleggio","28/11/2025 14:23:50","22/10/2025 13:24:47"
"CMMNP218","Polizia Locale Comune di Roverbella (MN)","H604","236","05/06/2023","FISSO","KRIA SRL","T-EXSPEED","089089051321AA0","4410211","strumento a noleggio","28/11/2025 14:23:50","22/10/2025 13:24:47"
"CMMNP218","Polizia Locale Comune di Roverbella (MN)","H604","236","05/06/2023","FISSO","KRIA SRL","T-EXSPEED","089089051321AA0","4410212","strumento a noleggio","28/11/2025 14:23:50","22/10/2025 13:24:47"
"CMMNP219","POLIZIA LOCALE COMUNE RIVAROLO MANTOVANO","H342","20923","02;03;2007","AUTOVELOX MOBILE","ELETRAFF","VELOMATIC","512D","1123;1135","VARIE ESTENSIONI 103683 30;12;10 5913 17;12;2014 NOLEGGIO","24/11/2025 07:13:16","24/11/2025 07:13:16"
"CMMNP220","Polizia Locale Comune di Moglia","F267","3248","13/06/2011","Mobile","Eltraff","Telelaser","Trucam HD","TC011766","Estensione di approvazione 0000054 del 08/03/2021","29/11/2025 12:32:39","29/11/2025 12:32:39"
"CMMNP221","Polizia Locale Comune di San Giorgio Bigarello","H883","2980","25/06/2014","FISSO","Maggioli s.p.a.","Gatso GTC-GS11","Gatso GTC-GS11/IR","648","strumentazione di proprietà","18/12/2025 14:27:03","10/11/2025 09:31:29"
"CMMNP221","Polizia Locale Comune di San Giorgio Bigarello","H883","242","05/07/2018","MOBILE","Eltraff","Telelaser","Trucam hd","TCO12551","strumentazione di proprietà","18/12/2025 14:27:03","24/11/2025 18:33:31"
"CMMNP222","Corpo Polizia Locale Destra Secchia Centrale","M396","42","17/02/2026","Telelaser","ELTRAFF srl","TruCamHD","Telelaser TruCam HD","TC008526","","22/04/2026 11:59:52","22/04/2026 11:59:52"
"CMMNP225","COMUNE DI REDONDESCO - POLIZIA LOCALE","H21B","38","17/02/2026","AUTOVELOX FISSO","EngiNE","EnVES EVO MVD 2005","2005","sensore radar 0x00043ED0","installato VIA POSTUMIA SP 17 KM 2+347 DIREZIONE CREMONA","21/04/2026 09:27:46","30/03/2026 10:08:36"
"CMMNP225","COMUNE DI REDONDESCO - POLIZIA LOCALE","H21B","342","02/10/2025","AUTOVELOX FISSO","VELOCAR","VELOCAR RED&SPEED-EVO-R","EVO-R","370","installato VIA POSTUMIA SP 17 KM 2+240 DIREZIONE GAZOLDO DEGLI IPPOLITI","21/04/2026 09:27:46","08/10/2025 13:12:04"
"CMMNP226","POLIZIA MUNICIPALE VOLTA MANTOVANA","M125","378","09/09/2021","VELOX FISSO","TRAFFIC TECNOLOGY","TCS","1","1910007627","","08/10/2025 08:17:31","08/10/2025 08:17:31"
"CMMNP226","POLIZIA MUNICIPALE VOLTA MANTOVANA","M125","378","09/09/2021","VELOX FISSO","TRAFFIC TECNOLOGY","TCS","1","1910007761","","08/10/2025 08:17:31","08/10/2025 08:17:31"
"CMMNP226","POLIZIA MUNICIPALE VOLTA MANTOVANA","M125","48","01/03/2021","VELOX MOBILE","VELOCAR","AGUIA","T5-5-R","16273","","08/10/2025 08:17:31","08/10/2025 08:17:31"
"CMMNP226","POLIZIA MUNICIPALE VOLTA MANTOVANA","M125","48","01/03/2021","VELOX MOBILE","VELOCAR","AGUIA","T5-5-R","16376","","08/10/2025 08:17:31","08/10/2025 08:17:31"
"CMMNP228","COMUNE DI CAVRIANA","C406","4708","01/08/2016","VELOX FISSO","VELOCAR","EVO - R","EVO -R","457","","06/11/2025 08:48:17","06/11/2025 08:48:17"
"CMMNP228","COMUNE DI CAVRIANA","C406","4708","01/08/2016","VELOX FISSO","VELOCAR","EVO - R","EVO -R","458","","06/11/2025 08:48:17","06/11/2025 08:48:17"
"CMMNP230","COMUNE CASTEL D'ARIO CMMN002901-CMMNP23001","C076","20923","02/03/2007","VELOX MOBILE","ELTRAFF SRL","VELOMATIC","512D","5842-5840","0","03/12/2025 10:55:58","08/10/2025 05:59:16"
"CMMNP233","POLIZIA LOCALE COMUNE DI RONCOFERRARO","H541","342","02/10/2025","Dispositivo rilevamento velocità istantanea fisso","Safety21 S.p.A.","Velocar Red&Speed EVO-R","ND","565","Dec.App.n.4708_01/08/2016 Dec.sub.tit.n.227_04/07/2025 V. Ostigliese ex S.S. 482 7+340 Mantova-Ostiglia","18/11/2025 09:00:45","18/11/2025 09:00:45"
"CMMNP234","Polizia Locale Unione di Comuni Lombarda Mincio Po","I662","342","02/10/2025","Autovelox fisso","Safety21 S.p.A.","Velocar Red&Speed EVO-R","ND","360","Dec.App.n.4708_01/08/2016 Dec.sub.tit.n.227_04/07/2025 SP ex SS 482 24+743 TORRIANA","04/11/2025 10:03:26","04/11/2025 10:01:06"
"CMMNP235","COMUNE DI BAGNOLO SAN VITO (MN)","A575","3248","13/06/2011","MOBILE","ELTRAFF","TELELASERA TRUCAM","HD","TC012037","","10/03/2026 08:21:13","16/02/2026 10:33:35"
"CMMNP235","COMUNE DI BAGNOLO SAN VITO (MN)","A575","236","05/06/2023","FISSO","KRIA S.R.L.","T-EXSPEED","089089051321A00","4410237","","10/03/2026 08:21:13","09/03/2026 12:34:31"
"CMMNP248","COMUNE DI SAN GIACOMO DELLE SEGNATE (MN)","H870","4614","29/07/2013","AUTOVELOX FISSO","VELOCAR","RED&SPEED","F01054 VRSQ001","150922 VRSQ001-0003","","13/10/2025 09:36:13","13/10/2025 09:36:13"
"CMMOP000","MODENA POLIZIA LOCALE","F257","5298","27/10/2011","Autovelox Fisso","KRIA","T-EXSPEED","V.2,0","2121","Est. App. n.4910 del 16/10/2014, n.5072 del 27/10/2014, n.7175 del 29/12/2016","23/10/2025 10:51:51","23/10/2025 10:51:51"
"CMMOP000","MODENA POLIZIA LOCALE","F257","4708","01/08/2016","Autovelox Fisso","VELOCAR S.r.l","VRS EVO-R","VRS-EVO-T12-5-R","517","Est. App. n.129 del 07/04/2021, Dec.sub.tit.n.227 Est. App. n° 342 del 02/10/2025","23/10/2025 10:51:51","23/10/2025 10:51:51"
"CMMOP000","MODENA POLIZIA LOCALE","F257","4708","01/08/2016","Autovelox Fisso","VELOCAR S.r.l","VRS EVO-R","VRS-EVO-T12-5-R","545","Est. App. n.129 del 07/04/2021, Dec.sub.tit.n.227 Est. App. n° 342 del 02/10/2025","23/10/2025 10:51:51","23/10/2025 10:51:51"
"CMMOP000","MODENA POLIZIA LOCALE","F257","48","01/03/2021","Velox Mobile","VELOCAR S.r.l","AGUIA Red &Speed","AGUIA-T5-5-R","16371","Dec.sub.tit.n.227","23/10/2025 10:51:51","23/10/2025 10:51:51"
"CMMOP000","MODENA POLIZIA LOCALE","F257","3248","13/06/2011","Velox Mobile","ELTRAFF S.r.l","Telelaser Tru-Cam","Tru-Cam","TC003084","Est. App. n.242 del 05/07/2018","23/10/2025 10:51:51","23/10/2025 10:51:51"
"CMMOP000","MODENA POLIZIA LOCALE","F257","3248","13/06/2011","Velox Mobile","ELTRAFF S.r.l","Telelaser Tru-Cam HD","Tru-Cam HD","TC012603","Est. App. n.242 del 05/07/2018","23/10/2025 10:51:51","23/10/2025 10:51:51"
"CMMOP000","MODENA POLIZIA LOCALE","F257","4668","02/07/2016","Velox Mobile","ENGInE Sr.l  (CI.TI.Esse S.r.l)","EnVES EVO","MVDm1507","CMP3945242-AM1444H","Est. App. n.288 del 17/01/2018","23/10/2025 10:51:51","23/10/2025 10:51:51"
"CMMOP001","Comune di Castelfranco Emilia - Polizia Locale","C107","1323","08/03/2012","Rilevatore mobile","Sintel Italia","Scout Speed","Scout Speed","4327","utilizzo sospeso","27/11/2025 17:05:34","27/11/2025 17:05:34"
"CMMOP002","Unione Terre d'Argine - Polizia Locale","B819 , I802, B539 , F966","3248","13.06.2011","MOBILE","ELTRAFF","TELELASER","TRUCAM HD","TC010193","estensione di approvazione 0000242 del 05.07.2018","30/10/2025 15:02:00","30/10/2025 15:02:00"
"CMMOP002","Unione Terre d'Argine - Polizia Locale","B819 , I802, B539 , F966","3248","13.06.2011","MOBILE","ELTRAFF","TELELASER","TRUCAM HD","TC010192","estensione di approvazione 0000242 del 05.07.2018","30/10/2025 15:02:00","30/10/2025 15:02:00"
"CMMOP002","Unione Terre d'Argine - Polizia Locale","B819 , I802, B539 , F966","3248","13.06.2011","MOBILE","ELTRAFF","TELELASER","TRUCAM HD","TC002045","","30/10/2025 15:02:00","30/10/2025 15:02:00"
"CMMOP002","Unione Terre d'Argine - Polizia Locale","B819 , I802, B539 , F966","1824","20.03.2000","MOBILE","ELTRAFF","TELELASER","MICRODIGICAM","UL008526","Se manutenuto e tarato regolarmente utilizzo senza limitzioni - circ. MIT e MINT 13.12.2013, circ. MINT 21.07.2017","30/10/2025 15:02:00","30/10/2025 15:02:00"
"CMMOP002","Unione Terre d'Argine - Polizia Locale","B819 , I802, B539 , F966","103683","30.12.2010","MOBILE/fisso","ELTRAFF","VELOMATIC","512D","3917+3856","","30/10/2025 15:02:00","30/10/2025 15:02:00"
"CMMOP002","Unione Terre d'Argine - Polizia Locale","B819 , I802, B539 , F966","5913","17.12.2014","MOBILE/fisso","ELTRAFF","VELOMATIC","512D","652+964-965","","30/10/2025 15:02:00","30/10/2025 15:02:00"
"CMMOP002","Unione Terre d'Argine - Polizia Locale","F966","342","02.10.2025","ISTANTANEO FISSO","SAFETY21 spa","VELOCAR RED&SPEED","VRS-EVO-R","551","Dec.App.n.4708_01.08.2016 Dec.sub.tit.n.227_04.07.2025","30/10/2025 15:02:00","30/10/2025 15:02:00"
"CMMOP002","Unione Terre d'Argine - Polizia Locale","B819","236","05.06.2023","FISSO","KRIA","T-EXSPEED","089089051321AA0","4410204","","30/10/2025 15:02:00","30/10/2025 15:02:00"
"CMMOP002","Unione Terre d'Argine - Polizia Locale","F966","236","05.06.2023","FISSO","KRIA","T-EXSPEED","089089051321AA0","4410205","","30/10/2025 15:02:00","30/10/2025 15:02:00"
"CMMOP002","Unione Terre d'Argine - Polizia Locale","I802","236","05.06.2023","FISSO","KRIA","T-EXSPEED","089089051321AA0","4410206","","30/10/2025 15:02:00","30/10/2025 15:02:00"
"CMMOP002","Unione Terre d'Argine - Polizia Locale","I802","236","05.06.2023","FISSO","KRIA","T-EXSPEED","089089051321AA0","4410208","","30/10/2025 15:02:00","30/10/2025 15:02:00"
"CMMOP002","Unione Terre d'Argine - Polizia Locale","B819","236","05.06.2023","FISSO","KRIA","T-EXSPEED","089089051321AA0","4410217","","30/10/2025 15:02:00","30/10/2025 15:02:00"
"CMMOP002","Unione Terre d'Argine - Polizia Locale","B819","236","05.06.2023","FISSO","KRIA","T-EXSPEED","089089051321AA0","4410218","","30/10/2025 15:02:00","30/10/2025 15:02:00"
"CMMOP003","Polizia Locale Unione Comuni Modenesi Area Nord","F087","4614","29/07/2013","Dispositivo rilevamento velocità istantanea fisso","Safety21 S.p.A.","Velocar Red&Speed","F01054","169455","Dec.App.n.56214_08/07/2008 Dec.est.n.3616_25/06/2012 Dec.sub.tit.n.227_04/07/2025 SP 2 ""Via Panaria Est"" 20+950 CAMPOSANTO","19/11/2025 13:41:48","19/11/2025 13:41:48"
"CMMOP003","Polizia Locale Unione Comuni Modenesi Area Nord","F087","3248","13/06/2011","Dispositivo rilevamento velocità istantanea","Eltraff s.r.l.","TeleLaser Trucam","TeleLaser Tru-cam","TC002919","","19/11/2025 13:41:48","19/11/2025 13:41:48"
"CMMOP003","Polizia Locale Unione Comuni Modenesi Area Nord","F087","3248","13/06/2011","Dispositivo rilevamento velocità istantanea","Eltraff s.r.l.","TeleLaser Trucam","TeleLaser Tru-cam","TC003576","","19/11/2025 13:41:48","19/11/2025 13:41:48"
"CMMOP003","Polizia Locale Unione Comuni Modenesi Area Nord","F087","1824","20/03/2000","Dispositivo rilevamento velocità istantanea","Eltraff s.r.l.","TeleLaser Ultralyte","TeleLaser Ultralyte","UL004964","","19/11/2025 13:41:48","19/11/2025 13:41:48"
"CMMOP004","PL Comune di Sassuolo","H4BQ","1323","08_03_2012","Scout_Speed","Sintel_Italia_Spa","Mobile","Standard","HW_4295","","05/02/2026 11:55:20","14/11/2025 15:16:31"
"CMMOP004","PL Comune di Maranello","H4AV","4708","01_08_2016","Misur vel istantanea Veic","velocar","vrs_evo_r","VRS-EVO-R HR0","466","","05/02/2026 11:55:20","14/11/2025 15:54:31"
"CMMOP004","PL Comune di Maranello","H4AV","3758","19_07_2017","Misur vel istantanea Veic","sodi scientifica","autovelox 106","Standard","952276","","05/02/2026 11:55:20","14/11/2025 15:54:31"
"CMMOP004","PL Comune di Maranello","H4AV","549","21_12_2021","Misur vel istantanea Veic","project automation","k53800_speed","Standard","PASPEEDn22023030918","","05/02/2026 11:55:20","05/02/2026 11:55:20"
"CMMOP004","PL Comune di Maranello","H4AV","1824","20_03_2000","Misur vel istantanea Veic","eltraff","telelaser ultralyte","Standard","ul018112","","05/02/2026 11:55:20","14/11/2025 15:54:31"
"CMMOP004","PL Comune di Fiorano Modenese","D607","1323","08_03_2012","Scout_Speed","Sintel_Italia_Spa","Scout_speed","Standard","HW_4270","","05/02/2026 11:55:20","14/11/2025 15:54:31"
"CMMOP004","PL Comune di Fiorano Modenese","D607","4130","24_12_2004","Misur vel istantanea Veic","Lindblad_Piana SRL","Traffiphot III SR_Photor&V","Standard","FIO_N1040_01_CV","","05/02/2026 11:55:20","14/11/2025 15:54:31"
"CMMOP004","PL Comune di Fiorano Modenese","D607","3248","13_06_2011","Misur vel istantanea Veic","eltraff","Telelaser TruCam","Standard","TC001234","","05/02/2026 11:55:20","14/11/2025 15:54:31"
"CMMOP010","UNIONE COMUNI DEL SORBARA","U012","approvazione n. 35388  e n. 5913","08/04/2009 e 17/12/2014","RILEVATORE VELOCITA'","ELTRAFF","VELOMATIC","512D","4400-4385","4385 RILEVATORE OPTOELETTRONICO ROE - 4400 UNITA' DI COMANDO MVAS","16/10/2025 13:21:23","16/10/2025 13:21:23"
"CMMOP010","UNIONE COMUNI DEL SORBARA","U012","approvazione n. 35388 e n. 54","08/04/2009 e 08/03/2021","RILEVATORE VELOCITA'","ELTRAFF","VELOMATIC","512D","173-3600","3600 RILEVATORE OPTOELETTRONICO ROE - 173 UNITA' DI COMANDO MVAS","16/10/2025 13:21:23","16/10/2025 13:21:23"
"CMMOP010","UNIONE COMUNI DEL SORBARA","U012","n. 1824 e n. 534","20/03/2000 e 08/05/2003","RILEVATORE VELOCITA'","ELTRAFF","TELELASER","ULTRALYTE","UL006179","CON MICRO DIGI-CAM","16/10/2025 13:21:23","16/10/2025 13:21:23"
"CMMOP010","UNIONE COMUNI DEL SORBARA","U012","n. 1824 e n. 534","20/03/2000 e 08/05/2003","RILEVATORE VELOCITA'","ELTRAFF","TELELASER","ULTRALYTE","UL005345","CON MICRO DIGI-CAM","16/10/2025 13:21:23","16/10/2025 13:21:23"
"CMMOP011","CAVEZZO POLIZIA LOCALE","C398","3248","13/06/2011","Velox Mobile/Fisso","ELTRAFF","TELELASER","TRUCAM","TC003244","","06/02/2026 11:01:03","06/02/2026 11:01:03"
"CMMOP013","VIGNOLA POLIZIA LOCALE UNIONE TERRE DI CASTELLI","L885","1824","20/03/2000","TELELASER","ELTRAFF S.R.L.","TELELASER ULTRALYTE","PROTOTIPO N SN/UL0043","UL012701","","08/10/2025 05:19:09","08/10/2025 05:19:09"
"CMMOP013","VIGNOLA POLIZIA LOCALE UNIONE TERRE DI CASTELLI","L885","288","17/01/2018","VELOX","ENGINE S.P.A.","ENVES EVO MVDm 1507","AXIS P 1365MKII","CMP3656389","","08/10/2025 05:19:09","08/10/2025 05:19:09"
"CMMOP017","Polizia Locale Unione dei Comuni del Frignano","DM3PIJ","1824","20/03/2000","Telelaser","Laser Tecnology Incorporated","Telelaser Ultralyte","TLU-MU04-03-IT","NON APPLICABILE","UL007304","30/01/2026 18:19:30","30/01/2026 18:19:30"
"CMMOP020","COMUNE DI FORMIGINE (MO)","D711","3248","13/06/2011","TELESER","ELTRAFF","TELELASER","TRUCAM HD","TC007669","","05/12/2025 20:23:12","13/10/2025 14:21:19"
"CMMOP020","COMUNE DI FORMIGINE (MO)","D711","1323","06/03/2012","SCOUTSPEED","SINTEL;","SCOUTSPEED","SCOUTSPEED","HW4178-SW4343","","05/12/2025 20:23:12","05/12/2025 20:23:12"
"CMMOP020","COMUNE DI FORMIGINE (MO)","D711","5298","27/11/2011","T-EXSPEED","KRIA","T-EXSPEED V.2","V.2","337-2164","APPARECCHIATURA SOTTOPOSTA A SEQUESTRO PENALE","05/12/2025 20:23:12","05/12/2025 20:23:12"
"CMMOP020","COMUNE DI FORMIGINE (MO)","D711","5298","27/11/2011","T-EXSPEED","KRIA","T-EXSPEED V.2","V.2","336-2166","APPARECCHIATURA SOTTOPOSTA A SEQUESTRO PENALE","05/12/2025 20:23:12","05/12/2025 20:23:12"
"CMMOP020","COMUNE DI FORMIGINE (MO)","D711","5298","27/11/2011","T-EXSPEED","KRIA","T-EXSPEED V.2","V.2","335-2167","APPARECCHIATURA SOTTOPOSTA A SEQUESTRO PENALE","05/12/2025 20:23:12","05/12/2025 20:23:12"
"CMMOP020","COMUNE DI FORMIGINE (MO)","D711","5298","27/11/2011","T-EXSPEED","KRIA","T-EXSPEED V.2","V.2","334-2168","APPARECCHIATURA SOTTOPOSTA A SEQUESTRO PENALE","05/12/2025 20:23:12","05/12/2025 20:23:12"
"CMMOP212","POLIZIA LOCALE FINALE EMILIA","D599","3248","13/06/2011","MOBILE","ELTRAFF","TELELASER","TRUCAM HD","ND","","30/10/2025 08:30:18","30/10/2025 08:30:18"
"CMMOP212","POLIZIA LOCALE FINALE EMILIA","D599","4708","01/08/2016","FISSO","VELOCAR","VELOCAR RED & SPEED-EVO-R","RED &SPEDD-EVO-R","243","","30/10/2025 08:30:18","30/10/2025 08:30:18"
"CMMOP225","POLIZIA LOCALE MIRANDOLA","F240","3248","13/06/2011","MOBILE","ELTRAFF","TELELASER","TRUCAM HD","TC008663","Estensione di approvazione 0000242 del 05/07/2018","05/12/2025 13:31:48","03/10/2025 10:25:49"
"CMMOP225","POLIZIA LOCALE MIRANDOLA","F240","48","01/03/2021","FISSO","VELOCAR","AGUIA-T5-5-R","AGUIA-T5-5-R","16431","","05/12/2025 13:31:48","05/12/2025 13:31:48"
"CMMSP000","POLIZIA LOCALE COMUNE DI MASS","F023","3248","13/06/2011","MOBILE","ELTRAFF","TELELASER","TRUCAM","TC005849","","18/11/2025 17:05:35","18/11/2025 17:05:35"
"CMMSP001","POLIZIA LOCALE COMUNE DI CARRARA (MS)","B832","1824","20/03/2000","DISPOSITIVO DI MISURA VELOCITA' ISTANTANEA","ELETRAFF LASER TECHNOLOGY INC","TELELASER","ULTRALYTE","UL015126","","27/11/2025 15:18:14","27/11/2025 15:18:14"
"CMMSP001","POLIZIA LOCALE COMUNE DI CARRARA (MS)","B832","550","23/12/2021","DISPOSITIVO DI MISURA VELOCITA' ISTANTANEA","ENGINE","SPEEDVELOX STATIC","ENVES EVO MVD 1605","AM1393H  +  0X0002DCEB","","27/11/2025 15:18:14","27/11/2025 15:18:14"
"CMMSP001","POLIZIA LOCALE COMUNE DI CARRARA (MS)","B832","550","23/12/2021","DISPOSITIVO DI MISURA VELOCITA' ISTANTANEA","ENGINE","SPEEDVELOX AUTOMATIC DUAL","ENVES EVO MVD 1605","VE06.P-0545 + 0546 + IR8234-00598 + 00546","","27/11/2025 15:18:14","27/11/2025 15:18:14"
"CMMSP200","Comune di Licciana Nardi - Polizia Municipale","E574","4020","21/06/2017","rilevamento di velocità istantanea - fisso","Engine S.P.A.","Enves Evo MVD","1605","0x0002c34f","Comune di Licciana Nardi SS62 della Cisa km 18 930 dir Aulla","24/11/2025 10:44:18","15/10/2025 07:53:54"
"CMMSP200","Comune di Licciana Nardi - Polizia Municipale","E575","1824","20/03/2000","rilevamento di velocità istantanea - mobile","ELTRAFF","Telelaser","Ultralyte","UL003115","","24/11/2025 10:44:18","24/11/2025 10:44:18"
"CMMSP202","Polizia Locale Filattiera","CMMSP202","1584","03/04/2014","AUTOVELOX IN POSTAZIONE FISSA","ENGINE","ENVES","EVOMVS1309","CMP3635129","a Noleggio","24/11/2025 12:42:09","24/11/2025 12:42:09"
"CMMSP202","Polizia Locale Filattiera","CMMSP202","1584","03/04/2014","AUTOVELOX IN POSTAZIONE FISSA","ENGINE","ENVES","EVOMVS1309","CMP3690280","a Noleggio","24/11/2025 12:42:09","24/11/2025 12:42:09"
"CMMSP203","Polizia Locale di Fivizzano (MS)","D629","4670","28/07/2016","Dispositivo rilevamento velocità istantanea fisso","Engine S.p.A.","EnVES EVO MVD 1505","ND","AI0401H-CMP3644129","Dismesso il 20/03/2026 - S.S. 63 del Cerreto km 8+350 dir. Rometta","02/04/2026 10:05:56","12/11/2025 08:44:22"
"CMMSP203","Polizia Locale di Fivizzano (MS)","D629","4670","28/07/2016","Dispositivo rilevamento velocità istantanea fisso","Engine S.p.A.","EnVES EVO MVD 1505","ND","AI0401H-CMP3538088","Dismesso il 20/03/2026 - S.S. 63 del Cerreto km 8+350 dir. Soliera","02/04/2026 10:05:56","12/11/2025 08:52:30"
"CMMSP203","Polizia Locale di Fivizzano (MS)","D629","550","23/12/2021","Dispositivo rilevamento velocità istantanea fisso","Engine S.p.A.","EnVES EVO MVD 1605","ND","AM1371H-0x0002DC92","S.S. 63 del Cerreto km 8+350 dir. Rometta","02/04/2026 10:05:56","02/04/2026 10:05:56"
"CMMSP203","Polizia Locale di Fivizzano (MS)","D629","550","23/12/2021","Dispositivo rilevamento velocità istantanea fisso","Engine S.p.A.","EnVES EVO MVD 1605","ND","AM1371H-0x0003BA13","S.S. 63 del Cerreto km 8+350 dir. Soliera","02/04/2026 10:05:56","02/04/2026 10:05:56"
"CMMSP209","Polizia Locale Pontremoli","CMMSP209","550","23/12/2021","POSTAZIONE FISSA","ENGINE","ENVES  EVO","MVS1605","0X0003BA23","NOLEGGIO","25/11/2025 07:42:04","24/11/2025 09:46:05"
"CMMSP209","Polizia Locale  Pontremoli","CMMSP209","550","23/12/2021","POSTAZIONE FISSA","ENGINE","ENVES EVO","MVS1605","0X0003E5AC","NOLEGGIO","25/11/2025 07:42:04","24/11/2025 09:46:05"
"CMMSP209","Polizia Locale Pontremoli","CMMSP209","3248","13/06/2011","MOBILE","ELTRAFF","TELEASER","TRUSPEED","TS010333","PROPRIETA'","25/11/2025 07:42:04","24/11/2025 09:46:05"
"CMMSP211","Comune di Aulla (MS)","A496","550","23/12/2021","Apparato di rilevamento di velocità istantanea","EngiNe S.p.A.","EnVES EVO MVD 1605","EnVES EVO MVD 1605","0X0002EB05","postazione fissa a noleggio Aulla Via Giovanni Paolo II","16/03/2026 07:14:42","23/01/2026 07:24:51"
"CMMSP211","Comune di Aulla (MS)","A496","38","17/02/2026","Apparato di rilevamento di velocità istantanea","EngiNe S.p.A.","EnVES EVO MVD 2005","EnVES EVO MVD 2005","0x00043ECE","postazione fissa a noleggio loc. Pallerone direzione Aulla-Fivizzano","16/03/2026 07:14:42","16/03/2026 07:14:42"
"CMMSP211","Comune di Aulla (MS)","A496","38","17/02/2026","Apparato di rilevamento di velocità istantanea","EngiNe S.p.A.","EnVES EVO MVD 2005","EnVES EVO MVD 2005","0x00043ECF","postazione fissa a noleggio loc. Pallerone direzione Fivizzano-Aulla","16/03/2026 07:14:42","16/03/2026 07:14:42"
"CMMSP211","Comune di Aulla (MS)","A496","39","17/02/2026","Apparato di rilevamento di velocità istantanea","Eltraff S.r.l.","Velomatic 512D","Velomatic 512D","5789-5767","postazione mobile","16/03/2026 07:14:42","24/10/2025 08:59:49"
"CMMSP213","Polizia Locale Villafranca L.","CMMSP213","128","23/03/2023","AUTOVELOX IN POSTAZIONE FISSA","ENGINE","ENVES EVO","MVD1507m","CMP3145194","NOLEGGIO","03/04/2026 12:55:00","04/12/2025 08:34:13"
"CMMSP213","Polizia Locale Villafranca L.","CMMSP213","38","17/02/2026","AUTOVELOX IN POSTAZIONE FISSA","ENGINE","ENVES EVO","MVD2005","0X00043F2D","NOLEGGIO","03/04/2026 12:55:00","03/04/2026 12:55:00"
"CMMTP000","Polizia locale comune di Matera","F052","242","05/07/2018","Telelaser","ELTRAFF S.r.l.","Telelaser TruCam HD","Telelaser TruCam HD","TC009963","","05/11/2025 14:19:19","05/11/2025 14:19:19"
"CMMTP001","POLIZIA MUNICIPALE PISTICCI","G712","4020","21/06/2017","Dispositivo rilevamento velocità istantanea fisso","Engine S.p.A.","EnVES EVO MVD 1605","ND","AI0374H-0x0002C353","S.S. 106 Jonica km 442+300 dir. Taranto","28/01/2026 15:41:41","28/01/2026 15:41:41"
"CMMTP001","POLIZIA MUNICIPALE PISTICCI","G712","4020","21/06/2017","Dispositivo rilevamento velocità istantanea fisso","Engine S.p.A.","EnVES EVO MVD 1605","ND","AI0373H-0x00029526","S.S. 106 Jonica km 437+780 dir. Reggio Calabria","28/01/2026 15:41:41","28/01/2026 15:41:41"
"CMMTP203","Polizia Locale Scanzano Jonico (MT)","M256","236","05/06/2023","Velocità puntuale","KRIA srl","T-EXSPEED","089089051321AAO","4410176","Direzione Taranto fino al 09/02/2026","11/02/2026 11:09:04","28/10/2025 12:53:33"
"CMMTP203","Polizia Locale Scanzano Jonico (MT)","M256","236","05/06/2023","Velocità puntuale","KRIA srl","T-EXSPEED","089089051321AAO","4410235","Direzione Taranto dall'11/02/2026","11/02/2026 11:09:04","11/02/2026 11:09:04"
"CMMTP203","Polizia Locale Scanzano Jonico (MT)","M256","236","05/06/2023","Velocità puntuale","KRIA srl","T-EXSPEED","089089051321AAO","4410185","Direzione Reggio Calabria","11/02/2026 11:09:04","28/10/2025 12:53:33"
"CMMTP203","Polizia Locale Scanzano Jonico (MT)","M256","2483","10/11/1993","Velocità puntuale","Sodi Scientifica srl","Autovelox 104/C-2","Autovelox 104/C-2","51909","Dispositivo mobile","11/02/2026 11:09:04","28/10/2025 12:53:33"
"CMMTP207","POLIZIA MUNICIPALE FERRANDINA","D547","290","25/07/2023","Dispositivo rilevamento velocità istantanea fisso","Engine S.p.A.","CELERITAS MVD 2022","CELERITAS MVD 2022","AP0155K-0x0003A213","S.S. 407 BASENTANA KM 69+340 DIREZIONE POTENZA","14/10/2025 06:26:53","14/10/2025 06:26:53"
"CMMTP207","POLIZIA MUNICIPALE FERRANDINA","D547","290","25/07/2023","Dispositivo rilevamento velocità istantanea fisso","Engine S.p.A.","CELERITAS MVD 2022","CELERITAS MVD 2022","AP0154K-0x0003A214","S.S. 407 BASENTANA KM 70+929 DIREZIONE METAPONTO","14/10/2025 06:26:53","14/10/2025 06:26:53"
"CMNAP012","COMUNE DI ERCOLANO - CMNA001201","H243","0000242","05/07/2018","autovelox mobile","ELTRAFF","telelaser","TELELASER TRUECAM HD","TC006412","","06/11/2025 13:02:05","06/11/2025 13:02:05"
"CMNAP013","Polizia Locale Comune di Sant'Antonio Abate","I300","325","27/09/2019","AUTOVELOX","SODI SCIENTIFICA","SODI","106","954634","","28/11/2025 16:59:50","28/11/2025 16:59:50"
"CMNAP020","POLIZIA MUNICIPALE SOMMA VESUVIANA","I820","290","25/07/2023","Apparato di rilevamento di velocita' istantanea","EngiNe S.p.A.","CELERITAS MVD 2022","non presente","0x0003A20F","S.S. 268 del Vesuvio Km. 11+150 in direzione Angri","26/11/2025 18:06:46","26/11/2025 18:06:46"
"CMNAP020","POLIZIA MUNICIPALE SOMMA VESUVIANA","I820","290","25/07/2023","Apparato di rilevamento velocità media","EngiNe S.p.A.","CELERITAS MVD 2022","non presente","NON APPLICABILE","AP0196K - stazione iniziale S.S. 268 del Vesuvio Km. 11+211 in dir. Napoli","26/11/2025 18:06:46","26/11/2025 18:06:46"
"CMNAP020","POLIZIA MUNICIPALE SOMMA VESUVIANA","I820","290","25/07/2023","Apparato di rilevamento velocità media","EngiNe S.p.A.","CELERITAS MVD 2022","non presente","NON APPLICABILE","AP0197K - stazione finale S.S. 268 del Vesuvio Km.10+125 in dir. Napoli","26/11/2025 18:06:46","26/11/2025 18:06:46"
"CMNAP056","POLIZIA LOCALE COMUNE DI LACCO AMENO","CMNAP05601","decreto dirigenziale n.356","18/08/2021","dispositivo automatico velocità istantanea","Maggioli s.p.a.","Autosc@n Speed","non presente","20.220.032","","10/12/2025 14:00:38","10/12/2025 14:00:11"
"CMNAP059","Comune di Ischia","c_e329","n.356","18082021","dispositivo automatico velocita istantanea","Maggioli s.p.a.","Autosc@n Speed","non presente","2022-0034","","03/11/2025 11:04:02","03/11/2025 11:03:38"
"CMNAP059","Comune di Ischia","c_e329","n.356","18082021","dispositivo automatico velocita istantanea","Maggioli s.p.a.","Autosc@n Speed","non presente","2022-0033","","03/11/2025 11:04:02","03/11/2025 11:03:38"
"CMNAP203","POLIZIA LOCALE COMUNE DI GRAGNANO","E131","244159","28.07.2023","SISTEMA DI MISURA DELLA VELOCITA MEDIA DEI VEICOLI","ENGINE","CELERITAS EVO 1506","1.2.0 LUGLIO 2021","SR3075-CC0068LAT","","19/11/2025 10:30:23","19/11/2025 10:30:23"
"CMNAP229","comune di Tufino Polizia Municipale","l460","550","23-dic-21","rilevatore di velocita' istantanea","engine spa","enves evo mvd 1605","enves evo mvd 1605","ap1764h-0x0002ec3e - ap1764h-0x0002eb04","ss7bis km57,337 - ss7bis km57,311","10/12/2025 17:58:20","10/12/2025 17:58:20"
"CMNOP000","COMANDO POLIZIA MUNICIPALE DI NOVARA","F952","Prot.288","17/01/2018","EnVES EVO MVDm 1507","ENGINE S.P.A.","EnVES EVO MVDm 1507","EnVES EVO MVDm 1507","CMP3847201 + AL1030H + VE1365.1 - ACCC8ED314E8","","14/10/2025 17:35:20","14/10/2025 17:35:20"
"CMNOP001","DMQNDV COMUNE DI CAMERI- COMANDO DI POLIZIA MUNICIPALE","B473","3248","13/06/2011","MOBILE","ELTRAFF","TELELASER","TRUCAM HD","TC007673","","21/11/2025 10:09:20","21/11/2025 10:09:20"
"CMNOP003","POLIZIA MUNICIPALE DOMODOSSOLA","D332","3248","13.06.2011","TELELASER TRUCAM","ELTRAFF","TRUCAM","TRUCAM","TC004933","","30/10/2025 15:41:28","30/10/2025 15:41:28"
"CMNOP005","POLIZIA LOCALE VERBANIA","L746","3758","06/08/2014","MOBILE","SODI SCIENTIFICA","AUTOVELOX","106","959807","","03/10/2025 13:20:12","03/10/2025 13:20:12"
"CMNOP005","POLIZIA LOCALE VERBANIA","L746","3248","13/06/2011","MOBILE","ELTRAFF","TELELASER","TRUCAM","TC003824","","03/10/2025 13:20:12","03/10/2025 13:20:12"
"CMNOP006","POLIZIA;LOCALE;COMUNE;DI;DORMELLETTO","CMNOP006;D347","20923","02;03;2007","FISSO;MOBILE","ELTRAFF","VELOMATIC","512D","600;1368;1380","ESTENSIONE;DI;APPROVAZIONE;5913;DEL;17;12;2024","26/11/2025 15:38:14","26/11/2025 15:38:14"
"CMNOP007","COMUNE DI ARONA","3008","20923","02/03/2007","FISSO/MOBILE","ELTRAFF","VELOMATIC","512D","6524-6562","ESTENSIONE DI APPROVAZIONE 5913 DEL 17/12/2014","25/11/2025 16:38:12","25/11/2025 16:38:12"
"CMNOP007","COMUNE DI ARONA","3008","3248","13/06/2011","MOBILE","ELTRAFF","TELELASER","TRUCAM","TC004095","ESTENSIONE DI APPROVAZIONE 3248 DEL 13/06/2011","25/11/2025 16:38:12","25/11/2025 16:38:12"
"CMNOP200","CORPO DI POLIZIA LOCALE DEL COMUNE DI OLEGGIO","G019","553","24/12/2021","SIST. RILEVAZIONE INFRAZIONI CDS ECCESSO VELOCITA","ENGINE SRL","Enves EVO","MVD1505","CMP3793161","POSTAZIONE FISSA IN MODALITA AUTOMATICA","11/12/2025 13:47:29","11/12/2025 13:47:29"
"CMNOP200","CORPO DI POLIZIA LOCALE DEL COMUNE DI OLEGGIO","G019","3248","13/06/2011","TELELASER","ELTRAFF SRL","TELELASER","TRUSPEED","TS005649","MISURATORE DI VELOCITA MOBILE","11/12/2025 13:47:29","27/10/2025 17:37:06"
"CMNOP201","Polizia Locale Bellinzago Novarese","A752","3248","13/06/2011","mobile","Eltraff","Telelaser","Trucam","TC004129","","08/10/2025 09:13:03","08/10/2025 09:13:03"
"CMNOP205","POLIZIA LOCALE ROMENTINO","H518","3248","13/06/2011","TELELASER","ELTRAFF SRL","TRUSPEED","MOBILE","TS007287","Costruttore: Laser Technology Incorporated","06/10/2025 14:36:22","06/10/2025 14:36:22"
"CMNOP208","CONVENZIONE POLIZIA LOCALE BASSA SESIA","B823","1824","20/03/2000","MOBILE","ELTRAFF","TELELASER","ULTRALYTE","UL009228","","03/10/2025 06:10:26","03/10/2025 06:10:26"
"CMNOP208","CONVENZIONE POLIZIA LOCALE BASSA SESIA","B823","4668","28/07/2016","MOBILE","EngiNe s.r.l.","AUTOVELOX","EnVes EVO MVDm 1507","AH0267H","","03/10/2025 06:10:26","03/10/2025 06:10:26"
"CMNOP208","CONVENZIONE POLIZIA LOCALE BASSA SESIA","B823","4668","28/07/2016","MOBILE","EngiNe s.r.l.","AUTOVELOX","EnVes EVO MVDm 1507","AH0268H","","03/10/2025 06:10:26","03/10/2025 06:10:26"
"CMNOP212","COMUNE DI GALLIATE - COMANDO POLIZIA LOCALE","D872","DM 3248","13/06/2011","TELELASER","ELTRAFF","TRUSPEED","TRUSPEED","TS011724","","13/11/2025 16:32:36","13/11/2025 16:31:17"
"CMNOP213","UNIONE NOVARESE 2000 - COMANDO POLIZIA LOCALE","B183","48","01/03/2021","RILEVATORE DI VELOCITA'","VELOCAR","AGUIA RED&SPEED - AGUIA-T5-5-R","AGUIA T5-5-R","16407","RILEVATORE PRESENTE NEL COMUNE DI BRIONA","08/10/2025 10:58:45","08/10/2025 10:58:45"
"CMNOP213","UNIONE NOVARESE 2000 - COMANDO POLIZIA LOCALE","B431","48","01/03/2021","RILEVATORE DI VELOCITA'","VELOCAR","AGUIA RED&SPEED - AGUIA-T5-5-R","AGUIA T5-5-R","16260","RILEVATORE PRESENTE NEL COMUNE DI CALTIGNAGA","08/10/2025 10:58:45","08/10/2025 10:58:45"
"CMNOP216","COMUNE DI GATTICO-VERUNO","M416","288","17.01.2018","SENSORE LASER","ENGINE SPA","ENVES EVO MVDm 1507","1","CMP3326146","","03/12/2025 12:37:21","03/12/2025 12:37:21"
"CMNOP216","COMUNE DI GATTICO-VERUNO","M416","288","17.01.2018","SENSORE LASER","ENGINE SPA","ENVES EVO MVDm 1507","1","CMP3388107","","03/12/2025 12:37:21","03/12/2025 12:37:21"
"CMNOP216","COMUNE DI GATTICO-VERUNO","M416","288","17.01.2018","SENSORE LASER","ENGINE SPA","ENVES EVO MVDm 1507","1","CMP3925444","","03/12/2025 12:37:21","03/12/2025 12:37:21"
"CMNOP216","COMUNE DI BOGOGNO","A929","3248","13.06.2011","TELELASER","ELTRAFF","TRUCAM HD","1","TC011173","ESTENSIONE DI APPROVAZIONE 0000242 DEL 05.07.2018 in uso al Comune di Bogogno","03/12/2025 12:37:21","28/11/2025 10:53:09"
"CMNOP233","POLIZIA LOCALE COMUNE DI SUNO","3143","D.M.  N. 418","15/02/1991","AUTOVELOX 104 C2","SODI SCIENTIFICA","104 C2","104 C2","31397","","20/11/2025 12:56:43","20/11/2025 12:56:43"
"CMNOP233","POLIZIA LOCALE COMUNE DI SUNO","3143","D.M. N. 2483","10/11/1993","AUTOVELOX 104 C2","SODI SCIENTIFICA","104 C2","104 C2","31397","","20/11/2025 12:56:43","20/11/2025 12:56:43"
"CMNOP235","Polizia Municipale San Pietro Mosezzo (NO)","I116","1824","20-mar-00","Telelaser ultralight","Etrraff srl","Telelaser Ultralyte","Ultralyte","UL018005","","24/11/2025 15:18:43","24/11/2025 15:18:43"
"CMNOP243","POLIZIA MUNICIPALE DI CUREGGIO","D216","3248","13 06 2011","MOBILE","ELTRAFF","TELELASER","TRUCAM","TC002060","","06/10/2025 08:02:33","06/10/2025 08:02:33"
"CMNOP251","Comune CastellettoSopra Ticino","C166","103683","30/12/2010","Rilevatore di velocità istantanea di veicoli","Eltraff srl","Velomatic 512D completo di dispositivo 2F","non presente","04694-4690","","09/12/2025 11:42:48","20/11/2025 11:41:14"
"CMNOP262","COMUNE DI CASALINO","B897","1824","20/03/2000","mobile","Eltraff","Telelaser","Ultralyte","UL002863","L’approvazione","18/11/2025 09:33:18","18/11/2025 09:33:18"
"CMNUP000","POLIZIA LOCALE NUORO","F979","3758","06_08_2014","Rilevatore di velocità in modalità istantanea","Sodi Scientifica","Autovelox 106","Non presente","955380","","08/10/2025 10:47:49","08/10/2025 10:47:49"
"CMPAP000","Polizia locale Comune di Palermo","G273","354","05/02/2003","Rilevatore Velocità in modalità istantanea","SODI SCIENTIFICA","AUTOVELOX 105SE","105 SE","CPU 940449 - BARRA LASER. 936684","","28/10/2025 15:23:03","28/10/2025 15:23:03"
"CMPAP000","Polizia locale Comune di Palermo","G273","354","05/02/2003","Rilevatore Velocità in modalità istantanea","SODI SCIENTIFICA","AUTOVELOX 105SE","105 SE","CPU 940448 - BARRA LASER 936898","","28/10/2025 15:23:03","28/10/2025 15:23:03"
"CMPAP000","Polizia locale Comune di Palermo","G273","354","05/02/2003","Rilevatore Velocità in modalità istantanea","SODI SCIENTIFICA","AUTOVELOX 105SE","105 SE","CPU 948571 - BARRA LASER  951800","","28/10/2025 15:23:03","28/10/2025 15:23:03"
"CMPAP000","Polizia locale Comune di Palermo","G273","354","05/02/2003","Rilevatore Velocità in modalità istantanea","SODI SCIENTIFICA","AUTOVELOX 105SE","105 SE","CPU 945881 - BARRA LASER  946753","","28/10/2025 15:23:03","28/10/2025 15:23:03"
"CMPAP000","Polizia locale Comune di Palermo","G273","354","05/02/2003","Rilevatore Velocità in modalità istantanea","SODI SCIENTIFICA","AUTOVELOX 105SE","105 SE","CPU 945879 -BARRA LASER  946754","","28/10/2025 15:23:03","28/10/2025 15:23:03"
"CMPAP000","Polizia locale Comune di Palermo","G273","3758","06/08/2014","Rilevatore Velocità in modalità istantanea","SODI SCIENTIFICA","AUTOVELOX 106","106","CPU 951216 - BARRA LASER  952409","","28/10/2025 15:23:03","28/10/2025 15:23:03"
"CMPAP000","Polizia locale Comune di Palermo","G273","3758","06/08/2014","Rilevatore Velocità in modalità istantanea","SODI SCIENTIFICA","AUTOVELOX 106","106","CPU 952389 - BARRA LASER  956779","","28/10/2025 15:23:03","28/10/2025 15:23:03"
"CMPAP000","Polizia locale Comune di Palermo","G273","3758","06/08/2014","Rilevatore Velocità in modalità istantanea","SODI SCIENTIFICA","AUTOVELOX 106","106","CPU 960701 - BARRA LASER  959591","","28/10/2025 15:23:03","28/10/2025 15:23:03"
"CMPAP000","Polizia locale Comune di Palermo","G273","3758","06/08/2014","Rilevatore Velocità in modalità istantanea","SODI SCIENTIFICA","AUTOVELOX 106","106","CPU 960702 - BARRA LASER  959592","","28/10/2025 15:23:03","28/10/2025 15:23:03"
"CMPAP000","Polizia locale Comune di Palermo","G273","3758","06/08/2014","Rilevatore Velocità in modalità istantanea","SODI SCIENTIFICA","AUTOVELOX 106","106","CPU 960703 - BARRA LASER  959593","","28/10/2025 15:23:03","28/10/2025 15:23:03"
"CMPAP000","Polizia locale Comune di Palermo","G273","1824","20/03/2000","Rilevatore Velocità in modalità istantanea","ELTRAFF","TELELASER ULTRALYTE","ULTRALYTE","UL005528","","28/10/2025 15:23:03","28/10/2025 15:23:03"
"CMPAP000","Polizia locale Comune di Palermo","G273","1824","20/03/2000","Rilevatore Velocità in modalità istantanea","ELTRAFF","TELELASER ULTRALYTE","ULTRALYTE","UL005529","","28/10/2025 15:23:03","28/10/2025 15:23:03"
"CMPAP000","Polizia locale Comune di Palermo","G273","3248","13/06/2011","Rilevatore Velocità in modalità istantanea","ELTRAFF","TELELASER TRUSPEED","TRUSPEED","TS008547","","28/10/2025 15:23:03","28/10/2025 15:23:03"
"CMPAP000","Polizia locale Comune di Palermo","G273","3248","13/06/2011","Rilevatore Velocità in modalità istantanea","ELTRAFF","TELELASER TRUSPEED","TRUSPEED","TS012962","","28/10/2025 15:23:03","28/10/2025 15:23:03"
"CMPAP000","Polizia locale Comune di Palermo","G273","3248","13/06/2011","Rilevatore Velocità in modalità istantanea","ELTRAFF","TELELASER TRUSPEED","TRUSPEED","TS012966","","28/10/2025 15:23:03","28/10/2025 15:23:03"
"CMPAP003","POLIZIA LOCALE MISILMERI","F246","52633","27/03/2025","AUTOVELOX","SODI SCIENTIFICA S.R.L.","AUTOVELOX 106","2019","953512 - 954717","","13/11/2025 13:38:10","13/11/2025 13:38:10"
"CMPAP005","COMUNE DI CORLEONE POLIZIA MUNICIPALE","D009","3758","06/08/2014","MOBILE","SODI SCIENTIFICA SRL","AUTOVELOX","106 BIDI","RILEVATORE: 958339 CPU: 958668","Dich. Nr. 265R- 2024  Ubicazione: Via S.re Aldisio Aut. Prefetto Palermo 52633/2025","01/12/2025 09:41:19","01/12/2025 09:41:19"
"CMPAP014","Polizia Locale del Comune di Monreale (PA)","F377","decreto dirigenziale n. 356","18/08/2021","dispositivo automatico velocità istantanea","Maggioli s.p.a.","AutoSc@n Speed","non presente","2024.0099","posizione chilometrica S.S. 624 al Km 10+318","29/10/2025 09:19:12","29/10/2025 09:19:12"
"CMPAP200","COMUNE DI TRAPPETO;CMPAP2001;","L332;","20923;","02/03/2007;","MOBILE;","ELTRAFF;","VELOMATIC;","512;","3186/3230;","","10/11/2025 13:28:56","10/11/2025 13:28:56"
"CMPAP207","COMUNE DI CAMPOFIORITO","B535","20923","02/03/2007","MOBILE","ELTRAFF","VELOMATIC","512D","5743","estensione di approvazione 5913 del 17/12/2014","07/10/2025 09:25:07","07/10/2025 09:25:07"
"CMPAP209","POLIZIA MINICIPALE LASCARI","E459","2961","27/11/1989","DISP. DI MISURA DELLA VELOCITA ISTANTANEA","ELTRAFF","VELOMATIC","512 D _2F","3281-3284","","22/10/2025 09:31:13","22/10/2025 09:31:13"
"CMPAP211","COMUNE DI BISACQUINO POLIZIA MUNICIPALE","A882","3758","06/08/2014","FISSO","SODI SCIENTIFICA","AUT. 106","N. P.","RIL. 955384 CPU 955936","DICHIRAZ. DI CONFORMITA' 166R-2025- DECRETO  PREFETTIZIO PROT. 52633 DEL 27/03/2025","01/12/2025 14:31:11","01/12/2025 14:31:11"
"CMPAP214","COMUNE DI CONTESSA ENTELLINA","C968","20923","02/03/2007","MOBILE","ELTRAFF","VELOMATIC","512D","3538","estensione di approvazione 5913 del 17/12/2014","11/10/2025 07:52:23","11/10/2025 07:52:23"
"CMPAP218","POLIZIA MUNICIPALE DI ALTOFONTE","A239","20923","02/03/2007","MOBILE","ELTRAFF","VELOMATIC","512D","4310-4292","Estensione di approvazione 5913 del 17/12/2014.","15/10/2025 10:52:59","15/10/2025 10:52:59"
"CMPAP232","Polizia_Municipale_di_Borgetto","CMPAP2301","20923","02/07/2007","mobile","eltraff","velomatic","512D","3362_3311","estensione_di_approvazione_103683_30/12/2010","13/11/2025 15:33:47","13/11/2025 15:33:47"
"CMPAP242","Polizia Municiapale di San Giuseppe Jato (PA)","H933","R.0000236","05/06/2023","AUTOVELOX-FISSO","KRIA","T-EXSPEED","089089051321AA0","4410193","S.S.624 Palermo-Sciacca KM/ca 25+800","27/10/2025 09:08:27","27/10/2025 09:08:27"
"CMPAP244","COMUNE DI PETRALIA SOPRANA,","G510,","3758","06/08/2014,","RILEVATORE DI VELOCITA' ISTANTANEA,","SODI SCIENTIFICA,","AUTOVELOX 106","XXXXXXX,","958924-959525","","03/12/2025 17:55:57","03/12/2025 17:55:57"
"CMPAP244","COMUNE DI PETRALIA SOPRANA,","G510,","20923","02/03/2007,","MOBILE,","ELTRAFF,","VELOMATIC,","512","637-1386-1393","","03/12/2025 17:55:57","03/12/2025 17:55:57"
"CMPAP245","polizia municipale santa flavia","i188","550","23.12.2021","misuratore di velocita","EngiNe srl","EnVES EVO MVD 1605","EnVES EVO MVD 1605","0x00032A98-AN1596H","note(150)","29/01/2026 07:57:18","29/01/2026 07:57:18"
"CMPAP245","polizia municipale santa flavia","i188","5913","17.12.2014","misuratore di velocita","eltraff","velomatic512d","velomatic512d","3738","note(150)","29/01/2026 07:57:18","28/01/2026 12:33:31"
"CMPCP000","Comune di Piacenza - Polizia Locale","G535","3758","06/08/2014","Rilevatore di velocità in modalità istantanea","Sodi Scientifica","Autovelox 106","Non presente","953514 954190","identificativo dichiarazione al campione approvato nr. 398R-2025","26/11/2025 11:29:30","26/11/2025 11:29:30"
"CMPCP000","Comune di Piacenza - Polizia Locale","G535","3248","13/06/2011","Mobile","ELTRAFF S.r.l.","Telelaser","TruCam HD","TC006351","estensione di approvazione 0000242 del 05/07/2018   ultima revisione:30/06/2025 regolare","26/11/2025 11:29:30","26/11/2025 11:29:30"
"CMPCP000","Comune di Piacenza - Polizia Locale","G535","1824","20/03/2000","Mobile","ELTRAFF S.r.l.","Telelaser","UltraLyte","UL007771","ultima revisione:21/05/2025 regolare","26/11/2025 11:29:30","26/11/2025 11:29:30"
"CMPCP000","Comune di Piacenza - Polizia Locale","G535","550","23/12/2021","Apparato di rilevamento della velocità istantanea","EngiNe S.p.A.","EnVES EVO MVD 1605","Non presente","0x0003BA20","Dispositivo a noleggio da Novembre 2025 per 18 mesi","26/11/2025 11:29:30","26/11/2025 11:29:30"
"CMPCP001","P.L. Fiorenzuola d'Arda","D611","decreto dirigenziale n. 2980","25/06/2014","Fisso-dispositivo automatico velocità istantanea","Maggioli s.p.a.","Gatso GTC-GS11","Gatso GTC-GS11/IR","1537","censito in data 09/10/2025 e attivo fino al 07/01/2026 poi sostituito da matr 2025.0105","09/01/2026 11:34:14","09/10/2025 09:14:50"
"CMPCP001","P.L. Fiorenzuola d'Arda","D611","decreto dirigenziale n. 168","16/01/2017","Fisso-dispositivo automatico velocità istantanea","Maggioli s.p.a.","Gatso GTC-GS11","con oscuramento automatico del lunotto anteriore","1547","censito in data 09/10/2025 e attivo fino al 07/01/2026 poi sostituito da matr 2025.0106","09/01/2026 11:34:14","09/10/2025 09:14:50"
"CMPCP001","P.L. Fiorenzuola d'Arda","D611","decreto dirigenziale n. 356","18/08/2021","Fisso-dispositivo automatico velocità istantanea","Maggioli s.p.a.","Autosc@n Speed","non presente","2025.0105","","09/01/2026 11:34:14","09/01/2026 11:34:14"
"CMPCP001","P.L. Fiorenzuola d'Arda","D611","decreto dirigenziale n. 356","18/08/2021","Fisso-dispositivo automatico velocità istantanea","Maggioli s.p.a.","Autosc@n Speed","non presente","2025.0106","","09/01/2026 11:34:14","09/01/2026 11:34:14"
"CMPCP200","POLIZIA LOCALE CAORSO","B643","48","01.03.2021","AUTOVELOX","VELOCAR","AGUIA RED","T5 5R","16326","","12/11/2025 12:33:51","12/11/2025 12:33:51"
"CMPCP201","Polizia Locale Castell'arquato - Unione dei Comuni Montani Alta Val d'Arda","C145","1122","16/05/2005","misuratore velocità -postazione fissa","SODI SCIENTIFICA","105 SE","SE","941356 (RILEVATORE) + 934455 (ELABORATORE)","","15/12/2025 09:42:00","15/12/2025 09:42:00"
"CMPCP201","Polizia Locale Castell'arquato - Unione dei Comuni Montani Alta Val d'Arda","C145","1122","16/05/2005","misuratore velocità - postazione fissa","SODI SCIENTIFICA","105 SE","SE","929446 (RILEVATORE) + 642565 (ELABORATORE)","","15/12/2025 09:42:00","23/10/2025 13:57:14"
"CMPCP201","Polizia Locale Castell'arquato - Unione dei Comuni Montani Alta Val d'Arda","C145","1122","16/05/2025","misuratore velocità - postazione fissa","SODI SCIENTIFICA","105 SE","SE","905003 (RILEVATORE) + 930718  (ELABORATORE)","","15/12/2025 09:42:00","15/12/2025 09:42:00"
"CMPCP202","Polizia Locale","E132","48","01.03.2021","autovelox fisso bidirezionale","Safety21 SPA","AGUIA Red & Speed","AGUIA-T5-5-R","16340","Decreto Prefetto 4659 del 2701.2021","27/10/2025 11:34:56","27/10/2025 11:34:56"
"CMPCP202","Polizia Locale","E132","242","05.07.2018","Telelaser mobile","Eltraff srl","Telelaser TruCam","TruCam HD","TC009979","Decreto Dirigenziale 3248 del 13.06.2011","27/10/2025 11:34:56","27/10/2025 11:34:56"
"CMPCP204","POLIZIA LOCALE CORTEMAGGIORE","D061","48","01.03.2021","AUTOVELOX","VELOCAR","AGUIA RED","T5 5R","16326","","12/11/2025 10:37:08","12/11/2025 10:37:08"
"CMPCP205","COMUNE DI PONTENURE","G858","242","05/07/2018","MISURATORE DI VELOCITA' PRESIDIATO","ELTRAFF","TELELASER","TRUCAM HD","TC013136","","15/10/2025 17:31:39","15/10/2025 17:31:39"
"CMPCP209","DMK8YF","G747","183","01/06/2020","MISURATORE DI VELOCITA' POSTAZIONE FISSA","ENGINE","ENVES EVO 1605","1605","0X0002DCD2","INSTALLATO SU STRADA STATALE 45 AL KM 127+865 NEL COMUNE DI PODENZANO DIREZIONE RIVERGARO.","14/11/2025 14:16:17","15/10/2025 13:54:02"
"CMPCP209","DMK8YF","L897","183","01/06/2020","MISURATORE DI VELOCITA' PRESIDIATO","ENGINE","ENVES EVO 1605","1605","0X0002DC74","","14/11/2025 14:16:17","15/10/2025 13:54:02"
"CMPCP209","DMK8YF","L897","1824","20/03/2000","MISURATORE DI VELOCITA' PRESIDIATO","ELTRAFF","TELELASER","ULTRALYTE","UL020688","","14/11/2025 14:16:17","15/10/2025 13:54:02"
"CMPCP209","DMK8YF","L897","1313","08/03/2012","MISURATORE DI VELOCITA' IN MOVIMENTO","SINTEL","SCOUT SPEED","4","HW4269-SW4269","","14/11/2025 14:16:17","15/10/2025 13:54:02"
"CMPCP210","polizia locale CASTEL SAN GIOVANNI","c261","47177","04/06/2008","rilevatore fisso velocità","Robot Visual System GmBH","traffistar 520","n.a","593-071/60435","","24/01/2026 13:39:19","24/01/2026 09:28:10"
"CMPCP212","POLIZIA LOCALE DI BOBBIO CMPCP21201","A909","20923","02/03/2007","FISSO/MOBILE","ELTRAFF","VELOMATIC","512","4261-4259","","11/11/2025 11:43:31","11/11/2025 11:43:31"
"CMPCP212","POLIZIA LOCALE DI BOBBIO CMPCP21201","A909","20923","02/03/2007","FISSO/MOBILE","ELTRAFF","VELOMATIC","512D+","8071-7953","Estensione di approvazione 0000054 del 08/03/2021","11/11/2025 11:43:31","11/11/2025 11:43:31"
"CMPCP212","POLIZIA LOCALE DI BOBBIO CMPCP21201","A909","1824","20/03/2000","MOBILE","ELTRAFF","TELELASER","ULTRALYTE","UL007251","","11/11/2025 11:43:31","11/11/2025 11:43:31"
"CMPCP213","COMUNE DI ALSENO","A223","182","01,06,2020","DISPOSITIVO DI MISURADELLA VELOCITA' ISTANTANEA","ENGIME","ENVES EVO","MVD1505","CMP3557168","","04/02/2026 09:51:00","04/02/2026 09:51:00"
"CMPCP214","CMPCP21401","E114","242","05.07.2018","Telelaser Mobile","Eltraff srl","Telelaser TruCan","TruCam HD","TC009979","Decreto Dirigenziale 3248 del 13.06.2011","24/11/2025 10:32:20","24/11/2025 10:32:20"
"CMPCP218","POLIZIA LOCALE COMUNE DI MONTICELLI D'ONGINA","F671","903","27.06.2006","AUTOVELOX","SODI SCIENTIFICA","104/E","2007","916640 - 929648","","12/11/2025 09:49:08","12/11/2025 09:49:08"
"CMPCP221","COMUNE DI CADEO - POLIZIA MUN.LE","B332","4708","01/08/2016","FISSO","VELOCAR","VELOCAR RED&SPEED EVO-R","VRS-EVO-R","366","DM 4708/2016 confermato dal DM 342 del 02/10/2025","22/10/2025 09:40:36","22/10/2025 09:40:36"
"CMPCP221","COMUNE DI CADEO - POLIZIA MUN.LE","B332","4708","01/08/2016","FISSO","VELOCAR","VELOCAR RED&SPEED EVO-R","VRS-EVO-R","371","DM 4708/2016 confermato dal DM 342 del 02/10/2025","22/10/2025 09:40:36","22/10/2025 09:40:36"
"CMPCP222","POLIZIA LOCALE BORGONOVO VAL TIDONE","B025","4659","27.01.2021","Postazione fissa","ENGINE","EnVES EVO","MVD1505","CMP3540088","S.P. 11 di Mottaziana Km 7+220","02/12/2025 15:33:19","08/10/2025 10:39:40"
"CMPCP224","POLIZIA LOCALE BESENZONE","A823","48","01.03.2021","AUTOVELOX","VELOCAR","AGUIA RED","T5 5R","16326","","12/11/2025 12:59:27","12/11/2025 12:59:27"
"CMPCP229","POLIZIA LOCALE SAN PIETRO IN CERRO","G788","48","01.03.2021","AUTOVELOX","VELOCAR","AGUIA RED","T5 5R","16326","","12/11/2025 12:52:01","12/11/2025 12:52:01"
"CMPCP234","COMUNE DI GAZZOLA - SERVIZIO DI POLIZIA LOCALE","D958","1824","20/03/2000","MOBILE","ELTRAFF","TELELASER","ULTRALYTE","UL007013","","28/10/2025 11:23:50","28/10/2025 11:23:50"
"CMPCP235","CMPCP23501","H350","242","05.07.2018","Telelaser Mobile","Eltraff srl","Telelaser TruCan","TruCam HD","TC009979","Decreto Dirigenziale 3248 del 13.06.2011","24/11/2025 10:41:36","24/11/2025 10:41:36"
"CMPDP000","Comune_di_Padova","G224","3758","06.08.2014","fisso","Sodi_Scientifica_spa","Autovelox","Premium_Plus","950020_950022_952029","","10/12/2025 14:12:54","10/12/2025 14:12:54"
"CMPDP000","Comune_di_Padova","G224","3758","06.08.2014","fisso","Sodi_Scientifica_spa","Autovelox","Premium_Plus","952847_952269_950722","","10/12/2025 14:12:54","10/12/2025 14:12:54"
"CMPDP000","Comune_di_Padova","G224","3758","06.08.2014","fisso","Sodi_Scientifica_spa","Autovelox","Premium_Plus","953476_953220_952671","","10/12/2025 14:12:54","10/12/2025 14:12:54"
"CMPDP000","Comune_di_Padova","G224","3758","06.08.2014","fisso","Sodi_Scientifica_spa","Autovelox","Premium_Plus","953464_951908","","10/12/2025 14:12:54","10/12/2025 14:12:54"
"CMPDP000","Comune_di_Padova","G224","3758","06.08.2014","fisso","Sodi_Scientifica_spa","Autovelox","Premium_Plus","952850_952846_952669","","10/12/2025 14:12:54","10/12/2025 14:12:54"
"CMPDP000","Comune_di_Padova","G224","3758","06.08.2014","fisso","Sodi_Scientifica_spa","Autovelox","Premium_Plus","952857_952856_954195","","10/12/2025 14:12:54","10/12/2025 14:12:54"
"CMPDP000","Comune_di_Padova","G224","3758","06.08.2014","fisso","Sodi_Scientifica_spa","Autovelox","Premium_Plus","952853_952852_952677","","10/12/2025 14:12:54","10/12/2025 14:12:54"
"CMPDP000","Comune_di_Padova","G224","3758","06.08.2014","fisso","Sodi_Scientifica_spa","Autovelox","Premium_Plus","952848_952860_952681","","10/12/2025 14:12:54","10/12/2025 14:12:54"
"CMPDP000","Comune_di_Padova","G224","4708","01.08.2016","fisso","Velocar_srl","Red&Speed_EVO","R","238","","10/12/2025 14:12:54","08/10/2025 09:10:04"
"CMPDP000","Comune_di_Padova","G224","4708","01.08.2016","fisso","Velocar_srl","Red&Speed_EVO","R","204","","10/12/2025 14:12:54","08/10/2025 09:10:04"
"CMPDP000","Comune_di_Padova","G224","814","24.02.2015","fisso","Velocar_srl","Red&Speed_EVO","L2","176","","10/12/2025 14:12:54","08/10/2025 09:10:04"
"CMPDP000","Comune_di_Padova","G224","4708","01.08.2016","fisso","Velocar_srl","Red&Speed_EVO","R","231","","10/12/2025 14:12:54","08/10/2025 09:10:04"
"CMPDP000","Comune_di_Padova","G224","3248","13.06.2011","mobile","Eltraff_srl","Telelaser","Truspeed","TS014042","","10/12/2025 14:12:54","10/12/2025 14:12:54"
"CMPDP000","Comune_di_Padova","G224","3248","13.06.2011","mobile","Eltraff_srl","Telelaser","Truspeed","TS014047","","10/12/2025 14:12:54","10/12/2025 14:12:54"
"CMPDP001","PIOVE DI SACCO POLIZIA MUNICIPALE","G693","342","02/10/2025","Dispositivo rilevamento velocità istantanea fisso","Safety21 S.p.A.","VRS-EVO-R","VRS-EVO-T12-5-R","618","Dec.App.n.4708_01/08/2016 Dec.est.n.129_07/04/2021 Dec.sub.tit.n.227_04/07/2025 SR 516 21+238 PONTELONGO-PIOVE DI SACCO","17/11/2025 09:42:05","07/10/2025 09:00:09"
"CMPDP001","PIOVE DI SACCO POLIZIA MUNICIPALE","G693","342","02/10/2025","Dispositivo rilevamento velocità istantanea fisso","Safety21 S.p.A.","VRS-EVO-R","VRS-EVO-T12-5-R","619","Dec.App.n.4708_01/08/2016 Dec.est.n.129_07/04/2021 Dec.sub.tit.n.227_04/07/2025 SS 516 1+860 CHIOGGIA-PADOVA","17/11/2025 09:42:05","07/10/2025 09:00:09"
"CMPDP001","PIOVE DI SACCO POLIZIA MUNICIPALE","G693","3248","13/06/2011","MOBILE","ELTRAFF","TELELASER","TRUCAM","TC003600","","17/11/2025 09:42:05","07/10/2025 09:00:09"
"CMPDP006","POLIZIA LOCALE SAONARA","I418","1824","20/03/2000","MOBILE","ELTRAFF","TELELASER","ULTRALYTE","UL007302","","01/12/2025 10:14:31","01/12/2025 10:14:31"
"CMPDP007","UNIONE DEI COMUNI DEL CONSELVANO","C964","6025","30/11/1998","Telelaser","Eltraff","LTI","20-20","12601","","09/10/2025 11:32:19","09/10/2025 11:32:19"
"CMPDP008","Polizia Locale Comune di Cittadella","C743","6099","18/11/2015","Dispositivo rilevamento velocità istantanea fisso","Safety21 S.p.a.","Velocar Red&Speed EVO","VRS-EVO-L1","173","Dec.App.n.814_24/02/2005 Dec.Sub.Tit.n.227_04/07/2025 (SR53 Via Niccolò Copernico km 24+470 VI/TV)","08/01/2026 16:52:56","10/11/2025 08:15:07"
"CMPDP008","Polizia Locale Comune di Cittadella","C743","342","02/10/2025","Dispositivo rilevamento velocità istantanea fisso","Safety21 S.p.a.","Velocar Red&Speed EVO-R","ND","340","Dec.App.n.4708_01/08/2016 Dec.Sub.Tit.n.227_04/07/2025 (SR53 Via Niccolò Copernico km 23+600 TV/VI)","08/01/2026 16:52:56","10/11/2025 08:15:07"
"CMPDP008","Polizia Locale Comune di Cittadella","C743","342","02/10/2025","Dispositivo rilevamento velocità istantanea fisso","Safety21 S.p.a.","Velocar Red&Speed EVO-R","ND","581","Dec.App.n.4708_01/08/2016 Dec.Sub.Tit.n.227_04/07/2025 (SP47 Via Cristoforo Colombo km 27+100 TN/PD)","08/01/2026 16:52:56","10/11/2025 08:15:07"
"CMPDP008","Polizia Locale Comune di Cittadella","C743","342","02/10/2025","Dispositivo rilevamento velocità istantanea fisso","Safety21 S.p.a.","Velocar Red&Speed EVO-R","ND","582","Dec.App.n.4708_01/08/2016 Dec.Sub.Tit.n.227_04/07/2025 (SP47 Via Cristoforo Colombo km 28+000 PD/TN)","08/01/2026 16:52:56","10/11/2025 08:15:07"
"CMPDP008","Polizia Locale Comune di Cittadella","C743","342","02/10/2025","Dispositivo rilevamento velocità istantanea fisso","Safety21 S.p.a.","Velocar Red&Speed EVO-R","ND","583","Dec.App.n.4708_01/08/2016 Dec.Sub.Tit.n.227_04/07/2025 (SS53 km 21+725 VI/TV)","08/01/2026 16:52:56","10/11/2025 08:15:07"
"CMPDP008","Polizia Locale Comune di Galliera Veneta","D879","378","09/09/2021","Dispositivo rilevamento velocità istantanea fisso","Traffic Tecnology","tcs-traffic control system","non presente nel decreto","imp.725230911-tcd.1223033019-tce.s10a11008556","ubicazione: SR53 (dal 03/11/2025 SS53 al km 25+650 lato dx dir. VI/TV","08/01/2026 16:52:56","10/11/2025 08:15:07"
"CMPDP008","Polizia Locale Comune di San Giorgio in Bosco","H897","48","01/03/2021","Dispositivo rilevamento velocità istantanea fisso","Safety21 S.p.a.","AGUIA Red&Speed","AGUIA-T5-5-R","16426","Dec.sub.tit.n.227_04/07/2025 S.P. 58 Via Kennedy 1+170 Villa del Conte/San Giorgio in Bosco","08/01/2026 16:52:56","10/11/2025 08:15:07"
"CMPDP008","Polizia Locale Comune di Carmignano di Brenta","B795","356","18/08/2021","Dispositivo rilevamento velocità istantanea fisso","Maggioli S.p.a.","Autosc@n Speed","non presente","2021.0004","S.S.53 Via Postumia km 13+646 dir. VI/TV","08/01/2026 16:52:56","08/01/2026 16:52:56"
"CMPDP008","Polizia Locale Comune di Carmignano di Brenta","B795","356","18/08/2021","Dispositivo rilevamento velocità istantanea fisso","Maggioli S.p.a.","Autosc@n Speed","non presente","2021.0003","S.S.53 Via Postumia km 13850 dir. TV/VI","08/01/2026 16:52:56","08/01/2026 16:52:56"
"CMPDP008","Polizia Locale Comune di Carmignano di Brenta","B795","356","18/08/2021","Dispositivo rilevamento velocità istantanea fisso","Maggioli S.p.a.","Autosc@n Speed","non presente","2021.0053","S.S.53 Via Provinciale km 16+530 dir. TV/VI","08/01/2026 16:52:56","08/01/2026 16:52:56"
"CMPDP008","Polizia Locale Comune di Cittadella","C743","3248","13/06/2011","Mobile","Eltraff","Telelaser","Trucam HD","TC007670","","08/01/2026 16:52:56","08/01/2026 16:52:56"
"CMPDP008","Polizia Locale Comune di Tombolo","L199","3248","13/06/2011","Mobile","Eltraff","Telelaser","Trucam HD","TC007062","","08/01/2026 16:52:56","08/01/2026 16:52:56"
"CMPDP011","POLIZIA LOCALE COMUNE DI NOVENTA PADOVANA","F962","1824","20/03/2000","mobile","ELTRAFF","TELELASER","ULTRALYTE","UL015124","","19/11/2025 14:19:01","06/11/2025 12:43:13"
"CMPDP013","Polizia locale Porcia","G886","3248","13/06/2011","MOBILE","ELTRAFF","TELELASER","TRUCAM","TC005071","","06/10/2025 16:33:10","06/10/2025 16:33:10"
"CMPDP015","Comune Vigodarzere-Polizia Loclae","L892","1276","06/03/2017","Autovelo 106","Autovelo 106 Sodi Scientifica S.r.l.","Autovelox 106","Autovelox 106","rilevatore  953553 CPU  954192","Acquistato 31/07/2019 apparecchiatura mobile","21/10/2025 13:42:27","21/10/2025 13:42:27"
"CMPDP015","Comune Vigodarzere-Polizia Loclae","L892","242","05/07/2018","TELELASER TruCamHD","ELTRAFF SRL","TELELASER TruCamHD","TELELASER TruCamHD","TC008167","Acqcquistato 04/12/2020 apparecchiatura mobile","21/10/2025 13:42:27","21/10/2025 13:42:27"
"CMPDP016","Polizia locale comune di Ponte San Nicolo","G855","4199","08/09/1997","MOBILE","ELTRAFF","TELELASER","LTI 20-20","12654","","13/10/2025 12:45:01","13/10/2025 12:45:01"
"CMPDP017","Polizia Locale di San Martino di Lupari","I008","342","02.10.2025","Dispositivo rilevamento velocità istantanea fisso","Safety21 S.p.A.","VRS-EVO-R","VRS-EVO-T12-5-R","738","Dec.App.n.4708_01/08/2016dec.est.n.129_07/04/2021dec.sub.tit.n.227_04/07/2025 S.R. 53 VIA CASTELLANA 29+280 CASTELFRANCO V.TO - CITTADELLA","04/11/2025 15:47:58","04/11/2025 15:47:58"
"CMPDP017","Polizia Locale di San Martino di Lupari","I008","342","02.10.2025","Dispositivo rilevamento velocità istantanea fisso","Safety21 S.p.A.","VRS-EVO-R","VRS-EVO-T12-5-R","739","Dec.App.n.4708_01/08/2016dec.est.n.129_07/04/2021dec.sub.tit.n.227_04/07/2025 S.R. 53 VIA BRENTA 28+000 CITTADELLA-CASTELFRANCO V.TO","04/11/2025 15:47:58","04/11/2025 15:47:58"
"CMPDP017","Polizia Locale di San Martino di Lupari","I008","342","02.10.2025","Dispositivo rilevamento velocità mobile","Eltraff","Telelaser","Trucam","TC004283","Dec. App. n.3248 del 13/06/2011","04/11/2025 15:47:58","04/11/2025 15:47:58"
"CMPDP018","Comune Abano Terme","A001","20923","02/03/2007","fisso/mobile","Eltraff","Velomatic","512D","560-1200-1213","estensione di approvazione 5913del 17/12/2014","26/11/2025 12:42:11","26/11/2025 12:42:11"
"CMPDP018","Comune Abano Terme","A001","3248","13/06/2011","mobile","Eltraff","Telelaser","Trucam","TC003832","","26/11/2025 12:42:11","26/11/2025 12:42:11"
"CMPDP020","Polizia Locale Comune di Cadoneghe (PD)","B345","183","01/06/2020","Apparato di rilevamento di velocità istantanea","Engine S.p.A.","Enves EVO MVD 1605","Enves EVO MVD 1605","0x00032BD9","S.R. 308 Nuova Strada del Santo km 3 + 430 direzione da Pd verso Castelfranco V.to.","24/10/2025 09:27:08","24/10/2025 09:27:08"
"CMPDP020","Polizia Locale Comune di Cadoneghe (PD)","B345","183","01/06/2020","Apparato di rilevamento di velocità istantanea","Engine S.p.A.","Enves EVO MVD 1605","Enves EVO MVD 1605","0x00032B32","S.R. 308 Nuova Strada del Santo km 5 + 270 direzione da Castelfranco V.to verso Pd","24/10/2025 09:27:08","24/10/2025 09:27:08"
"CMPDP021","CONSORZIO POLIZIA MUNICIPALE PADOVA OVEST","I595 - H625 - F161","20923","02/03/2007","FISSO/MOBILE","ELTRAFF","VELOMATIC","512D","5030-5009-5006","ESTENSIONE DI APPROVAZIONE 103683 DEL 30/12/2010","28/10/2025 11:22:36","28/10/2025 11:22:36"
"CMPDP021","CONSORZIO POLIZIA MUNICIPALE PADOVA OVEST","I595 - H625 - F161","1824","20/03/2000","MOBILE","ELTRAFF","TELELASER","ULTRALYTE","UL007016","","28/10/2025 11:22:36","28/10/2025 11:22:36"
"CMPDP021","CONSORZIO POLIZIA MUNICIPALE PADOVA OVEST","I595","550","23/12/2021","FISSO","EngiNe S.r.l","EnVES EVO MVD 1605","ND","AM1440H-0x0002953A","Comune di Selvazzano Dentro S.R. 47 Dir. km 3+765 - direzione Padova/Selvazzano D.","28/10/2025 11:22:36","28/10/2025 11:22:36"
"CMPDP022","CMPDP022","Federazione dei Comuni del Camposampierese","ND","342","02/10/2025","Dispositivo rilevamento velocità istantanea fisso","Safety21 S.p.A.","Velocar Red&Speed EVO R","ND","236","06/11/2025 13:07:04","06/11/2025 13:07:04"
"CMPDP022","CMPDP022","Federazione dei Comuni del Camposampierese","ND","342","02/10/2025","Dispositivo rilevamento velocità istantanea fisso","Safety21 S.p.A.","Velocar Red&Speed EVO R","ND","265","06/11/2025 13:07:04","06/11/2025 13:07:04"
"CMPDP022","CMPDP022","Federazione dei Comuni del Camposampierese","ND","342","02/10/2025","Dispositivo rilevamento velocità istantanea fisso","Safety21 S.p.A.","Velocar Red&Speed EVO R","ND","345","06/11/2025 13:07:04","06/11/2025 13:07:04"
"CMPDP022","CMPDP022","Federazione dei Comuni del Camposampierese","ND","342","02/10/2025","Dispositivo rilevamento velocità istantanea fisso","Safety21 S.p.A.","Velocar Red&Speed EVO R","ND","346","06/11/2025 13:07:04","06/11/2025 13:07:04"
"CMPDP022","CMPDP022","Federazione dei Comuni del Camposampierese","ND","183","01/06/2020","Dispositivo rilevamento velocità istantanea fisso","EngiNe S.r.l.","EnVES EVO MVD 1605","ND","0x0002EB06","06/11/2025 13:07:04","06/11/2025 13:07:04"
"CMPDP022","CMPDP022","Federazione dei Comuni del Camposampierese","ND","183","01/06/2020","Dispositivo rilevamento velocità istantanea fisso","EngiNe S.r.l.","EnVES EVO MVD 1605","ND","0x00032BDD","06/11/2025 13:07:04","06/11/2025 13:07:04"
"CMPDP022","CMPDP022","Federazione dei Comuni del Camposampierese","ND","550","23/12/2021","Dispositivo rilevamento velocità istantanea fisso","EngiNe S.r.l.","EnVES EVO MVD 1605","ND","0x00038B60","06/11/2025 13:07:04","06/11/2025 13:07:04"
"CMPDP022","CMPDP022","Federazione dei Comuni del Camposampierese","ND","550","23/12/2021","Dispositivo rilevamento velocità istantanea fisso","EngiNe S.r.l.","EnVES EVO MVD 1605","ND","0x00039A45","06/11/2025 13:07:04","06/11/2025 13:07:04"
"CMPDP022","CMPDP022","Federazione dei Comuni del Camposampierese","ND","183","01/06/2020","Dispositivo rilevamento velocità istantanea fisso","EngiNe S.r.l.","EnVES EVO MVD 1605","ND","0x00032B0C","06/11/2025 13:07:04","06/11/2025 13:07:04"
"CMPDP022","CMPDP022","Federazione dei Comuni del Camposampierese","ND","183","01/06/2020","Dispositivo rilevamento velocità istantanea fisso","EngiNe S.r.l.","EnVES EVO MVD 1605","ND","0x00032BDC","06/11/2025 13:07:04","06/11/2025 13:07:04"
"CMPDP022","CMPDP022","Federazione dei Comuni del Camposampierese","ND","183","01/06/2020","Dispositivo rilevamento velocità istantanea fisso","EngiNe S.r.l.","EnVES EVO MVD 1605","ND","0x00032B52","06/11/2025 13:07:04","06/11/2025 13:07:04"
"CMPDP022","CMPDP022","Federazione dei Comuni del Camposampierese","ND","183","01/06/2020","Dispositivo rilevamento velocità istantanea fisso","EngiNe S.r.l.","EnVES EVO MVD 1605","ND","0x00032BB4","06/11/2025 13:07:04","06/11/2025 13:07:04"
"CMPDP022","CMPDP022","Federazione dei Comuni del Camposampierese","ND","183","01/06/2020","Dispositivo rilevamento velocità istantanea fisso","EngiNe S.r.l.","EnVES EVO MVD 1605","ND","0x00032B41","06/11/2025 13:07:04","06/11/2025 13:07:04"
"CMPDP022","CMPDP022","Federazione dei Comuni del Camposampierese","ND","183","01/06/2020","Dispositivo rilevamento velocità istantanea fisso","EngiNe S.r.l.","EnVES EVO MVD 1605","ND","0x00032BE0","06/11/2025 13:07:04","06/11/2025 13:07:04"
"CMPDP022","CMPDP022","Federazione dei Comuni del Camposampierese","ND","183","01/06/2020","Dispositivo rilevamento velocità istantanea fisso","EngiNe S.r.l.","EnVES EVO MVD 1605","ND","0x00032A46","06/11/2025 13:07:04","06/11/2025 13:07:04"
"CMPDP022","CMPDP022","Federazione dei Comuni del Camposampierese","ND","183","01/06/2020","Dispositivo rilevamento velocità istantanea fisso","EngiNe S.r.l.","EnVES EVO MVD 1605","ND","0x00032BB2","06/11/2025 13:07:04","06/11/2025 13:07:04"
"CMPDP022","CMPDP022","Federazione dei Comuni del Camposampierese","ND","183","01/06/2020","Dispositivo rilevamento velocità istantanea fisso","EngiNe S.r.l.","EnVES EVO MVD 1605","ND","0x00032483","06/11/2025 13:07:04","06/11/2025 13:07:04"
"CMPDP022","CMPDP022","Federazione dei Comuni del Camposampierese","ND","183","01/06/2020","Dispositivo rilevamento velocità istantanea fisso","EngiNe S.r.l.","EnVES EVO MVD 1605","ND","0x00032A3F","06/11/2025 13:07:04","06/11/2025 13:07:04"
"CMPDP022","CMPDP022","Federazione dei Comuni del Camposampierese","ND","3248","13/06/2011","Dispositivo rilevamento velocità istantanea mobile","Eltraff S.r.l.","TeleLaser TruSpeed - Teleaser Tru-Cam","TruSpeed -  Tru-Cam","TC 003181","06/11/2025 13:07:04","06/11/2025 13:07:04"
"CMPDP205","Polizia Locale Comune di Fontaniva","D679","356","18/08/2021","di misura della velocità istantanea di veicoli","MAGGIOLI S.P.A.","Autosc@n Speed","non presente","20.220.030","S.S. n. 53 km 17+870 dx","07/03/2026 10:44:19","04/03/2026 12:27:07"
"CMPDP205","Polizia Locale Comune di Fontaniva","D679","356","18/08/2021","di misura della velocità istantanea di veicoli","MAGGIOLI S.P.A.","Autosc@n Speed","non presente","20.220.020","S.S. n. 53 km 18+150 sx","07/03/2026 10:44:19","04/03/2026 12:27:07"
"CMPDP205","Polizia Locale Comune di Fontaniva","D679","3248","13/06/2011","mobile","ELTRAFF S.R.L.","Telelaser","TruCam","TC002904","Conferma di approvazione Decreto n. 40 del 17/02/2026","07/03/2026 10:44:19","07/03/2026 10:44:19"
"CMPDP207","COMUNE DI CAMPO SAN MARTINO - POLIZIA LOCALE","B564","1824","20/03/2000","MOBILE","ELTRAFF","TELELASER","ULTRALYTE","UL016415","","16/10/2025 11:52:21","16/10/2025 11:52:21"
"CMPDP209","COMANDO POLIZIA LOCALE DUE CARRARE","M300","n.3248","13/06/2011","Mobile","ELTRAFF","Telelaser","TRUCAM","TC005819","","26/11/2025 11:42:33","26/11/2025 11:42:33"
"CMPDP210","COMUNE DI SAN PIETRO IN GU","I107","M_INF.SISTRA.REGISTRO DECRETI.R.0000048.01-03-2021","01/03/2021","MISURATORE VELOCITA' ISTANTANEA","VELOCAR SRL ora SAFETY 21 SPA","AGUIA RED & SPEED","AGUIA-T5-5-R","16405","POSIZIONE S.S. N. 53 KM 11+000 DIR. TV","24/02/2026 14:25:06","07/10/2025 14:38:31"
"CMPDP210","COMUNE DI SAN PIETRO IN GU","I107","M_INF.SISTRA.REGISTRO DECRETI.R.0000048.01-03-2021","01/03/2021","MISURATORE VELOCITA' ISTANTANEA","VELOCAR SRL ora SAFETY 21 SPA","AGUIA RED & SPEED","AGUIA-T5-5-R","16446","POSIZIONE S.S. N. 53 KM 10+020 DIR. VI","24/02/2026 14:25:06","07/10/2025 14:38:31"
"CMPDP210","COMUNE DI SAN PIETRO IN GU","I107","DECRETO N. 3248","13/06/2011","TELELASER","ELTRAFF SRL","TRUCAM","TRUCAM","TC005522","POSTAZIONE MOBILE SU TUTTO IL TERRITORIO DEI COMUNI ADERENTI ALLA CONVENZIONE SAN PIETRO IN GU E QUINTO VICENTINO","24/02/2026 14:25:06","12/01/2026 09:08:19"
"CMPDP210","COMUNE DI SAN PIETRO IN GU","I107","DECRETO N. 80","21/02/2024","MISURATORE VELOCITA' ISTANTANEA","SODI SCIENTIFICA","AUTOVELOX","106","959590-960695","POSTAZIONE MOBILE SU TUTTO IL TERRITORIO DEI COMUNI ADERENTI ALLA CONVENZIONE SAN PIETRO IN GU E QUINTO VICENTINO","24/02/2026 14:25:06","24/02/2026 14:25:06"
"CMPDP213","polizia locale Vigonza","L900","20923","02/03/2007","FISSO/MOBILE","ELTRAF","VELOMATIC","512D","4090","","09/02/2026 13:49:32","09/02/2026 13:49:32"
"CMPDP213","polizia locale Vigonza","L900","3248","13/06/2011","MOBILE","ELTRAF","TELELASER","TRUCAM","TC003270","","09/02/2026 13:49:32","09/02/2026 13:49:32"
"CMPDP214","TELELASER","F529","3248","13.06.2011","MOBILE","ELTRAFF","TELELASER","TRUCAM HD","TC007060","","01/12/2025 17:18:16","01/12/2025 17:18:16"
"CMPDP215","Polizia Locale Monselice","F382","Approvazione n.3248","13/06/2011","Misuratore di velocità istantanea","Laser Technology Inc","Telelaser Trucam","TRC-MU02-07-IT","TC003603","","10/11/2025 12:45:43","10/11/2025 12:45:43"
"CMPDP217","POLIZIA LOCALE DEL COMUNE DI TREBASELEGHE;","L349","3248","13/06/2011","MOBILE","ELTRAFF","TELELASER","TRUCAM","TC005066","","28/11/2025 13:05:30","28/11/2025 13:05:30"
"CMPDP217","POLIZIA LOCALE DEL COMUNE DI TREBASELEGHE;","L349","3248","13/06/2011","MOBILE","ELTRAFF","TELELASER","TRUCAM","TC011184","Estensione di approvazione 0000242 del 05/07/2018","28/11/2025 13:05:30","28/11/2025 13:05:30"
"CMPDP221","Polizia Locale Codevigo","C812","356","18/08/2021","dispositivo automatico velocità istantanea","Maggioli spa","Autosc@n Speed","non presente","S/N 2022.0060","attualmente  danneggiato  rimosso in fase di sostituzione","26/11/2025 15:39:38","26/11/2025 15:39:38"
"CMPDP221","Polizia Locale Codevigo","C812","3248","13/06/2011","Telelaser","Eltraff s.r.l.","Telelaser Trucam","TRC-MU02-07-IT","TC004335","","26/11/2025 15:39:38","26/11/2025 15:39:38"
"CMPDP227","Polizia Locale Medio Brenta di Piazzola sul Brenta/Limena/Curtarolo","D226","183","01.06.2020","Dispositivo di misura della velocità istantanea","EngiNe SPA","ENVES EVO MVD 1605","_","0x00032AFC","Comune di Curtarolo - SP46 ""Brentana"" con Via Venenzia e Via Roma in entrambe le direzioni di marcia","30/10/2025 12:52:01","30/10/2025 12:19:18"
"CMPDP227","Polizia Locale Medio Brenta di Piazzola sul Brenta/Limena/Curtarolo","D226","Prot. 3758 e successivi","06.08.2014","Dispositivo di misura della velocità istantanea","Sodi Scientifica Srl","Autovelox 106","_","951622","Dispositivo mobile","30/10/2025 12:52:01","30/10/2025 12:52:01"
"CMPDP227","Polizia Locale Medio Brenta di Piazzola sul Brenta/Limena/Curtarolo","D226","Prot. 3758 e successivi","06.08.2014","Dispositivo di misura della velocità istantanea","Sodi Scientifica Srl","Autovelox 106","_","953552","Dispositivo mobile","30/10/2025 12:52:01","30/10/2025 12:52:01"
"CMPDP227","Polizia Locale Medio Brenta di Piazzola sul Brenta/Limena/Curtarolo","G587","Prot. 3758 e successivi","06.08.2014","Dispositivo di misura della velocità istantanea","Sodi Scientifica Srl","Autovelox 106","_","954611","Dispositivo mobile","30/10/2025 12:52:01","30/10/2025 12:52:01"
"CMPDP228","COMUNE DI LIMENA","E592","3248","13/06/2011","TELELASER","ELTRAFF SRL","TELELASER TRU CAM","TRUCAM HD","TC007664","","20/10/2025 18:13:02","20/10/2025 18:13:02"
"CMPDP231","CMPDP231","POLIZIA LOCALE DEL COMUNE DI BRUGINE (PD)","B213","1824","20/03/2000","MOBILE","ELTRAFF","TELELASER","ULTRALYTE","UL023376","04/11/2025 17:41:10","04/11/2025 17:41:10"
"CMPDP231","CMPDP231","POLIZIA LOCALE DEL COMUNE DI BRUGINE (PD)","B213","4670","28/06/2016","MOBILE","EngiNe Srl","AUTOVELOX","EnVES EVO MVD 1605","0x0002DC71 (radar) + AJ0447H (elaboratore) + Vista EnVES06 S/N: VE06. 1-1225","04/11/2025 17:41:10","04/11/2025 17:41:10"
"CMPDP236","POLIZIA LOCALE DI SANT'ANGELO DI PIOVE DI SACCO","I275","N. 129","07/04/2021","VELOX - FISSO","VELOCAR","VRS-EVO-R","VRS-EVO-T12-5-R","563","EST. D. NR. 4708/2016","08/10/2025 10:38:21","08/10/2025 10:38:21"
"CMPDP237","COMUNE DI CORREZZOLA","D040","3248","13/06/2011","MOBILE","ELTRAFF","TELELASER","TRUCAM HD","TC007750","Estensione di approvazione 0000242 del 05/07/2018","13/10/2025 09:13:59","13/10/2025 09:13:59"
"CMPDP237","COMUNE DI CORREZZOLA","D040","1824","20/03/2000","MOBILE","ELTRAFF","TELELASER","MICRODIGICAM","UL011164","Estensione di approvazione 534 del 08/05/2003","13/10/2025 09:13:59","13/10/2025 09:13:59"
"CMPDP237","COMUNE DI CORREZZOLA","D040","3758","06/08/2014","Rilevatore di velocità in modalità istantanea","Sodi Scientifica","AUTOVELOX 106","'-","958577 958688","'-","13/10/2025 09:13:59","13/10/2025 09:13:59"
"CMPDP238","CMPDP23801","I938","4668","28072016","Autovelox mobile","EnVES","EVO MVDm","1507","CMP3403247","","07/11/2025 10:37:39","07/11/2025 10:37:39"
"CMPDP243","POLIZIA LOCALE DI BOARA PISANI","A906","4668","28/07/2016","Autovelox mobile","EnVES","EVO MVDm","1507","CMP3981125","","28/10/2025 11:33:44","28/10/2025 11:33:44"
"CMPDP249","COMUNE DI CERVARESE SANTA CROCE  - POLIZIA LOCALE UNIONE RETENUS","C544","1824","20/03/2000","MOBILE","ELTRAFF","TELELASER","ULTRALYTE","UL016468","","11/10/2025 12:04:10","11/10/2025 12:04:10"
"CMPDP255","COMUNE DI EUGANEO ESTENSE;","D442;","183;","01/06/2020;","AUTOVELOX FISSO;","ENVES;","AUTOVELOX;","EVO MVD1605;","0X0003BA83;","SR10VAR ESTE KM369+300 DIR CARCERI;","30/10/2025 17:22:34","30/10/2025 17:22:34"
"CMPDP255","COMUNE DI EUGANEO ESTENSE;","D442;","183;","01/06/2020;","AUTOVELOX FISSO;","ENVES;","AUTOVELOX;","EVO MVD1605;","0X0003BA7F;","SR10VAR ESTE KM369+300 DIR MONSELICE;","30/10/2025 17:22:34","30/10/2025 17:22:34"
"CMPDP255","COMUNE DI EUGANEO ESTENSE;","D442;","1824;","20/03/2000;","MOBILE;","ELTRAFF;","TELELASER;","ULTRALYTE;","UL006181;","BAONE CINTO EUGANEO LOZZO ATESTINO SANT’ELENA VO’;","30/10/2025 17:22:34","30/10/2025 17:22:34"
"CMPDP255","COMUNE DI EUGANEO ESTENSE;","D442;","550;","23/12/2021;","MOBILE;","ENVES;","AUTOVELOX;","EVO MVD1605;","0X0002955E;","BAONE CINTO EUGANEO LOZZO ATESTINO SANT’ELENA VO’;","30/10/2025 17:22:34","30/10/2025 17:22:34"
"CMPDP255","COMUNE DI EUGANEO ESTENSE;","D442;","3758;","06/08/2014;","MOBILE;","SODI SCIENTIFICA;","AUTOVELOX;","AUTOVELOX 106;","949695;","BAONE CINTO EUGANEO LOZZO ATESTINO SANT’ELENA VO’;","30/10/2025 17:22:34","30/10/2025 17:22:34"
"CMPDP260","Comune di Anguillara Veneta","A296","20923","02/03/2007","misura velocita istantane fisso-mobile","Eltraff","Velomatic","512 D","428 864 865","Decreto prot 112246 del 10 dicembre 2007","27/11/2025 12:27:25","27/11/2025 12:27:25"
"CMPDP261","Comune di Candiana","B589","3248","13/06/2011","Mobile","Eltraff","Telelaser","Trucam HD","TC006379","Estensione di approvazione 0000242 del 05/07/2018","15/10/2025 12:13:49","15/10/2025 12:13:49"
"CMPDP264","Unità Operativa di Polizia Locale di Bagnoli di Sopra","A568","20923","02/03/2007","FISSO/MOBILE","ELTRAFF","VELOMATIC","512D","7647-7717","ESTENSIONE DI APPROVAZIONE 103683 DEL 30/12/2010","28/11/2025 14:11:13","28/11/2025 14:11:13"
"CMPDP267","Polizia Locale Comune di Tribano","L414","4199","08/09/1997","Dispositivo mobile","ELTRAFF S.r.l.","Telelaser","LTI 20-20","013191","Estensione di approvazione 4353 del 15/09/1997","27/11/2025 12:21:56","26/11/2025 13:57:41"
"CMPDP267","Polizia Locale Comune di Tribano","L414","342","02/10/2025","Dispositivo rilevamento velocità istantanea fisso","Safety21 S.p.A.","Velocar Red&Speed EVO-R","ND","548","Dec.App.n.4708-01/08/2016 / Dec.sub.tit.n.227-04/07/2025 / S.R. 104 - DIR. MONSELICE - KM 5+000 / ATTUALMENTE NON OPERATIVO CAUSA ATTO VANDALICO","27/11/2025 12:21:56","27/11/2025 12:21:56"
"CMPDP268","POLIZIA LOCALE UNIONE DEI COMUNI PRATIARCATI","A161","PROT 4708 DEL 01082016","01082016","MISURATORE VELOCITA ISTANTANEA IN POSTAZIONE FISSA","VELOCAR","VELOCAR RED&SPEED EVO-R","EVO-R","369","UBICATO IN ALBIGNASEGO SR 47 KM 9+024 DIR PADOVA OVEST","01/12/2025 13:54:08","04/11/2025 11:16:54"
"CMPDP268","POLIZIA LOCALE UNIONE DEI COMUNI PRATIARCATI","A161","PROT 4708 DEL 01082016","01082016","MISURATORE VELOCITA ISTANTANEA IN POSTAZIONE FISSA","VELOCAR","VELOCAR RED&SPEED EVO-R","EVO-R","453","UBICATO IN ALBIGNASEGO TANG PD RACC AUT PD SUD M 265 DA KM 0+00 DIR A13","01/12/2025 13:54:08","04/11/2025 11:30:39"
"CMPDP268","POLIZIA LOCALE UNIONE DEI COMUNI PRATIARCATI","A161","PROT 1824 DEL 20032000","20032000","MISURATORE DI VELOCITA ISTANTANEA POSTAZ MOBILE","ELTRAFF","TELELASER ULTRALYTE","TELELASER ULTRALYTE","UL011166","","01/12/2025 13:54:08","04/11/2025 11:30:39"
"CMPDP268","POLIZIA LOCALE UNIONE DEI COMUNI PRATIARCATI","A161","PROT 3248 DEL 13062011","13062011","MISURATORE DI VELOCITA ISTANTANEA POSTAZ MOBILE","ELTRAFF","TELELASER TRUCAM","TELELASER TRUCAM","TC001813","","01/12/2025 13:54:08","04/11/2025 11:30:39"
"CMPDP269","COMUNE DI PONTELONGO","G850","3248","13/06/2011","MOBILE","ELTRAFF","TELELASER","TRUCAM HD","TC008533","ESTENSIONE DI APPROVAZIONE 0000242 DEL 05/07/2018","28/10/2025 11:42:27","28/10/2025 11:42:27"
"CMPDP270","Polizia Locale di Santa Caterina d’Este","M438","decreto dirigenziale n.356","18/08/2021","dispositivo automatico velocità istantanea","Maggioli s.p.a.","Autosc@n Speed","non presente","2025.0107","","24/11/2025 15:36:12","24/11/2025 15:36:12"
"CMPEP001","FANO POLIZIA MUNICIPALE","D488","48","01/03/2021","Rilevatore di velocita' istantanea","Safety21 S.p.A. - Velocar","AGUIA T5-5-R","non presente","16293","Dec.sub.tit.n.227_04/07/2025 SS 16 ADRIATICA 255+119 ANCONA","17/03/2026 16:39:24","07/10/2025 07:31:40"
"CMPEP001","FANO POLIZIA MUNICIPALE","D488","48","01/03/2021","Rilevatore di velocita' istantanea","Safety21 S.p.A. - Velocar","AGUIA T5-5-R","non presente","16294","Dec.sub.tit.n.227_04/07/2025 SS 16 ADRIATICA 255+119 PESARO","17/03/2026 16:39:24","07/10/2025 07:31:40"
"CMPEP001","FANO POLIZIA MUNICIPALE","D488","48","01/03/2021","Rilevatore di velocita' istantanea","Safety21 S.p.A. - Velocar","AGUIA T5-5-R","non presente","16295","Dec.sub.tit.n.227_04/07/2025 SP 3 FLAMINIA 277+652 MARE","17/03/2026 16:39:24","07/10/2025 07:31:40"
"CMPEP001","FANO POLIZIA MUNICIPALE","D488","48","01/03/2021","Rilevatore di velocita' istantanea","Safety21 S.p.A. - Velocar","AGUIA T5-5-R","non presente","16296","Dec.sub.tit.n.227_04/07/2025 SP 3 FLAMINIA 277+652 MONTE","17/03/2026 16:39:24","07/10/2025 07:31:40"
"CMPEP001","FANO POLIZIA MUNICIPALE","D488","3248","13/06/2011","Rilevatore di velocita' istantanea","ELTRAFF SRL","TELELASER","TRUCAM HD","TC007706","estensione di approvazione 0000242 del 05/07/2018","17/03/2026 16:39:24","17/03/2026 16:39:24"
"CMPEP005","POLIZIA LOCALE SPOLTORE","I922","3758","06/08/2014","DISPOSITIVO DI MISURA DELLA VELOCITA ISTANTANEA","SODI SCIENTIFICA","AUTOVELOX 106","106","951755","","17/10/2025 08:45:01","17/10/2025 08:45:01"
"CMPEP200","Polizia Locale Comune di Elice","D394","2961","27/11/1989","rilevatore di velocità in modalità istantanea","Eltraff","Velomatic 512D","non presente","7624-7644","","01/12/2025 11:24:19","01/12/2025 11:24:19"
"CMPEP202","POLIZIA LOCALE COMUNE DI POPOLI TERME","G878","4670","28/07/2016","VELOCITA' ISTANTANEA - POSTAZIONE FISSA","ENGINE SPA","EnVES EVO MVD 1505","EnVES EVO MVD 1505","AG0268E","S.S.5 km 179+720 - APPARATO A NOLEGGIO CANONE MENSILE","19/11/2025 10:15:26","19/11/2025 10:15:26"
"CMPEP202","POLIZIA LOCALE COMUNE DI POPOLI TERME","G878","128","23/03/2023","VEL. ISTANTANEA-POSTAZIONE FISSA MOD. PRESIDIATA","ENGINE SPA","EnVES EVO MVDm 1507","EnVES EVO MVDm 1507","AP1717H","S.S.5 km 181+750 - APPARATO A NOLEGGIO CANONE MENSILE","19/11/2025 10:15:26","19/11/2025 10:15:26"
"CMPEP202","POLIZIA LOCALE COMUNE DI POPOLI TERME","G878","128","23/03/2023","VEL. ISTANTANEA-POSTAZIONE FISSA MOD. PRESIDIATA","ENGINE SPA","EnVES EVO MVDm 1507","EnVES EVO MVDm 1507","AP1710H","S.S. 5 km 182+100 - APPARATO A NOLEGGIO CANONE MENSILE","19/11/2025 10:15:26","19/11/2025 10:15:26"
"CMPEP203","POLIZIA LOCALE COMUNE DI LORETO APRUTINO","E691","2079;2961;54;39","23/06/1988;27/11/1989;08/03/2021;17/02/2026","MANUALE;MOBILE","ELTRAFF","VELOMATIC","512D+/2F","2119;2091","","19/03/2026 11:29:23","18/11/2025 11:12:45"
"CMPEP203","POLIZIA LOCALE COMUNE DI LORETO APRUTINO","E691","2079;2961;54;39","23/06/1988;27/11/1989;08/03/2021;17/02/2026","MANUALE;MOBILE","ELTRAFF","VELOMATIC","512D+/2F","3648;3662","","19/03/2026 11:29:23","18/11/2025 11:12:45"
"CMPEP203","POLIZIA LOCALE COMUNE DI LORETO APRUTINO","E691","2079;2961;54;39","23/06/1988;27/11/1989;08/03/2021;17/02/2026","MANUALE;MOBILE","ELTRAFF","VELOMATIC","512D+/2F","3649;3663","","19/03/2026 11:29:23","18/11/2025 11:12:45"
"CMPEP204","Polizia Locale comune di Rosciano","H562","2961","27.11.1989","misuratore di velocità istantanea di veicoli","ELLTRAF","VELOMATIC 512","VELOMATIC 512","1648 RIL OPTOELETTRONICO ROE 1661 U. DI COM. MVAS","posizione chilometrica: SP41 Km 3+500 EX SS 602 Km 44+100 SP41 Km 9+250 SP 44 Km 10+080","22/01/2026 16:48:43","18/11/2025 11:05:12"
"CMPEP208","POLIZIA MUNICIPALE","E892","342","02/10/2025","Dispositivo rilevamento velocità istantanea fisso","Safety21 S.p.A.","Velocar Red&Speed EVO-R","ND","451","Dec.App.n.4708_01/08/2016 Dec.sub.tit.n.227_04/07/2025 SS 5 ""Tiburtina"" 209 + 400 ROMA","10/12/2025 10:08:27","10/10/2025 14:33:02"
"CMPEP208","POLIZIA MUNICIPALE","E892","342","02/10/2025","Dispositivo rilevamento velocità istantanea fisso","Safety21 S.p.A.","Velocar Red&Speed EVO-R","ND","526","Dec.App.n.4708_01/08/2016 Dec.sub.tit.n.227_04/07/2025 SS 5 ""Tiburtina"" 209 + 300 PESCARA","10/12/2025 10:08:27","10/10/2025 14:33:02"
"CMPEP208","POLIZIA MUNICIPALE","E892","1824","20/03/2000","MOBILE","ELTRAFF","TELELASER","ULTRALYTE","ND","ND","10/12/2025 10:08:27","10/12/2025 10:08:27"
"CMPEP209","POLIZIA MUNICIPALE DI CEPAGATTI","C474","48","01/03/2021","Dispositivo rilevamento velocità istantanea fisso","Safety21 S.p.A.","AGUIA Red & Speed","AGUIA-T5-5-R","16274","","14/11/2025 12:13:15","14/11/2025 12:13:15"
"CMPEP212","Polizia Locale del Comune di Moscufo","F765","48","1/3/2021","autovelox fisso","Velocar","AGUIA RED & SPEED","AGUIA-T5-5-R","16410","","17/10/2025 13:28:21","17/10/2025 13:28:21"
"CMPEP213","CMPEP213 Polizia Locale di Scafa","I482","342","02/10/2025","Dispositivo rilevamento velocità istantanea fisso","Safety21","Velocar Red&Speed EVO-R","ND","564","Dec.App.n.4708_01/08/2016 Dec.sub.tit.n.227_04/07/2025 S.S. 5 Tiburtina Valeria 202+700","08/04/2026 13:35:18","08/04/2026 13:35:18"
"CMPEP213","CMPEP213 Polizia Locale di Scafa","I482","242","05/07/2018","Dispositivo rilevamento velocità istantanea mobile","Eltraff","Telelaser","Trucam HD","TC010200","Dec.App.n.3248_13/06/2011 Dec.est.app.n.242_05/07/2018","08/04/2026 13:35:18","08/04/2026 13:35:18"
"CMPEP214","Polizia Locale Comune di Pianella","G555","103683, 5913, 372","30/12/2010, 17/12/2014, 15/09/2022","Misuratore di velocità a fotocellule","ELTRAFF","VELOMATIC","512D completo di 2F","1835 – 1810","noleggio","27/11/2025 16:04:55","27/11/2025 16:04:55"
"CMPEP214","Polizia Locale Comune di Pianella","G555","103683, 5913,","30/12/2010, 17/12/2014","Misuratore di velocità a fotocellule","ELTRAFF","VELOMATIC","512D completo di 2F","7165 – 7210","noleggio","27/11/2025 16:04:55","27/11/2025 16:04:55"
"CMPEP222","POLIZIA LOCALE - COMUNE DI PENNE","G438","3248","13/06/2011","MOBILE","ELTRAFF","TELELASER","TRUCAM","TC002054","","27/11/2025 13:18:49","27/11/2025 13:18:49"
"CMPEP226","comune di bussi sul tirino","B294","342","02/10/2025","Dispositivo rilevamento velocità istantanea fisso","Safety21 S.p.A.","Velocar Red&Speed EVO-R","ND","317","Dec.App.n.4708_01/08/2016 Dec.sub.tit.n.227_04/07/2025 S.S. 153 3+780 Pescara - L'Aquila","22/10/2025 15:49:41","22/10/2025 15:49:41"
"CMPGP000","POLIZIA MUNICIPALE DI PERUGIA","G478","3248","13/06/2011","MOBILE","ELTRAFF","TELELASER","TRUCAM","TC004108","","02/12/2025 10:12:20","02/12/2025 10:12:20"
"CMPGP000","POLIZIA MUNICIPALE DI PERUGIA","G478","3248","13/06/2011","MOBILE","ELTRAFF","TELELASER","TRUCAM HD","TC007672","Estensione di approvazione 0000242 del 5.7.2018","02/12/2025 10:12:20","02/12/2025 10:12:20"
"CMPGP001","POLIZIA LOCALE COMUNE DI SAN GIUSTINO","H935","3758","06/08/2014","RILEVATORE DI VELOCITA IN MODALITA ISTANTANEA","SODI SCIENTIFICA","AUTOVELOX 106","NON APPLICABILE","958768","","07/11/2025 12:22:05","07/11/2025 12:22:05"
"CMPGP002","Comune di Castiglione del Lago - Polizia Locale","C309","3758","06/08/2014","Autovelox","Sodi Scientifica","106","106 Standard","947447","Anno 2015","25/11/2025 10:41:15","25/11/2025 10:41:15"
"CMPGP003","POLIZIA MUNICIPALE GUBBIO","E256","20923","02/03/2007","MOBILE","ELTRAFF","VELOMATIC","512D","4884-4882","Estensione di approvazione 103683 del 30/12/2010","29/01/2026 12:36:52","23/10/2025 11:43:17"
"CMPGP003","POLIZIA MUNICIPALE GUBBIO","E256","3248","13/06/2011","MOBILE","ELTRAFF","TELELASER","TRUCAM HD","TC013159","Estensione di approvazione 0000242 del 05/07/2018","29/01/2026 12:36:52","29/01/2026 12:36:52"
"CMPGP004","COMUNE DI ASSISI","A475","INF.SISTRA.REGISTRO DECRETI.R.0000048.01-03-2021","01/03/2021","RILEVATORE DI VELOCITA'   IN POSTAZIONE FISSA","VELOCAR - SAFETY21","AGUIA RED & SPED","AGUIA-T5-5-R","16409","Rilevatore in postazione fissa dentro centro abitato (S.P.408-1 di Tordandrea, Km 2+380, lato SX) già inserito nel Decreto Prefettizio del 19/10/2021.","09/10/2025 14:04:00","09/10/2025 14:04:00"
"CMPGP004","COMUNE DI ASSISI","A475","3248","13/06/2011","RILEVATORE DI VELOCITA'   IN POSTAZIONE NON FISSA","Laser Technology Incorporated","Telelaser","TruCam","TC003604","Rilevatore di velocità non i postazione fissa.","09/10/2025 14:04:00","09/10/2025 14:04:00"
"CMPGP006","COMANDO POLIZIA LOCALE CITTA' DI CASTELLO","C745","3248","13/06/2011","MOBILE","ELTRAFF","TELELASER","TRUCAM","TC004065","","19/11/2025 18:13:12","19/11/2025 18:13:12"
"CMPGP007","Polizia Locale Comune di Foligno","D653","290","25/07/2023","Apparato di rilevamento di velocità istantanea","Engine S.p.A.","Celeritas MVD2022","MVD 2022","AQ0240K  0x00044035","S.S. 3 Flamina Km 157+500 direzione di marcia Foligno - Valtopina","04/12/2025 14:28:16","04/12/2025 14:28:16"
"CMPGP007","Polizia Locale Comune di Foligno","D653","290","25/07/2023","Apparato di rilevamento di velocità istantanea","Engine S.p.A.","Celeritas MVD2022","MVD 2022","AQ0241K  0x00044038","S.S. 3 Flamina Km 155+500 direzione di marcia  Valtopina -Foligno","04/12/2025 14:28:16","04/12/2025 14:28:16"
"CMPGP007","Polizia Locale Comune di Foligno","D653","5913","17/12/2014","Apparato di rilevamento di velocità istantanea","Eltraff","Velomatic 512D","512D","539-1124-1132","apparato mobile","04/12/2025 14:28:16","04/11/2025 12:01:30"
"CMPGP008","COMUNE DI SPOLETO","I921","549","21/12/2021","Dispositivo di misura della velocita istantanea","PROJECT AUTOMATION","K53800_SPEED","non presente","PASPEEDn22022120774","SS3 FLAMINIA KM 129+880","15/10/2025 09:35:15","15/10/2025 09:35:15"
"CMPGP008","COMUNE DI SPOLETO","I921","549","21/12/2021","Dispositivo di misura della velocita istantanea","PROJECT AUTOMATION","K53800_SPEED","non presente","PASPEEDn22023030925","SS3 FLAMINIA KM 116+655","15/10/2025 09:35:15","15/10/2025 09:35:15"
"CMPGP008","COMUNE DI SPOLETO","I921","549","21/12/2021","Dispositivo di misura della velocita istantanea","PROJECT AUTOMATION","K53800_SPEED","non presente","PASPEEDn22024011197","SS3 FLAMINIA KM 126+469","15/10/2025 09:35:15","15/10/2025 09:35:15"
"CMPGP008","COMUNE DI SPOLETO","I921","3758","06/08/2014","Rilevatore di velocita in modalita istantanea","SODI  SCIENTIFICA","AUTOVELOX 106","non presente","RILEVATORE 949004 CPU 949411","","15/10/2025 09:35:15","15/10/2025 09:35:15"
"CMPGP010","COMUNE DI SPELLO","I888","3248","13/06/2011","MOBILE","ELTRAFF","TELELASER","TRUCAM","TC004931","","13/11/2025 11:12:12","13/11/2025 11:12:12"
"CMPGP011","Polizia Locale comune di Bastia Umbra","A710","3248","13/06/2011","MOBILE","ELTRAFF","TELELASER","TRUCAM HD","TC007217","Estensione di approvazione 0000242 del 05/07/2018","15/10/2025 10:07:08","15/10/2025 10:07:08"
"CMPGP013","Polizia Locale Comune diTorgiano","L216","3758","06/08/2014","Rilevatore di velocità in modalità istantanea","Sodi Scientifica","Autovelox 106","Non presente","952406 – 952674","","01/12/2025 14:19:32","01/12/2025 14:19:32"
"CMPGP015","POLIZIA LOCALE MARSCIANO","E975","3248","13/06/2011","TELELASER TRU-CAM","ELTRAFF","TRU-CAM","DEC 2015","TC004124","","19/11/2025 09:01:41","19/11/2025 09:01:41"
"CMPGP202","COMUNE;DI;MASSA;MARTANA","F024","116456","25/10/2019","autovelox","multaradar","S","580","590-072/71358","sr316;km38+002;direzioneE45;noleggio","27/11/2025 16:05:39","27/11/2025 16:05:39"
"CMPGP204","Polizia Locale Comune Sant'Anatolia di Narco","I263 CMPGP204","5913","17/12/2014","Rilevatore istantaneo della velocità","Eltraff","Velomatic 512 D","Bidirezionale","6031","","18/11/2025 11:09:03","18/11/2025 11:09:03"
"CMPGP205","Polizia Locale Comune di Gualdo Tadino","E230","3758 del 06/08/2014","06/08/2014","Rilevatore velocità in modalità istantanea","Sodi Scientifica","Autovelox","106","Rilevatore 958674 CPU 958583","Rilevatore di velocità mobile","21/10/2025 17:33:56","21/10/2025 17:33:56"
"CMPGP206","Polizia Locale Comune di Valfabbrica","L573","103683","30/12/2010","Rilevatore di velocità in modalità istantanea","ELTRAFF SRL","Velomatic 512 D","Velomatic 512 D","3050-3036","noleggio","26/11/2025 11:25:56","26/11/2025 11:25:56"
"CMPGP209","POLIZIA LOCALE","I523","20923","02/03/2007","FISSO/MOBILE","ELTRAFF","VELOMATIC","512D","2213/2144/6444","","10/11/2025 19:10:44","10/11/2025 19:10:44"
"CMPGP211","POLIZIA PANICALE","G308","342","02/10/2025","Dispositivo rilevamento velocita istantanea fisso","Safety21 S.p.A.","Velocar Red&Speed EVO-R","ND","368","Dec.App.n.4708_01/08/2016 Dec.sub.tit.n.227_04/07/2025 LOC. TAVERNELLE  SR 220 PIEVAIOLA 4+400 CITTA' DELLA PIEVE_PERUGIA","25/11/2025 13:23:38","25/11/2025 13:23:38"
"CMPGP211","POLIZIA PANICALE","G308","242","05/07/2018","Dispositivo rilevamento velocita istantanea mobile","Eltraff srl","telelaser trucam hd","trucam hd","tc011781","Loc. Mirabella, centro abitato Colgiordano, centro abitato Tavernelle, centro abitato Via delle Parti del Comune di Panicale","25/11/2025 13:23:38","25/11/2025 13:23:38"
"CMPGP213","POLIZIA LOCALE  COMUNE DI UMBERTIDE","D786","3248","13.06.2011","TELELASER","ELTRAFF SRL","TRU-CAM","UNICA","TC004724","","03/11/2025 09:33:15","03/11/2025 09:23:58"
"CMPGP213","POLIZIA LOCALE  COMUNE DI UMBERTIDE","D786","2483","10.11.1993","AUTOVELOX","SODI SCIENTIFICA","104/C2","104/C2","MATRICOLA RILEVATORE 57451 + CPU 55030","","03/11/2025 09:33:15","03/11/2025 09:33:15"
"CMPGP215","Comune di Deruta","D279","contestazione immediata","contestazione immediata","autovelox mobile","EnVes","EVO","MVDm 1507","CMP3768520","","10/02/2026 13:32:29","10/02/2026 13:32:29"
"CMPGP219","POLIZIA MUNICIPALE MONTEFALCO","F492","550","23/12/2021","misuratore di velocità veicolare istantaneo","ENVES","EVO MVD","1605","0X00032B2F","","16/10/2025 12:52:18","16/10/2025 12:52:18"
"CMPGP225","Polizia Locale comune di Cannara","B609","103683","30/12/2010","AUTOVELOX","ELTRAFF","515D","digitale bidirezionale","3410-3363-5256","","03/03/2026 10:35:05","03/03/2026 10:35:05"
"CMPGP226","Comune di Collazzone","C845","20923","02/03/2007","FISSO/MOBILE","ELTRAFF","VELOMATIC","512D","1140-907","Estensione di approvazione 5913 del 17/12/2014","08/10/2025 08:09:29","08/10/2025 08:09:29"
"CMPGP230","CITTA' DELLA PIEVE","C744","2961 E S.S. a 5913/14","27.11.1989","MISURATORE DI VELOCITA' MOBILE","ELTRAFF","VELOMATIC","512D","RILEVATORE MATRICOLA 7624 E MVAS MATRICOLA 7644","LOCALITA' INTERESSATE: MOIANO - PALAZZOLO - MARANZANO - CANALE - CITTA DELLA PIEVE (CAPOLUOGO) - PONTICELLI E PO' BANDINO.","15/12/2025 15:04:18","15/12/2025 15:04:18"
"CMPGP233","polizia locale comune di Valtopina","CMPGP233","550","23/12/2021","postazione fissa","Engine SpA","EnVES EVO MVD 1605","'-","0x00039A02","S.S. n. 3 Flaminia Km. 166+100 direzione Foligno","26/11/2025 11:49:54","26/11/2025 11:49:54"
"CMPGP233","polizia locale comune di Valtopina","CMPGP233","550","23/12/2021","postazione fissa","Engine SpA","EnVES EVO MVD 1605","'-","0x00038BEB","S.S. n. 3 Flaminia Km. 166+100 direzione Nocera Umbra","26/11/2025 11:49:54","26/11/2025 11:49:54"
"CMPGP239","Polizia locale comune di Cerreto di Spoleto","C527","20923","02/03/2007","FISSO/MOBILE","ELTRAFF","VELOMATIC","512D","5715-5712","","27/10/2025 15:57:41","27/10/2025 15:57:41"
"CMPGP241","COMUNE DI BEVAGNA - SERVIZIO DI POLIZIA LOCALE","A835","20923 - 112246","02/03/2007 - 10/12/2007","MISURATORE DI VELOCITA'","ELTRAFF srl","VELOMATIC","512","3555","completo di dispositivo 2F","27/11/2025 10:30:01","27/11/2025 10:30:01"
"CMPIP000","Polizia Locale di Pisa","G702","n. 3248","13/06/2011","mobile","Eltraff","telelaser","Trucam","TC001227","","01/12/2025 09:59:03","01/12/2025 09:59:03"
"CMPIP000","Polizia Locale di Pisa","G702","n. 242","05/07/2018","mobile","Eltraff","telelaser","Trucam HD","TC011176","","01/12/2025 09:59:03","01/12/2025 09:59:03"
"CMPIP004","POLIZIA LOCALE SAN MINIATO (PI)","I046","3248","13/06/2011","MOBILE","ELTRAFF","TELELASER","TRUCAM HD","TC008486","Estensione di approvazione 0000242 del 05/07/2018","02/10/2025 16:45:37","02/10/2025 16:45:37"
"CMPIP009","Polizia Locale Comune di Cascina","B950","903","27/06/2006","rilevatore di velocità in modalità istantanea","Sodi Scientifica","Autovelox 104/e","non presente","934322","","18/11/2025 12:38:31","12/11/2025 16:05:27"
"CMPIP009","Polizia Locale Comune di Cascina","B950","1824","20/03/2000","mobile","ELTRAFF","telelaser","ULTRALYTE","2832","","18/11/2025 12:38:31","18/11/2025 12:38:31"
"CMPIP010","POLIZIA LOCALE COMUNE DI SANTA MARIA A MONTE","I232","3248","13/06/2011","MOBILE","ELTRAFF","TELELASER","TRUCAM","TC003151","","15/10/2025 10:06:29","15/10/2025 10:06:29"
"CMPIP011","POLIZIA LOCALE COMUNE DI VICOPISANO","L850","3248","13/06/2011","mobile","ELTRAFF","TRUCAM","TRUCAM","TC001315","","06/11/2025 12:41:28","06/11/2025 12:41:28"
"CMPIP011","POLIZIA LOCALE COMUNE DI VICOPISANO","L850","4668","28/07/2016","mobile","ENGINE S.R.L.","ENVES EVO MVDm 1507","ENVES EVO MVDm 1507 (Speed Velox)","AM1256H","MATRICOLE  ELABORATORE AM1256H – LASER CMP3811181 -TELECAMERA ACCC8ECABA0D","06/11/2025 12:41:28","06/11/2025 12:41:28"
"CMPIP014","COMUNE DI PONSACCO POLIZIA LOCALE","G823","5913","17/12/2014","MISURATORE VELOCITA'","ELTRAFF","VELOMATIC","512D","7258/7262","","06/10/2025 09:03:26","06/10/2025 09:03:26"
"CMPIP220","polizia municipale comune di vecchiano","l702","3248","13/06/2011","mobile","eltraff","telelaser","tru cam","2897","","13/10/2025 08:16:31","13/10/2025 08:16:31"
"CMPIP221","Polizia Provinciale di Pisa","na","183","01/06/2020","Apparato di rilevamento di velocita' istantanea","EngiNe S.p.A.","EnVES EVO MVD 1605","EnVES EVO MVD 1605 - Appr. Min. 183 del 01/06/2020","0x0003E57A","S.G.C. FI-PI-LI, Postazione 08 Loc. Cascina (PI), km 61+350 direzione Pisa-Firenze","18/11/2025 19:05:32","14/10/2025 16:34:59"
"CMPIP221","Polizia Provinciale di Pisa","na","183","01/06/2020","Apparato di rilevamento di velocita' istantanea","EngiNe S.p.A.","EnVES EVO MVD 1605","EnVES EVO MVD 1605 - Appr. Min. 183 del 01/06/2020","0x00032B04","S.G.C. FI-PI-LI, Postazione 07 Loc. Crespina (PI), km 63+450 direzione Livorno-Firenze","18/11/2025 19:05:32","14/10/2025 16:34:59"
"CMPIP221","Polizia Provinciale di Pisa","na","183","01/06/2020","Apparato di rilevamento di velocita' istantanea","EngiNe S.p.A.","EnVES EVO MVD 1605","EnVES EVO MVD 1605 - Appr. Min. 183 del 01/06/2020","0x00032488","S.G.C. FI-PI-LI, Postazione 09 Loc. Montopoli V.D. (PI), km 45+000 direzione Pisa-Firenze","18/11/2025 19:05:32","14/10/2025 16:34:59"
"CMPIP221","Polizia Provinciale di Pisa","na","183","01/06/2020","Apparato di rilevamento di velocita' istantanea","EngiNe S.p.A.","EnVES EVO MVD 1605","EnVES EVO MVD 1605 - Appr. Min. 183 del 01/06/2020","0x0002954B","S.G.C. FI-PI-LI, Postazione 10 Loc. San Miniato (PI), km 32+150 direzione Pisa-Firenze","18/11/2025 19:05:32","14/10/2025 16:34:59"
"CMPIP221","Polizia Provinciale di Pisa","na","183","01/06/2020","Apparato di rilevamento di velocita' istantanea","EngiNe S.p.A.","EnVES EVO MVD 1605","EnVES EVO MVD 1605 - Appr. Min. 183 del 01/06/2020","0x0002C359","S.G.C. FI-PI-LI, Postazione 05 Loc. Pisa (PI), km 72+850 direzione Firenze-Pisa","18/11/2025 19:05:32","14/10/2025 16:34:59"
"CMPIP221","Polizia Provinciale di Pisa","na","183","01/06/2020","Apparato di rilevamento di velocita' istantanea","EngiNe S.p.A.","EnVES EVO MVD 1605","EnVES EVO MVD 1605 - Appr. Min. 183 del 01/06/2020","0x00032BC4","S.G.C. FI-PI-LI, Postazione 03 Loc. Montopoli V.D (PI), km 41+100 direzione Firenze-Pisa","18/11/2025 19:05:32","14/10/2025 16:34:59"
"CMPIP226","POLIZIA LOCALE UNIONE VALDERA","G843","550","23/12/2021","Apparato di rilevamento di velocità istantanea","EngiNe S.p.A.","EnVES EVO MVD 1605","non presente","0x0002AD48","","17/03/2026 09:39:26","14/11/2025 14:28:22"
"CMPIP226","POLIZIA LOCALE UNIONE VALDERA","A864","3248","13/06/2011","MOBILE","TELELASER","TRUCAM HD","Estensione di Approvazione n. 242 del 05/07/2018","TC010178","","17/03/2026 09:39:26","14/11/2025 14:28:22"
"CMPIP226","POLIZIA LOCALE UNIONE VALDERA","M327","6511","21/11/2012","MOBILE","VIZIER","2M","Estensione di Approvazione n. 775 del 05/02/2013","1111010","","17/03/2026 09:39:26","14/11/2025 14:28:22"
"CMPIP226","POLIZIA LOCALE UNIONE VALDERA","B392","3248","13/06/2011","MOBILE","TELELASER","TRUCAM HD","Estensione di Approvazione n. 242 del 05/07/2018","TC007307","","17/03/2026 09:39:26","14/11/2025 14:28:22"
"CMPIP226","POLIZIA LOCALE UNIONE VALDERA","G254","3248","13/06/2011","MOBILE","TELELASER","TRUCAM","PRIMA","TC004131","","17/03/2026 09:39:26","14/11/2025 14:28:22"
"CMPNP000","POLIZIA LOCALE PORDENONE","G888","1824","36605","MOBILE","ELTRAFF","TELELASER","ULTRALYTE","UL023724","","16/10/2025 14:37:40","16/10/2025 14:37:40"
"CMPNP000","POLIZIA LOCALE PORDENONE","G888","1824","36605","MOBILE","ELTRAFF","TELELASER","ULTRALYTE","UL004968","","16/10/2025 14:37:40","16/10/2025 14:37:40"
"CMPNP000","POLIZIA LOCALE PORDENONS","G888","3758","41857","MOBILE","SODI SCIENTIFICA","AUTOVELOX 106","AUTOVELOX 106","955364 rilevatore","matricola elaboratore 955926","16/10/2025 14:37:40","16/10/2025 14:37:40"
"CMPNP001","Comune di Sacile -Poliza Locale","H657","3248","13/06/2011","MOBILE","ELTRAFF","TELELASER","TRUCAM","TC003828","","28/10/2025 12:38:24","28/10/2025 12:38:24"
"CMPNP002","POLIZIA LOCALE DI ZOPPOLA","M190","1824","20/03/2000","MOBILE","ELTRAFF","TELELASER","MICRODIGICAM","UL009952","","20/11/2025 10:12:39","20/11/2025 10:12:39"
"CMPNP003","POLIZIA LOCALE CORDENONS","C991","1824","20/03/2000","MOBILE","ELTRAFF","TELELASER","ULTRALYTE","UL006596","","20/10/2025 10:09:56","20/10/2025 10:09:56"
"CMPNP003","POLIZIA LOCALE CORDENONS","C991","4668","28/07/2016","MOBILE","ENGINE S.P.A.","EnVES EVO MVDm 1507","EnVES EVO MVDm 1507","CMP3275066","matricola apparato AH0264H","20/10/2025 10:09:56","20/10/2025 10:09:56"
"CMPNP004","POLIZIA LOCALE COMUNE DI FIUME VENETO","D621","n.3248","13.06.2011","TeleLaser","ELTRAFF SRL","TruSpeed","NULLA","TS010863","","17/10/2025 09:41:59","17/10/2025 09:41:59"
"CMPNP004","POLIZIA LOCALE COMUNE DI FIUME VENETO","D621","N.4668","28.07.2016","EnVES","EngiNe Srl","EVO MVDm 1507","NULLA","CMP3492088","","17/10/2025 09:41:59","17/10/2025 09:41:59"
"CMPNP005","Polizia Locale Comune di Aviano","A516","3248","13/06/2011","MOBILE","ELTRAFF","TELELASER","TRUCAM","TC001822","","14/11/2025 12:23:02","14/11/2025 12:23:02"
"CMPNP005","Polizia Locale Comune di Aviano","A516","288","17/01/2018","MISURATORE LASER MOBILE","ENGINE","ENVES EVO MVDM 1507","ENVES EVO MVDM 1507","CMP3050365","","14/11/2025 12:23:02","14/11/2025 12:23:02"
"CMPNP006","COMUNE DI MANIAGO","E889","20923","02/03/2007","MOBILE","ELTRAFF","VELOMATIC","512D","5328-5323","","13/10/2025 13:37:22","13/10/2025 13:37:22"
"CMPNP006","COMUNE DI MANIAGO","E889","1824","20/03/2000","MOBILE","ELTRAFF","TELELASER","ULTRALYTE","UL 010656","","13/10/2025 13:37:22","13/10/2025 13:37:22"
"CMPNP200","POLIZIA MUNICIPALE CHIONS","C640","20923","02/03/2007","MOBILE","ELTRAFF","VELOMATIC","512D","00629-1370-1379","ESTENSIONE DI APPROVAZIONE 103683 DEL 30/12/2010","13/11/2025 08:38:45","13/11/2025 08:38:45"
"CMPNP200","POLIZIA MUNICIPALE CHIONS","C640","3248","13/06/2011","MOBILE","ELTRAFF","TELELASER","TRUSPEED","TS010864","","13/11/2025 08:38:45","13/11/2025 08:38:45"
"CMPNP201","POLIZIA LOCALE DI CASARSA DELLA DELIZIA","B940","3248","13/06/2011","MOBILE","ELTRAFF","TELELASER","TRU-CAM","tc004099","","30/10/2025 09:30:06","30/10/2025 09:30:06"
"CMPNP203","PL Cordovado","C993","288","17.01.2018","Misuratore della velocità istantanea","EngiNe Srl","EnVES EVO MVDm 1507","VELOX 142 FULL","CMP3777520","","23/10/2025 10:37:59","23/10/2025 10:37:59"
"CMPNP203","PL Cordovado","C993","1824","20.03.2000","misuratore di velocità Telelaser","ELTRAFF SRL","TELELASER ULTRALITE","ULTRALITE","UL004131","","23/10/2025 10:37:59","23/10/2025 10:37:59"
"CMPNP204","Polizia Locale Morsano al Tagliamento (PN)","F750","3248","13.06.2011","MOBILE","ELTRAFF","Telelaser TruSpeed","TruSpeed","TS002447","","28/11/2025 12:33:42","28/11/2025 12:25:46"
"CMPNP205","POLIZIA LOCALE COMUNE DI SPILIMBERGO","I904","3248","13/06/2011","MOBILE","ELTRAFF","TELELASER TRUCAM","TRUCAM","TC002432","","02/12/2025 09:33:55","02/12/2025 09:33:55"
"CMPNP206","Servizio_di_Polizia_Locale_di_Pravisdomini","h010","288","17/01/2018","misuratore_di_velocità_istantanea","enves","evo_mvdm_1507","NULLA","CMP3799161","","17/12/2025 10:36:20","17/12/2025 10:36:20"
"CMPNP207","POLIZIA MUNICIPALE AZZANO DECIMO","A530","3248","13/06/2011","MOBILE","ELTRAFF","TELELASER","TRUCAM HD","TC007056","ESTENSIONE DI APPROVAZIONE 0000242 DEL 05/07/2018","15/10/2025 09:54:22","15/10/2025 09:54:22"
"CMPNP207","POLIZIA MUNICIPALE AZZANO DECIMO","A530","3248","13/06/2011","MOBILE","ELTRAFF","TELELASER","TRUSPEED","TS010862","","15/10/2025 09:54:22","15/10/2025 09:54:22"
"CMPNP208","POLIZIA LOCALE FONTANAFREDDA","D670","3248","13.06.2011","MOBILE","ELTRAFF","TELELASER","TRUCAM","TC005252","","04/12/2025 08:22:45","04/12/2025 08:22:45"
"CMPNP209","POLIZIA LOCALE ROVEREDO IN PIANO","H609","3248","13/06/2011","MOBILE","ELTRAFF","TELELASER","TRUCAM HD","TC009507","","09/10/2025 16:00:11","09/10/2025 16:00:11"
"CMPNP209","POLIZIA LOCALE ROVEREDO IN PIANO","H609","4668","27/06/2016","MOBILE","ENGINE","TELELASER","ENVES EVO MVDM 1507","CMP3939242","","09/10/2025 16:00:11","09/10/2025 16:00:11"
"CMPNP210","POLIZIA LOCALE COMUNE DI BRUGNERA","B215","3248","13/06/2011","MOBILE","ELTRAFF","TELELASER","TRUCAM HD","TC007965","","01/12/2025 08:28:45","01/12/2025 08:25:47"
"CMPNP211","POLIZIA LOCALE VALVASONE ARZENE","M346","1824/2000","20,03,2000","TELELASER","ELTRAFF SRL","TELELASER ULTRALYTE","TELELASER ULTRALYTE","UL006180","","20/10/2025 09:28:38","20/10/2025 09:28:38"
"CMPNP219","COMUNE DI SAN QUIRINO - POLIZIA LOCALE","I136","1824","20/03/2000","MOBILE","ELTRAFF","TELELASER","ULTRALYTE","UL007295","Lo strumento se manutenuto e tarato regolarmente può essere utilizzato senza limitazioni","09/10/2025 06:58:18","09/10/2025 06:58:18"
"CMPNP223","POLIZIA LOCALE PRATA DI PORDENONE","G994","1824","20/03/200","MOBILE","ELTRAFF","TELELASER","ULTRALYTE","UL011452/2214","","04/10/2025 10:44:21","04/10/2025 10:44:21"
"CMPNP223","POLIZIA LOCALE PRATA DI PORDENONE","G994","3248","13/06/2011","MOBILE","ELTRAFF","TELELASER","TRUCAM","TC004736","","04/10/2025 10:44:21","04/10/2025 10:44:21"
"CMPNP226","COMUNITA' DI MONTAGNA DELLE PREALPI FRIULANE ORIENTALI","C791","1824","20;03;2000","Telelaser","ELTRAFF","TELELASER ULTRALYTE","'-","UL014712","Castelnovo del Friuli; Cavasso Nuovo; Clauzetto; Fanna; Meduno; Montereale Valcellina; Pinzano al Tagliamento; Travesio; Vajont; Vito DAsio; Vivaro","31/10/2025 15:05:26","31/10/2025 15:05:26"
"CMPNP227","COMUNE DI SAN VITO AL TAGLIAMENTO – SERVIZIO POLIZIA LOCALE","I403","3248","13/06/2011","MISURATORE DI VELOCITÀ MOBILE","ELTRAFF","TELELASER","TruCam HD","TC007681","ESTENSIONE APPROVAZIONE DECRETO N. 242 DEL 05/07/2018","06/11/2025 16:21:14","06/11/2025 16:21:14"
"CMPNP229","Magnifica Comunità di Montagna;","A640;","288;","17/01/2018;","Sistema di rilevazione delle infrazioni;","EngiNe srl;","EnVES EVO MVDm 1507;","EnVES EVO MVDm 1507;","CMP3621129;",";;","17/11/2025 09:10:25","17/11/2025 09:10:25"
"CMPOP201","Polizia Locale Comune di Montemurlo","F572","288","17/01/2018","Misura velocita istantanea veicoli","ENGINE Srl","ENVES EVO MVDm","1507","CMP3461088 (SENSORE LASER)","AJ0404H (ELABORATORE)","16/01/2026 16:06:21","04/11/2025 17:57:48"
"CMPOP202","POLIZIA LOCALE POGGIO A CAIANO;","G754;","3758;","06/08/2014;","RILEVATORE DI VELOCITA' IN MODALITA' ISTANTANEA;","SODI SCIENTIFICA;","AUTOVELOX 106;","non presente;","957190;","non presente;","04/12/2025 11:46:47","04/12/2025 11:46:47"
"CMPOP203","POLIZIA MUNICIPALE CARMIGNANO","B794","183","01/06/2020","VELOX","ENVES","EVO MVD","1605","0x00032AF7","","14/11/2025 11:40:35","14/11/2025 11:40:35"
"CMPOP204","Polizia Locale Unione dei Comuni Val di Bisenzio","B626","354 E 1122","05/02/2003 e 16/05/2005","AUTOVELOX","SODI SCIENTIFICA","105SE","N.D.","912218","","11/11/2025 18:01:55","11/11/2025 18:01:55"
"CMPOP204","Polizia Locale Unione dei Comuni Val di Bisenzio","L537","354 E 1122","05/02/2003 e 16/05/2005","AUTOVELOX","SODI SCIENTIFICA","105SE","N.D.","912230","","11/11/2025 18:01:55","11/11/2025 18:01:55"
"CMPOP204","Polizia Locale Unione dei Comuni Val di Bisenzio","L775","354 E 1122","05/02/2003 e 16/05/2005","AUTOVELOX","SODI SCIENTIFICA","105SE","N.D.","912196","","11/11/2025 18:01:55","11/11/2025 18:01:55"
"CMPRP000","POLIZIA LOCALE COMUNE DI PARMA","G337","3758","06/08/2014","Rilevatore velocita' in modalita' istantanea","Sodi Scientifica spa","Autovelox 106","Non presente","956762 958106","noleggio","07/11/2025 15:48:29","07/11/2025 15:48:29"
"CMPRP000","POLIZIA LOCALE COMUNE DI PARMA","G337","3758","06/08/2014","Rilevatore velocita' in modalita' istantanea","Sodi Scientifica spa","Autovelox 106","Non presente","956761 958095","noleggio","07/11/2025 15:48:29","07/11/2025 15:48:29"
"CMPRP000","POLIZIA LOCALE COMUNE DI PARMA","G337","3758","06/08/2014","Rilevatore velocita' in modalita' istantanea","Sodi Scientifica spa","Autovelox 106","Non presente","956763 958098","noleggio","07/11/2025 15:48:29","07/11/2025 15:48:29"
"CMPRP000","POLIZIA LOCALE COMUNE DI PARMA","G337","3758","06/08/2014","Rilevatore velocita' in modalita' istantanea","Sodi Scientifica spa","Autovelox 106","Non presente","956759 958100","","07/11/2025 15:48:29","07/11/2025 15:48:29"
"CMPRP000","POLIZIA LOCALE COMUNE DI PARMA","G337","47177","04/06/2008","Rilevatore velocita' in modalita' istantanea","Robot Visual Systems GmbH","TraffiStar SR 520","Non presente","T8131 0005 GP CV  593 071 71825","","07/11/2025 15:48:29","07/11/2025 15:48:29"
"CMPRP005","Comune di Salsomaggiore Terme Comando Polizia Locale","H720","3248","13/06/2011","MOBILE","ELTRAFF","TELELASER","TRUCAM","TC001764","","10/10/2025 11:55:33","10/10/2025 11:55:33"
"CMPRP201","Unione Comuni Bassa Est Parmense","non presente","20923","02 03 2007","FISSO/MOBILE","ELTRAFF","VELOMATIC","512D","444-914-915","","07/11/2025 10:27:02","07/11/2025 10:27:02"
"CMPRP201","Unione Comuni Bassa Est Parmense","non presente","20923","02 03 2007","FISSO/MOBILE","ELTRAFF","VELOMATIC","512D","651-1409-1417","","07/11/2025 10:27:02","07/11/2025 10:27:02"
"CMPRP202","POLIZIA LOCALE COMUNE DI SOLIGNANO (PR)","I803","4668 (ED ESTENZIONE ALLEGATA)","28/07/2016","RILEVAMENTO VELOCITA' ISTANTANEA","ENGINE","ENVES EVO","MVDm 1507","CMP 3696280","","17/11/2025 11:10:09","27/10/2025 11:51:43"
"CMPRP203","POLIZIA LOCALE BASSA VAL TARO","F082","48","01/03/2021","Dispositivo rielvamento velocità istantanea","Safety21 S.p.A.","AGUIA RED & SPEED","AGUIA-T5-5-R","16372","Dec.Sub.tit.n.227","27/10/2025 12:03:41","27/10/2025 12:03:41"
"CMPRP204","COMUNE DI NOCETO POLIZIA LOCALE","F914","550","23/12/2021","Misuratore velocita' istantanea veicoli","ENGINE SPA","EnVES EVO MVD 1605","EnVES EVO MVD 1605 550 del 23/12/2021","0x0002EB0A","Dispositivo fisso ubicato a Noceto  (PR) SS9 altezza Km 220+607","21/10/2025 08:52:28","21/10/2025 08:52:28"
"CMPRP204","COMUNE DI NOCETO POLIZIA LOCALE","F914","3248","13/06/2011","Misuratore velocita' istantanea veicoli","ELTRAFF","TELELASER","TRUCAM HD","TC009962","","21/10/2025 08:52:28","21/10/2025 08:52:28"
"CMPRP206","Polizia locale Unione pedemontana parmense","C852","20923","02/03/2007","FISSO/MOBILE","ELTRAFF","VELOMATIC","512D","405-806-807","","31/10/2025 11:25:19","31/10/2025 11:25:19"
"CMPRP206","Polizia locale Unione pedemontana parmense","C852","3248","13/06/2011","MOBILE","ELTRAFF","TELELASER","TRUSPEED","TC004163","","31/10/2025 11:25:19","31/10/2025 11:25:19"
"CMPRP210","POLIZIA MUNICIPALE BORGO VAL DI TARO","B042","242","05/07/2018","TELELASER","ELTRAFF","TRUCAMHD","ID ARTICOLO 007702","TC007059","","08/10/2025 10:30:24","08/10/2025 10:30:24"
"CMPRP220","COMUNE DI FIDENZA POLIZIA LOCALE","B034","48","01/03/2021","Disp. rilevamento velocita' istantanea fisso","Safety21 S.p.A.","AGUIA Red & Speed","AGUIA -T5-5-R","16447","Dec.sub.tit.n.227_04/07/25 SP359 R 3+384 FIDENZA","28/10/2025 12:13:50","11/10/2025 06:14:51"
"CMPRP220","COMUNE DI FIDENZA POLIZIA LOCALE","B034","271","11/07/2023","Disp. rilevamento velocita' istantanea fisso","Safety21 S.p.A.","VRS EVO 2","VRS-EVO-T12-5-RS4","728","Dec.sub.tit.n.227_04/07/25 VIALE MARTIRI DELLA LIBERTA' INT. VIA PISACANE (Postazione con presidio PL)","28/10/2025 12:13:50","11/10/2025 06:14:51"
"CMPRP220","COMUNE DI FIDENZA POLIZIA LOCALE","B034","271","11/07/2023","Disp. rilevamento velocita' istantanea fisso","Safety21 S.p.A.","VRS EVO 2","VRS-EVO-T12-5-RS4","729","Dec.sub.tit.n.227_04/07/25 SP71 LOC SANTA MARGHERITA CIV 14 (Postazione con presidio PL)","28/10/2025 12:13:50","11/10/2025 06:14:51"
"CMPRP220","COMUNE DI FIDENZA POLIZIA LOCALE","B034","271","11/07/2023","Disp. rilevamento velocita' istantanea fisso","Safety21 S.p.A.","VRS EVO 2","VRS-EVO-T12-5-RS4","730","Dec.sub.tit.n.227_04/07/25 SP 12 LOC CHIUSA FERRANDA CIV 12 B(Postazione con presidio PL)","28/10/2025 12:13:50","11/10/2025 06:14:51"
"CMPRP220","COMUNE DI FIDENZA POLIZIA LOCALE","B034","271","11/07/2023","Disp. rilevamento velocita' istantanea fisso","Safety21 S.p.A.","VRS EVO 2","VRS-EVO-T12-5-RS4","731","Dec.sub.tit.n.227_04/07/25 VIA MONS.O.DAVIGHI EX SS9 LOC S.FAUSTINO CIV 31(Postazione con presidio PL)","28/10/2025 12:13:50","11/10/2025 06:14:51"
"CMPRP220","COMUNE DI FIDENZA POLIZIA LOCALE","B034","271","11/07/2023","Disp. rilevamento velocita' istantanea fisso","Safety21 S.p.A.","VRS EVO 2","VRS-EVO-T12-5-RS4","746","Dec.sub.tit.n.227_04/07/25 VIA TOGLIATTI INT. VIA TRENTO(Postazione con presidio PL)","28/10/2025 12:13:50","11/10/2025 06:14:51"
"CMPRP220","COMUNE DI FIDENZA POLIZIA LOCALE","B034","5913","17/12/2014","Misuratore velocita' istantanea veicoli","ELTRAFF","VELOMATIC","512D","5417","Dispositivo mobile","28/10/2025 12:13:50","11/10/2025 06:14:51"
"CMPRP220","COMUNE DI FIDENZA POLIZIA LOCALE","B034","5913","17/12/2014","Misuratore velocita' istantanea veicoli","ELTRAFF","VELOMATIC","512D","6030","Dispositivo mobile","28/10/2025 12:13:50","11/10/2025 06:14:51"
"CMPRP223","S. I. DI POL MUN DI BUSSETO-ROCCABIANCA-SORAGNA","non presente","3248","13/06/2011","MOBILE","ELTRAFF","TELELASER","TRUCAM","TC001754","","02/10/2025 15:55:05","02/10/2025 15:55:05"
"CMPRP224","P.L. FONTANELLATO","##########","3248","13.06.2011","MOBILE","ELTRAFF","TELELASER","TRUCAM","TC005521","","05/02/2026 10:06:31","08/11/2025 17:47:45"
"CMPRP225","UNIONE MONTANA APPENNINO PARMA EST  - POLIZIA LOCALE","2706560345","3248","13.06.2011","MOBILE","ELTRAFF","TELELASER","TRUCAM HD","TC006669","ESTENSIONE DI APPROVAZIONE 0000242 DEL 05/07/2018","28/11/2025 16:20:24","27/11/2025 17:17:25"
"CMPRP225","UNIONE MONTANA APPENNINO PARMA EST  - POLIZIA LOCALE","2706560345","1123","16.05.2005","MOBILE","SODI SCIENTIFICA","AUTOVELOX 104/C-2","AUTOVELOX 104/C-2","917071 916964","","28/11/2025 16:20:24","28/11/2025 16:20:24"
"CMPRP225","UNIONE MONTANA APPENNINO PARMA EST  - POLIZIA LOCALE","2706560345","4668","28.07.2016","MOBILE","ENGINE SRL","ENVES EVO Mvdm1507","ENVES EVO Mvdm1507","CMP3378107","ESTENSIONE DI APPROVAZIONE 0000288 DEL 17/01/2018","28/11/2025 16:20:24","28/11/2025 16:20:24"
"CMPRP228","UNIONE BASSA OVEST PARMENSE","ND","2483","10/11/1993","MOBILE","SODI SCIENTIFICA","AUTOVELOX","104/C-2","1495","","13/10/2025 13:12:42","13/10/2025 13:12:42"
"CMPRP228","UNIONE BASSA OVEST PARMENSE","ND","4199","08/09/1997","MOBILE","ELTRAFF","TELELASER","LTI 20-20","13146","Estensione di approvazione 4353 del 15/09/1997","13/10/2025 13:12:42","13/10/2025 13:12:42"
"CMPSP000","CMPSP000 - POLIZIA LOCALE PESARO","DMRD2E","342","02/10/2025","Dispositivo rilevamento velocità istantanea fisso","Safety21 S.p.A. (ex Velocar s.r.l.)","Velocar Red&Speed EVO-R","ND","422","Dec.App.n.4708_01/08/2016 Dec.sub.tit.n.227_04/07/2025 SS16 ADRIATICA KM 230+800 (STRADA DELLA ROMAGNA) DA SUD A NORD","10/12/2025 16:28:46","25/11/2025 16:56:34"
"CMPSP000","CMPSP000 - POLIZIA LOCALE PESARO","DMRD2E","342","02/10/2025","Dispositivo rilevamento velocità istantanea fisso","Safety21 S.p.A. (ex Velocar s.r.l.)","Velocar Red&Speed EVO-R","ND","332","Dec.App.n.4708_01/08/2016 Dec.sub.tit.n.227_04/07/2025 SS16 ADRIATICA KM 228+952,50 (STRADA DELLA ROMAGNA) DA NORD A SUD","10/12/2025 16:28:46","25/11/2025 16:56:34"
"CMPSP000","CMPSP000 - POLIZIA LOCALE PESARO","DMRD2E","5240","31/08/2017","Sistema rilevamento velocità media","Safety21 S.p.A. (ex Velocar s.r.l.)","Velocar Red&Speed EVO M","ND","361,376","Dec.sub.tit.n.227_04/07/2025 SS 16 ADRIATICA Direz. SUD_NORD: Portale 1. Km 242+880 (ID 361);Portale 2. Km.241+040 (ID 376)","10/12/2025 16:28:46","25/11/2025 16:56:34"
"CMPSP000","CMPSP000 - POLIZIA LOCALE PESARO","DMRD2E","342","02/10/2025","Dispositivo rilevamento velocità istantanea fisso","Safety21 S.p.A. (ex Velocar s.r.l.)","Velocar Red&Speed EVO-R","ND","362","Dec.App.n.4708_01/08/2016 Dec.sub.tit.n.227_04/07/2025 SS 746 MONTELABBATESE KM 4+928 DA URBINO VERSO PESARO CENTRO","10/12/2025 16:28:46","25/11/2025 16:56:34"
"CMPSP003","POLIZIA MUNICIPALE MONDAVIO","F347","3248","13/06/2011","MOBILE","ELTRAFF","TELELASER","TRUCAMHD","TC008530","Estensione di approvazione 0000242 del 05/07/2018","18/10/2025 11:25:58","18/10/2025 11:25:58"
"CMPSP006","SERVIZIO UNICO INTERCOMUNALE DI POLIZIA LOCALE ALTA VALLE DEL METAURO","L498","APPR Ministero delle II e TT N prot 5913","17/12/2014","MISURATORE DELLA VELOCITA' ISTANTANEA","ELTRAFF","VELOMATIC","512D","4155ROE 4157MVAS","","12/11/2025 07:20:17","12/11/2025 07:20:17"
"CMPSP006","SERVIZIO UNICO INTERCOMUNALE DI POLIZIA LOCALE ALTA VALLE DEL METAURO","L498","appr Ministeriale n 3248","13/06/2011","MISURATORE DELLA VELOCITA' ISTANTANEA","LASER TECHNOLOGY INCORPORATED","TELELASER","TRUCAM","TC001320","","12/11/2025 07:20:17","12/11/2025 07:20:17"
"CMPSP007","PERGOLA POLIZIA MUNICIPALE","G453","4199","08/09/1997","MOBILE","ELTRAFF","TELELASER","LTI 20-20","11237","","28/11/2025 15:55:29","28/11/2025 15:55:29"
"CMPSP008","MONDOLFO POLIZIA MUNICIPALE","F348","3248","13/06/2011","MOBILE","ELTRAFF","TELELASER","TRUCAM","TC005063","","28/10/2025 13:13:20","28/10/2025 13:13:20"
"CMPSP010","POLIZIA LOCALE COLLI AL METAURO","41069","3248","13/06/2011","MOBILE","ELTRAFF","TELELASER","TRUCAM","TS011720","","03/10/2025 07:10:07","03/10/2025 07:10:07"
"CMPSP011","MONTE GRIMANO TERME","F524","20923","02/03/2007","FISSO/MOBILE","ELTRAFF","VELOMATIC","512D","6417-6437","servzio di polizia locale associato ai comuni di Monte Grimano Terme Macerata Feltria Pietrarubbia Mercatino Conca Monte Cerignone","27/11/2025 11:12:34","27/11/2025 11:12:34"
"CMPSP201","POLIZIA LOCALE UNIONE PIAN DEL BRUSCOLO","L081","2148","10/07/2004","MOBILE","KUSTOM SIGNALS INCORPORATED","TELELASER","PRO LASER III","PL 19589","ESTENSIONE DECRETO 471 DEL 07/12/2004","29/11/2025 12:16:23","29/11/2025 12:16:23"
"CMPSP201","POLIZIA LOCALE UNIONE PIAN DEL BRUSCOLO","L081","903","27/06/2006","MOBILE","SODI SCIENTIFICA","AUTOVELOX","104/E","925602","MATRICOLA ELABORATORE 925308","29/11/2025 12:16:23","29/11/2025 12:16:23"
"CMPSP204","COMUNE DI URBINO","L500","20923","02/03/2007","DISPOSITIVO fisso/mobile","ELTRAFF S.R.L","VELOMATIC 512D","512D","4945-4914","estensione di approvazione 103683 del 30/12/2010","15/12/2025 09:43:20","03/11/2025 13:21:03"
"CMPSP204","COMUNE DI URBINO","L500","3248","13/06/2011","DISPOSITIVO MOBILE","ELTRAFF SRL","TELELASER TRUCAM HD","TRUCAMHD","TC008199","estensione approvazione 0000242 del 05/07/2018","15/12/2025 09:43:20","03/11/2025 13:21:03"
"CMPSP204","COMUNE DI URBINO","L500","342","02/10/2025","Dispositivo rilevamento velocita istantanea fisso","Safety21 S.p.A.","VRS-EVO-R","VRS-EVO-T12-5-R","602","Dec.App.n.4708_01/08/2016 Dec.est.n.129_07/04/2021 Dec.sub.tit.n.227_04/07/2025 SS 73BIS VAR 1+090 FERMIGNANO - URBINO","15/12/2025 09:43:20","03/11/2025 13:21:03"
"CMPSP211","POLIZIA LOCALE FOSSOMBRONE","D749","903","27/06/2006","AUTOVELOX","SODI SCIENTIFICA","AUTOVELOX","104 E","921914 - 944880","","19/11/2025 12:51:32","19/11/2025 12:51:32"
"CMPSP211","POLIZIA LOCALE FOSSOMBRONE","D749","1824","20/03/2000","TELELASER","ELTRAFF","TELELASER","ULTRALYTE","UL004581","","19/11/2025 12:51:32","19/11/2025 12:51:32"
"CMPSP219","Polizia Locale Comune di  Cagli (PU)","B352","48","01/03/2021","Dispositivo rilevamento velocita' istantanea fisso","Safety21 S.p.a.","AGUIA Red&Speed","AGUIA-T5-5-R","16543","Dec.sub.tit.n.227_04/07/2025 S.S.3 FLAMINIA 238+692 ACQUALAGNA","27/10/2025 17:45:29","27/10/2025 17:45:29"
"CMPSP219","Polizia Locale Comune di  Cagli (PU)","B352","48","01/03/2021","Dispositivo rilevamento velocita' istantanea fisso","Safety21 S.p.a.","AGUIA Red&Speed","AGUIA-T5-5-R","16544","Dec.sub.tit.n.227_04/07/2025 S.S.3 FLAMINIA 238+692 CAGLI","27/10/2025 17:45:29","27/10/2025 17:45:29"
"CMPSP225","Polizia Municipale San Costanzo","h809","3248","13/06/2011","mobile","eltraff","telelaser","trucam","tc004085","","18/10/2025 12:02:50","18/10/2025 12:02:50"
"CMPSP225","Polizia Municipale San Costanzo","h809","3248","13/06/2011","mobile","eltraff","telelaser","trucam","tc004085","","06/10/2025 07:47:42","06/10/2025 07:47:42"
"CMPSP229","Corpo Unico PL Gabicce Mare e Gradara","D836","282","13/06/2017","Autovelox","SODI Scientifica","Autovelox106","2014","953196","","20/11/2025 16:53:22","20/11/2025 16:53:22"
"CMPSP231","polizia mun.le","F533","3248","13/06/2011","mobile","ELTRAFF","TELELASER","TRUSPEED","TS010361","","13/10/2025 10:24:15","13/10/2025 10:24:15"
"CMPTP000","PISTOIA POLIZIA LOCALE","G713","1584","03/04/2014","Rilevatore velocità istantanea","EngiNe S.p.A.","EnVES EVO MVD 1309","Non presente","CMP3025365","S.S. 716 Raccordo di Pistoia km 1+400 dir. Nord","31/01/2026 09:18:00","03/11/2025 10:19:43"
"CMPTP000","PISTOIA POLIZIA LOCALE","G713","1584","03/04/2014","Rilevatore velocità istantanea","EngiNe S.p.A.","EnVES EVO MVD 1309","Non presente","CMP3960125","S.S. 716 Raccordo di Pistoia km 1+400 dir. Nord","31/01/2026 09:18:00","03/11/2025 10:19:43"
"CMPTP000","PISTOIA POLIZIA LOCALE","G713","4670","28/07/2016","Rilevatore velocità istantanea","EngiNe S.p.A.","EnVES EVO MVD 1505","Non presente","CMP3166485","S.S.716 Raccordo di Pistoia Km 2+600 dir. Nord-Sud","31/01/2026 09:18:00","03/11/2025 10:19:43"
"CMPTP000","PISTOIA POLIZIA LOCALE","G713","4670","28/07/2016","Rilevatore velocità istantanea","EngiNe S.p.A.","EnVES EVO MVD 1505","Non presente","CMP3256066","S.S.716 Raccordo di Pistoia Km 2+600 dir. Nord-Sud","31/01/2026 09:18:00","03/11/2025 10:19:43"
"CMPTP000","PISTOIA POLIZIA LOCALE","G713","7723","11/12/2017","Rilevatore velocità media","EngiNe S.p.A.","CELERITAS EVO 1411b","Non presente","Non applicabile","AF0235E – S.S. 64 Porrettana km 8+630 in dir. Bologna – dispositivo a noleggio","31/01/2026 09:18:00","31/01/2026 09:18:00"
"CMPTP000","PISTOIA POLIZIA LOCALE","G713","7723","11/12/2017","Rilevatore velocità media","EngiNe S.p.A.","CELERITAS EVO 1411b","Non presente","Non applicabile","AG0263E – S.S. 64 Porrettana in dir. Bologna fino al km 9+880 – dispositivo a noleggio","31/01/2026 09:18:00","31/01/2026 09:18:00"
"CMPTP000","PISTOIA POLIZIA LOCALE","G713","7723","11/12/2017","Rilevatore velocità media","EngiNe S.p.A.","CELERITAS EVO 1411b","Non presente","Non applicabile","AG0263E – S.S. 64 Porrettana km 9+830 in dir. Pistoia – dispositivo a noleggio","31/01/2026 09:18:00","31/01/2026 09:18:00"
"CMPTP000","PISTOIA POLIZIA LOCALE","G713","7723","11/12/2017","Rilevatore velocità media","EngiNe S.p.A.","CELERITAS EVO 1411b","Non presente","Non applicabile","AF0235E – S.S. 64 Porrettanain dir. Pistoia fino al km 8+580  – dispositivo a noleggio","31/01/2026 09:18:00","31/01/2026 09:18:00"
"CMPTP000","PISTOIA POLIZIA LOCALE","G713","3758","06/08/2014","Rilevatore velocità istantanea","Sodi Scientifica","AUTOVELOX 106","Non presente","955379","","31/01/2026 09:18:00","03/11/2025 10:19:43"
"CMPTP003","Polizia Locale – Comune di Serravalle Pistoiese (PT);","I660",";",";",";",";",";",";",";","Dispositivi da censire non installati sul territorio di competenza;","28/11/2025 14:44:59","28/11/2025 14:44:59"
"CMPTP007","COMUNE DI PESCIA","G491","3248 Min. LLPP","16/06/11","TELELASER","ELTRAFF","TRUCAM","HD","TC009537","/","03/11/2025 10:31:37","03/11/2025 10:31:37"
"CMPTP008","polizia_locale_comune_di_montale_pt)","f410","6511","21112012","dispositivo_mobile","Tarasconi_Traffic_Tecnologies_srl","vizier2M","vizier2M","1111005","","14/11/2025 19:03:49","14/11/2025 19:03:49"
"CMPTP009","Polizia Locale comune di Lamporecchio e Larciano","E432","000 242","05.07.2018","Misuratore di Velocità","Elraff s.r.l.","Telelaser TruCam HD","Telelaser TruCam HD","TC008282","","23/10/2025 08:36:38","23/10/2025 08:36:38"
"CMPTP208","COMUNE DI MONSUMMANO TERME","F384","3248","13/06/2011","MOBILE","ELTRAFF","TELELASER","TRUCAM","TC005250","","27/11/2025 08:14:47","19/11/2025 12:00:26"
"CMPTP209","POLIZIA LOCALE COMUNE DI MARLIANA","E960","29830 DEL 03/04/2008","03/04/2008","TELELASER","ROBOT VISUAL SYSTEMS GMBH","TRAFFIPATROL","XR","507-207/09293","","18/10/2025 09:51:31","18/10/2025 09:51:31"
"CMPVP001","Polizia Locale Comune di Tromello","L449","549","21/12/2021","Velox Fisso","Project Automation S.P.A.","K53800_SPEED","K53800_SPEED","PASPEEDn22022120778","","03/11/2025 13:08:08","03/11/2025 13:08:08"
"CMPVP003","polizia locale Garlasco","D925","378","09/09/2021","Misuratore Fisso velocità istantanea","Traffic Tecnology","TCS - Traffic Control System","non presente nel decreto","IMP.732231202-TCD.1223033033-TCE.S10A11004548","","06/10/2025 10:01:30","06/10/2025 10:01:30"
"CMPVP003","polizia locale Garlasco","D925","288","17/01/2018","Misuratore Mobile  velocità istantanea","Engine SRL EnVes EVO MVDm 1507","EnVes EVO MVDm 1507","EnVes EVO MVDm 1507","AL1078H","","06/10/2025 10:01:30","06/10/2025 10:01:30"
"CMPVP004","GODIASCO POLIZIA MUNICIPALE CMPVP00401","E072","4199","08/09/1977","MOBILE","ELTRAFF","TELELASER","LTI20-20","12639","0","10/01/2026 10:51:37","10/01/2026 10:51:37"
"CMPVP005","COMUNE DI VOGHERA","M109","3248","13/06/2011","MOBILE","ELTRAFF","TELELASER","TRUCAM","TC004109","","02/10/2025 15:39:29","02/10/2025 15:39:29"
"CMPVP006","Polizia Locale Comune di Vigevano","L872","1824","20/03/2000","MISURATORE VELOCITA' ISTANTANEA DI VEICOLI","LASER TECHNOLOGY INCORPORATED -ELTRAFF SRL","TELELASER ULTRALYTE","TELELASER ULTRALYTE","UL003609/1137","","05/11/2025 10:13:18","05/11/2025 10:13:18"
"CMPVP006","Polizia Locale Comune di Vigevano","L873","3758","06/08/2014","MISURATORE VELOCITA' ISTANTANEA DI VEICOLI","SODI SCIENTIFICA SRL","AUTOVELOX 106","AUTOVELOX 106","952271","","05/11/2025 10:13:18","05/11/2025 10:13:18"
"CMPVP006","Polizia Locale Comune di Vigevano","L874","1323","08/03/2012","MISURATORE VELOCITA' ISTANTANEA DI VEICOLI","SINTEL ITALIA","SCOUT SPEED","SCOUT SPEED","HW4408 - SW4408","MATRICOLA Antenna Radar KC147602 -","05/11/2025 10:13:18","05/11/2025 10:13:18"
"CMPVP007","COMUNE DI BELGIOIOSO","A741","356","18/08/2021","DISPOSITIVO AUTOMATICO VELOCITA' ISTANTANEA","MAGGIOLI S.P.A.","AUTOSC@N SPEED","NON PRESENTE","20220025","","07/10/2025 07:35:23","07/10/2025 07:35:23"
"CMPVP007","COMUNE DI BELGIOIOSO","A741","356","18/08/2021","DISPOSITIVO AUTOMATICO VELOCITA' ISTANTANEA","MAGGIOLI S.P.A.","AUTOSC@N SPEED","NON PRESENTE","20220026","","07/10/2025 07:35:23","07/10/2025 07:35:23"
"CMPVP008","Broni Polizia Municipale","B201","3758","06/08/2014","Autovelox mobile","Sodi Scientifica","Autovelox","106","953548","","16/12/2025 11:02:42","16/12/2025 11:02:42"
"CMPVP009","POLIZIA LOCALE COMUNE DI MORTARA","F754","1323","08/03/2012","DISPOSITIVO DI MISURA DELLA VELOCITA' ISTANTANEA","SINTEL ITALIA S.P.A.","SCOUT SPEED","LAT 105 036_17","4196","","18/11/2025 09:44:48","18/11/2025 09:44:48"
"CMPVP010","RIVANAZZANO TERME POLIZIA MUNICIPALE CMPVP01001","H336","4199","08/09/1977","MOBILE","ELTRAFF","TELELASER","LTI20-20","12639","0","10/01/2026 12:03:48","10/01/2026 12:03:48"
"CMPVP015","Comune di Scaldasole","I487","4670","28/07/2016","Installato in postazione fissa non presidiata","EngiNe","EnVES EVO MVD","1505","CMP3701280","Estensione di approvazione n. 182 del 01/06/2020","12/11/2025 12:59:41","12/11/2025 12:59:41"
"CMPVP015","Comune di Scaldasole","I487","3248","13/06/2011","Installabile in postazione mobile presidiata","Eltraff","Telelaser","TruCam","TC004413","","12/11/2025 12:59:41","12/11/2025 12:59:41"
"CMPVP018","COMUNE DI SARTIRANA LOMELLINA","i447","3758","06/08/2014","misuratore di velocità istantanea","Sodi Scientifica","Autovelox 106","Premium","946987","","18/11/2025 10:26:57","18/11/2025 10:26:57"
"CMPVP201","Polizia Locale Candia Lomellina","B587","6511","21.11.2012","Rilevatore di velocità","OLVIA JSC","VIZIER 2M","1308","1304004","","04/11/2025 08:50:02","03/11/2025 11:26:40"
"CMPVP203","POLIZIA LOCALE","B741","3248","13/06/2011","MOBILE","ELTRAFF","TELELASER","TRUSPEED","TC004094","","10/12/2025 09:42:59","10/12/2025 09:42:59"
"CMPVP205","POLIZIA LOCALE PIEVE DEL CAIRO","G639","20923","02/03/2007","MOBILE","ELTRAFF","VELOMATIC","512","4041","","30/10/2025 11:45:28","30/10/2025 11:45:28"
"CMPVP211","Comune di Lungavilla Polizia Locale","B387","3248","13/06/2011","Mobile","Eltraff","Telelaser","TruCam","TC003293","","25/11/2025 12:05:44","25/11/2025 12:05:44"
"CMPVP215","Polizia Locale Vellezzo Bellini","L720","342","02/10/2025","Dispositivo rilevamento velocità istantanea fisso","Safety21 S.p.A.","Velocar Red&Speed EVO-R","ND","588","Dec.App.n.4708_01/08/2016; Dec.sub.tit.n.227_04/07/2025; S.P. ex S.S. 35 dei Giovi km 102+410 dir. Pavia e dir. Milano","30/10/2025 13:16:04","30/10/2025 13:16:04"
"CMPVP221","POLIZIA MUNICIPALE SAN MARTINO SICCOMARIO","I014","3248","13/06/2011","MOBILE","ELTRAFF","TELELASER","TRUSPEED","TC004094","","03/12/2025 09:02:34","03/12/2025 09:02:34"
"CMPVP224","Comune di Pieve Albignola","G635","4020","21/06/2017","Installato in postazione fissa non presidiata","EngiNe","EnVES EVO MVD","1605","0x00029546","","05/03/2026 07:29:58","05/03/2026 07:29:58"
"CMPVP227","Polizia Locale comune di Dorno","D348","6099","18/11/2015","Disp. Fisso per il rilevamento velocità istantanea","Safety21 S.p.A.","Velocar Red&Speed Evo","VRS-EVO-L1","473","Dec. App. n.814 del 24-02-2025; Dec. Sub tit. n.227 del 04_07_2025;S.P.206 km 19+611 territorio di Dorno direzione di Garlasco","10/12/2025 11:09:02","10/12/2025 11:09:02"
"CMPVP228","DM13NE","C053","3248","13/06/2011","MOBILE","ELTRAFF","TELELASER","TRUCAM HD","TC010689","Estensione di approvazione 0000242 del 05/07/2018","07/11/2025 18:49:03","04/10/2025 10:15:48"
"CMPVP232","COMUNE DI ZINASCO  POLIZIA LOCALE","M 180","20923","02/03/2007","MOBILE","ELTRAFF","VELOMATIC","512D","725-809","FOTOCAMERA 6003 ESTENSIONE APPROVAZIONE 5913 DEL 17/12/2014","28/10/2025 10:52:52","28/10/2025 10:52:52"
"CMPVP237","POLIZIA MUNICIPALE BRESSANA BOTTARONE","B159","3248","13/06/2011","MOBILE","ELTRAFF","TELELASER","TRUCAM HD","TC007760","Estensione di approvazione  00000242 del 05/07/2018","21/10/2025 12:39:26","21/10/2025 12:39:26"
"CMPVP237","POLIZIA MUNICIPALE BRESSANA BOTTARONE","B159","5298","27/10/2011","FISSO","KRIA","T-EXSPEED V. 2.0","'-","2109","Estensione di approvazione  n. 4910 del 16/10/2014, n° 5072 del 27/10/2014 e n° 7175 del 29/12/2016","21/10/2025 12:39:26","21/10/2025 12:39:26"
"CMPVP238","POLIZIA LOCALE DI MEDE","F080","288","17.01.2018","MISURATORE LASER","EngiNe","ENVES EVO MVDm 1507","ENVES EVO MVDm 1507","CMP3782223","","20/11/2025 11:11:25","20/11/2025 11:11:25"
"CMPVP242","POLIZIA MUNICIPALE CASTELLO D'AGOGNA","C184","N.4670","28,07,2026","MISURATORE VELOCITA ISTANTANEA","ENGINE","ENVES EVO","MVD 1505","CMP349088","","01/12/2025 09:23:14","01/12/2025 09:23:14"
"CMPVP244","Polizia Locale Comune di Gambolò","D901","decreto R. 0000242.05-07-2018","05/07/2018","TELELASER","ELTRAFF SRL - Laser Technology Incorporated","TELELASER TruCamHD","TELELASER TruCamHD","TC009481","Corpo Intercomunale di Polizia Locale Tromello e Gambolò","10/11/2025 09:47:29","10/11/2025 09:47:29"
"CMPVP252","Polizia Locale del Comune di San Giorgio di Lomellina","H885","3248","13/06/2011","MOBILE","ELTRAFF","TELELASER","TRUCAM","TC004172","","27/11/2025 21:20:35","27/11/2025 21:20:35"
"CMPVP254","POLIZIA LOCALE DEL COMUNE DI PARONA (PV)","G342","NESSUNO","00/00/0000","NESSUN VELOX","NESSUNA","NESSUNO","NESUNA","NESSUNA","LA POLIZIA LOCALE NON E' DOTATA DI NESSUNO STRUMENTO NE VELOX NE TELELASER FISSI E MOBILEI NE DI PROPRIETA' NE CON ALTRE FORMULE ES NOLEGGIO ETC.","26/11/2025 10:51:37","26/11/2025 10:51:37"
"CMPVP254","POLIZIA LOCALE DEL COMUNE DI CERGNAGO (PV)","C509","NESSUNO","00/00/0000","NESSUN VELOX","NESSUNA","NESSUNO","NESUNA","NESSUNA","LA POLIZIA LOCALE NON E' DOTATA DI NESSUNO STRUMENTO NE VELOX NE TELELASER FISSI E MOBILEI NE DI PROPRIETA' NE CON ALTRE FORMULE ES NOLEGGIO ETC.","26/11/2025 10:51:37","26/11/2025 10:51:37"
"CMPVP255","Polizia Locale del comune di Confienza","C958","3248","40707","mobile","ELTRAF","TELELASER","TRUCAM","TC003072","","21/11/2025 09:47:24","21/11/2025 09:47:24"
"CMPVP255","Polizia Locale del comune di Confienza","C958","1824","36605","mobile","ELTRAF","TELELASER","ULTRALYTE","UL022015","L'approvazione di durata ventennale è riferita solo alla possibilità di commercializzazione del dispositivo","21/11/2025 09:47:24","21/11/2025 09:47:24"
"CMPVP272","Servizio Polizia Locale Comune di Cilavegna","C686","3248","13/06/2011","Telelaser","Eltraff","Tru-Cam","Tru-Cam","TC005061","","29/11/2025 10:17:05","29/11/2025 10:17:05"
"CMPVP272","Servizio Polizia Locale Comune di Cilavegna","C686","20923","02/03/2007","Velox","Eltraff","Velomatic","512D","3838/3836/3849","Da revisionare","29/11/2025 10:17:05","29/11/2025 10:17:05"
"CMPVP275","Polizia Locale Comune di Trovo","L453","550","23/12/2021","Apparato rilevamento velocita'","Engine","EnVES EVO 1605","'-","0x00038B7B","","21/10/2025 09:41:51","21/10/2025 09:41:51"
"CMPVP287","POLIZIA LOCALE SANT ANGELO LOMELLINA","I276","4020","21/06/2021","RILEVATORE LIMITI VELOCITA","ENGINE SPA","ENVES EVO","MDV 1605","0x00029541","","09/10/2025 08:13:20","09/10/2025 08:13:20"
"CMPVP319","Polizia locale comune di Bereguardo","A792","183","01/06/2020","EngiNe s.r.l. EnVES EVO MVD 1605 presidiato","EngiNe S.p.a.","EnVES EVO MVD 1605","EnVES EVO MVD 1605","0x000324AF","Taratura del 20/03/2026 n° 01237LAT249_20260320_SIM_FM03","28/03/2026 10:37:23","20/11/2025 12:07:51"
"CMPVP320","Provincia di Pavia","G388","342","02/10/2025","Dispositivo rilevamento velocità istantanea fisso","Safety21 S.p.A.","Velocar Red&Speed EVO-R","ND","513","Dec.App.n.4708_01/08/2016; Dec.sub.tit.n.227_04/07/2025; S.P. ex S.S. 35 dei Giovi km 94+715 dir. Milano","08/01/2026 13:19:34","01/12/2025 09:13:36"
"CMPVP320","Provincia di Pavia","G388","342","02/10/2025","Dispositivo rilevamento velocità istantanea fisso","Safety21 S.p.A.","Velocar Red&Speed EVO-R","ND","512","Dec.App.n.4708_01/08/2016; Dec.sub.tit.n.227_04/07/2025; S.P. ex S.S. 35 dei Giovi km 94+810 dir. Pavia","08/01/2026 13:19:34","01/12/2025 09:13:36"
"CMPVP320","Provincia di Pavia","G388","342","02/10/2025","Dispositivo rilevamento velocità istantanea fisso","Safety21 S.p.A.","Velocar Red&Speed EVO-R","ND","505","Dec.App.n.4708_01/08/2016; Dec.sub.tit.n.227_04/07/2025; S.P. 1 Bressana-Salice km 5+010 dir. Pavia e dir. Voghera","08/01/2026 13:19:34","01/12/2025 09:13:36"
"CMPVP320","Provincia di Pavia","G388","342","02/10/2025","Dispositivo rilevamento velocità istantanea fisso","Safety21 S.p.A.","Velocar Red&Speed EVO-R","ND","507","Dec.App.n.4708_01/08/2016; Dec.sub.tit.n.227_04/07/2025; S.P. ex S.S. 412 della Val Tidone km 10+733 dir. Lodi e dir. Milano","08/01/2026 13:19:34","01/12/2025 09:13:36"
"CMPVP320","Provincia di Pavia","G388","342","02/10/2025","Dispositivo rilevamento velocità istantanea fisso","Safety21 S.p.A.","Velocar Red&Speed EVO-R","ND","514","Dec.App.n.4708_01/08/2016; Dec.sub.tit.n.227_04/07/2025; S.P. ex S.S. 596 dei Cairoli km 2+945 dir. Pavia","08/01/2026 13:19:34","01/12/2025 09:13:36"
"CMPVP320","Provincia di Pavia","G388","342","02/10/2025","Dispositivo rilevamento velocità istantanea fisso","Safety21 S.p.A.","Velocar Red&Speed EVO-R","ND","506","Dec.App.n.4708_01/08/2016; Dec.sub.tit.n.227_04/07/2025; S.P. ex S.S. 596 dei Cairoli km 13+432 dir. Garlasco","08/01/2026 13:19:34","01/12/2025 09:13:36"
"CMPVP320","Provincia di Pavia","G388","342","02/10/2025","Dispositivo rilevamento velocità istantanea fisso","Safety21 S.p.A.","Velocar Red&Speed EVO-R","ND","504","Dec.App.n.4708_01/08/2016; Dec.sub.tit.n.227_04/07/2025; S.P. 206 Voghera-Novara km 44+013 dir. Vigevano e dir. Cerano","08/01/2026 13:19:34","01/12/2025 09:13:36"
"CMPVP320","Provincia di Pavia","G388","342","02/10/2025","Dispositivo rilevamento velocità istantanea fisso","Safety21 S.p.A.","Velocar Red&Speed EVO-R","ND","503","Dec.App.n.4708_01/08/2016; Dec.sub.tit.n.227_04/07/2025; S.P. ex S.S. 235 di Orzinuovi km 11+720 dir. Lodi e dir. Pavia","08/01/2026 13:19:34","01/12/2025 09:13:36"
"CMPVP320","Provincia di Pavia","G388","342","02/10/2025","Dispositivo rilevamento velocità istantanea fisso","Safety21 S.p.A.","Velocar Red&Speed EVO-R","ND","569","Dec.App.n.4708_01/08/2016; Dec.sub.tit.n.227_04/07/2025; S.P. 205 Vigentina km 4+750 dir. Zeccone e dir. San Genesio ed Uniti","08/01/2026 13:19:34","01/12/2025 09:13:36"
"CMPVP320","Provincia di Pavia","G388","5240","31/08/2017","Sistema rilevamento velocità media","Safety21 S.p.A.","VELOCAR RED&SPEED EVO M","ND","non applicabile","Dec.sub.tit.n.227_04/07/2025; S.P. ex S.S. 412 della Val Tidone dir. Lodi: Portale 1 km 15+865 (ID 467); Portale 2 km 17+188 (ID 535)","08/01/2026 13:19:34","01/12/2025 09:13:36"
"CMPVP320","Provincia di Pavia","G388","5240","31/08/2017","Sistema rilevamento velocità media","Safety21 S.p.A.","VELOCAR RED&SPEED EVO M","ND","non applicabile","Dec.sub.tit.n.227_04/07/2025; S.P. ex S.S. 412 della Val Tidone dir Milano: Portale 1 km 17+188 (ID 527); Portale 2 km 15+865 (ID 528)","08/01/2026 13:19:34","01/12/2025 09:13:36"
"CMPVP320","Provincia di Pavia","G388","5240","31/08/2017","Sistema rilevamento velocità media","Safety21 S.p.A.","VELOCAR RED&SPEED EVO M","ND","non applicabile","Dec.sub.tit.n.227_04/07/2025; S.P. ex S.S. 35 dei Giovi dir. Pavia: Portale 1 km 79+850 (ID 626); Portale 2 km 82+050 (ID 627)","08/01/2026 13:19:34","01/12/2025 09:13:36"
"CMPVP320","Provincia di Pavia","G388","5240","31/08/2017","Sistema rilevamento velocità media","Safety21 S.p.A.","VELOCAR RED&SPEED EVO M","ND","non applicabile","Dec.sub.tit.n.227_04/07/2025; S.P. ex S.S. 35 dei Giovi dir. Bressana Bottarone: Portale 1 km 82+050 (ID 628); Portale 2 km 79+850 (ID 629)","08/01/2026 13:19:34","01/12/2025 09:13:36"
"CMPVP320","Provincia di Pavia","G388","5240","31/08/2017","Sistema rilevamento velocità media","Safety21 S.p.A.","VELOCAR RED&SPEED EVO M","ND","non applicabile","Dec.sub.tit.n.227_04/07/2025; S.S. 617 Bronese dir. Pavia: Portale 1 km 12+758 (ID 622); Portale 2 km 11+635 (ID 623)","08/01/2026 13:19:34","01/12/2025 09:13:36"
"CMPVP320","Provincia di Pavia","G388","5240","31/08/2017","Sistema rilevamento velocità media","Safety21 S.p.A.","VELOCAR RED&SPEED EVO M","ND","non applicabile","Dec.sub.tit.n.227_04/07/2025; S.S. 617 Bronese dir. Broni: Portale 1 km 11+635 (ID 624); Portale 2 km 12+758 (ID 625)","08/01/2026 13:19:34","01/12/2025 09:13:36"
"CMPVP320","Provincia di Pavia","G388","1824","20/03/2000","Dispositivo rilevamento velocità istantanea mobile","Eltraff","Telelaser UltraLyte","unica","UL017810","","08/01/2026 13:19:34","01/12/2025 09:13:36"
"CMPVP320","Provincia di Pavia","G388","288","17/01/2018","Dispositivo rilevamento velocità istantanea mobile","Engine","EnVES EVO MVDm 1507","unica","sensore laser CMP3956242","","08/01/2026 13:19:34","01/12/2025 09:13:36"
"CMPVP320","Provincia di Pavia","G388","5240","31/08/2017","Sistema rilevamento velocità media","Safety21 S.p.A.","VELOCAR RED&SPEED EVO M","ND","non applicabile","Dec.sub.tit.n.227_04/07/2025; S.P. 23 Lungavilla-Voghera dir. Voghera: Portale 1 km 6+750 (ID 626); Portale 2 km 7+786 (ID 627)","08/01/2026 13:19:34","01/12/2025 09:13:36"
"CMPVP320","Provincia di Pavia","G388","5240","31/08/2017","Sistema rilevamento velocità media","Safety21 S.p.A.","VELOCAR RED&SPEED EVO M","ND","non applicabile","Dec.sub.tit.n.227_04/07/2025; S.P. 23 Lungavilla-Voghera dir. Oriolo: Portale 1 km 7+786 (ID 628); Portale 2 km 6+750 (ID 629)","08/01/2026 13:19:34","01/12/2025 09:13:36"
"CMPVP338","POLIZIA LOCALE COMUNE DI SOMMO","I825","6511","21/11/2012","Rilevatore di velocità mobile","OLVIA","VIZIER 2M","VIZIER 2M","1304009","","16/12/2025 16:50:53","16/12/2025 16:50:44"
"CMPZP000","POLIZIA LOCALE COMUNE DI POTENZA","G942","549","21/12/2021","RILEVATORE DI VELOCITA’ IN MODALITA’ ISTANTANEA","PROJECT AUTOMATION SPA","K53800_SPEED","NON APPLICABILE","PASPEEDn22022030450","NOLEGGIO","05/11/2025 19:29:23","05/11/2025 19:29:23"
"CMPZP000","POLIZIA LOCALE COMUNE DI POTENZA","G942","549","21/12/2021","RILEVATORE DI VELOCITA’ IN MODALITA’ ISTANTANEA","PROJECT AUTOMATION SPA","K53800_SPEED","NON APPLICABILE","PASPEEDn22022030451","NOLEGGIO","05/11/2025 19:29:23","05/11/2025 19:29:23"
"CMPZP000","POLIZIA LOCALE COMUNE DI POTENZA","G942","549","21/12/2021","RILEVATORE DI VELOCITA’ IN MODALITA’ ISTANTANEA","PROJECT AUTOMATION SPA","K53800_SPEED","NON APPLICABILE","PASPEEDn22024021232","NOLEGGIO","05/11/2025 19:29:23","05/11/2025 19:29:23"
"CMPZP204","POLIZIA LOCALE COMUNE DI RAPOLLA","CMPZP204","401","19/08/2024","APPARATO RILEVAMENTO VELOCITA' ISTANTANEA","EngiNE SPA","CELERITAS MSE 2021","NON PRESENTE","0X0004EF9D","","20/02/2026 12:28:37","20/02/2026 12:28:37"
"CMPZP205","COMUNE DI SENISE","I610","3758","06/08/2014","RILEVATORE DI VELOCITA' IN MODALITA'  ISTANTANEA","SODI SCIENTIFICA","AUTOVELOX 106","NON PRESENTE","955398","S.S. 653 VALLE DEL SINNI KM 42+870 direzione Jonica","21/01/2026 17:00:01","13/10/2025 08:20:10"
"CMRAP000","COMUNE DI RAVENNA","H199","342","02-10-2025","Dispositivo rilevamento velocità istantanea fisso","Safety21 S.p.A.","Velocar Red&Speed EVO-R","ND","245","SP 101 KM 1+970 loc Mirabilandia direz Dismano","29/10/2025 15:56:31","25/10/2025 08:53:18"
"CMRAP000","COMUNE DI RAVENNA","H199","342","02-10-2025","Dispositivo rilevamento velocità istantanea fisso","Safety21 S.p.A.","Velocar Red&Speed EVO-R","ND","246","SS 16 KM 201+500 loc Coccolia direz Forlì","29/10/2025 15:56:31","25/10/2025 09:38:57"
"CMRAP000","COMUNE DI RAVENNA","H199","342","02-10-2025","Dispositivo rilevamento velocità istantanea fisso","Safety21 S.p.A.","Velocar Red&Speed EVO-R","ND","237","SP 254 KM 15+940 loc Castiglione RA direz Cervia","29/10/2025 15:56:31","25/10/2025 09:38:57"
"CMRAP000","COMUNE DI RAVENNA","H199","342","02-10-2025","Dispositivo rilevamento velocità istantanea fisso","Safety21 S.p.A.","Velocar Red&Speed EVO-R","ND","282","SS 16 KM 161+290 loc Fosso Ghiaia direz Ravenna","29/10/2025 15:56:31","25/10/2025 09:38:57"
"CMRAP000","COMUNE DI RAVENNA","H199","342","02-10-2025","Dispositivo rilevamento velocità istantanea fisso","Safety21 S.p.A.","VRS-EVO-R","VRS-EVO-T12-5-R","518","SP 118 KM 6+740 loc Osteria direz Cesena","29/10/2025 15:56:31","25/10/2025 09:38:57"
"CMRAP000","COMUNE DI RAVENNA","H199","342","02-10-2025","Dispositivo rilevamento velocità istantanea fisso","Safety21 S.p.A.","Velocar Red&Speed EVO-R","ND","405","SS 16 KM 141+065 loc Mezzano","29/10/2025 15:56:31","25/10/2025 09:38:57"
"CMRAP000","COMUNE DI RAVENNA","H199","48","01-03-2021","Dispositivo rilevamento velocità istantanea fisso","Safety21 S.p.A.","AGUIA Red&Speed","AGUIA-T5-5-R","16412","VIA BELLUCCI cv 189 Ravenna direz centro","29/10/2025 15:56:31","25/10/2025 09:38:57"
"CMRAP000","COMUNE DI RAVENNA","H199","242","05-07-2018","Dispositivo rilevamento velocità istantanea mobile","ELTRAFF","TELALES TruCam HD","ND","TC008502","","29/10/2025 15:56:31","25/10/2025 09:38:57"
"CMRAP000","COMUNE DI RAVENNA","H199","242","05-07-2018","Dispositivo rilevamento velocità istantanea mobile","ELTRAFF","TELALES TruCam HD","ND","TC008200","","29/10/2025 15:56:31","25/10/2025 09:38:57"
"CMRAP002","COMUNE DI CERVIA POLIZIA LOCALE","C553","4708","01/08/2016","FISSO MISURA ISTANTANEA","Velocar Srl","Red&Speed","VRS EVO-R","462","vedi anche DM 342 del 02/10/2025","23/01/2026 12:43:14","22/10/2025 14:40:49"
"CMRAP002","COMUNE DI CERVIA POLIZIA LOCALE","C553","242","05/07/2018","MOBILE MISURA ISTANTANEA","Eltraff Srl","Telelaser Tru-Cam","Telelaser TruCam HD","TC007739","","23/01/2026 12:43:14","22/10/2025 14:40:49"
"CMRAP002","COMUNE DI CERVIA POLIZIA LOCALE","C553","549","21/12/2021","FISSO MISURA ISTANTANEA","Project Automation Spa","K53800_SPEED","K53800_SPEED","PASPEEDN22023010798","","23/01/2026 12:43:14","22/10/2025 14:40:49"
"CMRAP002","COMUNE DI CERVIA POLIZIA LOCALE","C553","549","21/12/2021","FISSO MISURA ISTANTANEA","Project Automation Spa","K53800_SPEED","K53800_SPEED","PASPEEDN22023010797","","23/01/2026 12:43:14","22/10/2025 14:40:49"
"CMRAP005","POLIZIA LOCALE UNIONE ROMAGNA FAENTINA","D458","6099","18/11/2015","Dispositivo rilevamento velocità istantanea fisso","Safety21 S.p.A.","Velocar Red&Speed EVO","VRS-EVO-L1","233","Dec.App.n.814_24/02/2015 Dec.sub tit.n.227_04/07/2025 SP 8 ""CANALE NAVIGLIO"" PRIMO TRATTO 4+680 FAENZA-BAGNOCAVALLO","06/02/2026 17:35:25","25/11/2025 09:53:06"
"CMRAP005","POLIZIA LOCALE UNIONE ROMAGNA FAENTINA","C065","342","02/10/2025","Dispositivo rilevamento velocità istantanea fisso","Safety21 S.p.A.","Velocar Red&Speed EVO-R","ND","336","Dec.App.n.4708_01/08/2016 Dec.sub.tit.n.227_04/07/2025 SP47 1+430 RAVENNA-FIRENZE","06/02/2026 17:35:25","25/11/2025 09:53:06"
"CMRAP005","POLIZIA LOCALE UNIONE ROMAGNA FAENTINA","D458","342","02/10/2025","Dispositivo rilevamento velocità istantanea fisso","Safety21 S.p.A.","Velocar Red&Speed EVO-R","ND","347","Dec.App.n.4708_01/08/2016 Dec.sub.tit.n.227_04/07/2025 SP 302 BRISIGHELLESE - RAVENNATE 104+270 FAENZA - RAVENNA","06/02/2026 17:35:25","25/11/2025 09:53:06"
"CMRAP005","POLIZIA LOCALE UNIONE ROMAGNA FAENTINA","D458","342","02/10/2025","Dispositivo rilevamento velocità istantanea fisso","Safety21 S.p.A.","VRS-EVO-R","VRS-EVO-T12-5-R","542","Dec.App.n.4708_01/08/2016 Dec.est.n.129_07/04/2021 Dec.sub.tit.n.227_04/07/2025 VIALE ASSIRELLI (EX SS.9) 61+725 FORLI'","06/02/2026 17:35:25","25/11/2025 09:53:06"
"CMRAP005","POLIZIA LOCALE UNIONE ROMAGNA FAENTINA","D458","342","02/10/2025","Dispositivo rilevamento velocità istantanea fisso","Safety21 S.p.A.","VRS-EVO-R","VRS-EVO-T12-5-R","543","Dec.App.n.4708_01/08/2016 Dec.est.n.129_07/04/2021 Dec.sub.tit.n.227_04/07/2025 VIALE ASSIRELLI (EX SS.9) 62+630 BOLOGNA","06/02/2026 17:35:25","25/11/2025 09:53:06"
"CMRAP005","POLIZIA LOCALE UNIONE ROMAGNA FAENTINA","C065","342","02/10/2025","Dispositivo rilevamento velocità istantanea fisso","Safety21 S.p.A.","VRS-EVO-R","VRS-EVO-T12-5-R","544","Dec.App.n.4708_01/08/2016 Dec.est.n.129_07/04/2021 Dec.sub.tit.n.227_04/07/2025 S.P. 306 CASOLANA 2+174 RIOLO TERME - CASTEL BOLOGNESE","06/02/2026 17:35:25","25/11/2025 09:53:06"
"CMRAP005","POLIZIA LOCALE UNIONE ROMAGNA FAENTINA","D458","1824","20/03/2000","Dispositivo rilevam. velocità istantanea mobile","Eltraff","Telelaser","Ultralyte","UL005691/1406","L’approvazione di durata ventennale è riferita solo alla possibilità di commercializzazione del dispositivo","06/02/2026 17:35:25","26/11/2025 08:14:14"
"CMRAP005","POLIZIA LOCALE UNIONE ROMAGNA FAENTINA","D458","1824","20/03/2000","Dispositivo rilevam. velocità istantanea mobile","Eltraff","Telelaser","Ultralyte","UL005692/1407","L’approvazione di durata ventennale è riferita solo alla possibilità di commercializzazione del dispositivo","06/02/2026 17:35:25","26/11/2025 08:14:14"
"CMRAP005","POLIZIA LOCALE UNIONE ROMAGNA FAENTINA","D458","20923","02/03/2007","Disp. Rilevam. velocità istantanea fisso/mobile","Eltraff","Velomatic","512D","4927/4913/6958","Estensione di approvazione 103683 del 30/12/2010","06/02/2026 17:35:25","26/11/2025 08:14:14"
"CMRAP005","POLIZIA LOCALE UNIONE ROMAGNA FAENTINA","D458","20923","02/03/2007","Disp. Rilevam. velocità istantanea fisso/mobile","Eltraff","Velomatic","512D","5922/5958/5938","Estensione di approvazione 5913 del 17/12/2014","06/02/2026 17:35:25","26/11/2025 08:14:14"
"CMRAP006","Polizia Locale Comune di Russi","H642","3248","13/06/2011","MOBILE","ELTRAFF","TELELASER","TRUCAM HD","TC007063","Estensione di approvazione 0000242 del 05/07/2018","26/11/2025 10:39:23","26/11/2025 10:39:23"
"CMRAP206","POLIZIA LOCALE BASSA ROMAGNA","A191","342","02/10/2025","Dispositivo rilevam. velocita' istantaneo fisso","Safety21 S.p.A.","Velocar Red&Speed EVO-R","ND","295","Dec.App.n.4708_01/08/2016 Dec.sub.tit.n.227_04/07/2025 STRADA STATALE  N.16 ADRIATICA 124+630 RAVENNA_FERRARA","25/11/2025 10:12:48","25/11/2025 08:50:58"
"CMRAP206","POLIZIA LOCALE BASSA ROMAGNA","E730","342","02/10/2025","Dispositivo rilevam. velocita' istantaneo fisso","Safety21 S.p.A.","Velocar Red&Speed EVO-R","ND","374","Dec.App.n.4708_01/08/2016 Dec.sub.tit.n.227_04/07/2025 SP 46 V. SANT'ANDREA 0+750 dir. BAGNACAVALLO bidir.","25/11/2025 10:12:48","25/11/2025 08:50:58"
"CMRAP206","POLIZIA LOCALE BASSA ROMAGNA","D121","342","02/10/2025","Dispositivo rilevam. velocita' istantaneo fisso","Safety21 S.p.A.","Velocar Red&Speed EVO-R","ND","550","Dec.App.n.4708_01/08/2016 Dec.sub.tit.n.227_04/07/2025 S.P. 7 V. CORRIERA N. 32 DIR. FAENZA  bidirezionale","25/11/2025 10:12:48","25/11/2025 08:50:58"
"CMRAP206","POLIZIA LOCALE BASSA ROMAGNA","E730","356","18/08/2021","Dispositivo rilevam. velocita' istantaneo fisso","Maggioli s.p.a.","Autosc@n Speed","ND","2022.0027","S.P. 13 al km 8+036 dir. Lugo_Lavezzola","25/11/2025 10:12:48","25/11/2025 08:50:58"
"CMRAP206","POLIZIA LOCALE BASSA ROMAGNA","A547","356","18/08/2021","Dispositivo rilevam. velocita' istantaneo fisso","Maggioli s.p.a.","Autosc@n Speed","ND","2022.0037","S.P. 253 km 53+345 dir. Lugo_Bagnacavallo","25/11/2025 10:12:48","25/11/2025 08:50:58"
"CMRAP206","POLIZIA LOCALE BASSA ROMAGNA","A191","20923","02/03/2007","Disp. rilevam. Velocita' istantaneo mobile/fisso","Eltraff","Velomatic","512D","34-543-544","Modello Velomatic 512D completo di dispositivo 2F_ Estensione di approvazione 5913 del 17/12/2014","25/11/2025 10:12:48","25/11/2025 08:50:58"
"CMRAP206","POLIZIA LOCALE BASSA ROMAGNA","D829","3248","13/06/2011","Dispositivo rilevam. velocita' istantaneo mobile","Eltraff","Telelaser","Trucam","TC001149","","25/11/2025 10:12:48","25/11/2025 08:50:58"
"CMRAP206","POLIZIA LOCALE BASSA ROMAGNA","F029","3248","13/06/2011","Dispositivo rilevam. velocita' istantaneo mobile","Eltraff","Telelaser","Trucam","TC001156","","25/11/2025 10:12:48","25/11/2025 08:50:58"
"CMRAP206","POLIZIA LOCALE BASSA ROMAGNA","E730","3248","13/06/2011","Dispositivo rilevam. velocita' istantaneo mobile","Eltraff","Telelaser","Trucam","TC001159","","25/11/2025 10:12:48","25/11/2025 08:50:58"
"CMRAP206","POLIZIA LOCALE BASSA ROMAGNA","A547","3248","13/06/2011","Dispositivo rilevam. velocita' istantaneo mobile","Eltraff","Telelaser","Trucam","TC001160","","25/11/2025 10:12:48","25/11/2025 08:50:58"
"CMRAP206","POLIZIA LOCALE BASSA ROMAGNA","A191","3248","13/06/2011","Dispositivo rilevam. velocita' istantaneo mobile","Eltraff","Telelaser","Trucam","TC001164","","25/11/2025 10:12:48","25/11/2025 08:50:58"
"CMRAP206","POLIZIA LOCALE BASSA ROMAGNA","C963","3248","13/06/2011","Dispositivo rilevam. velocita' istantaneo mobile","Eltraff","Telelaser","Trucam HD","TC006385","Estensione di approvazione 0000242 del 05/07/2018","25/11/2025 10:12:48","25/11/2025 08:50:58"
"CMRCP000","Comune di Reggio Calabria Comando Polizia Locale","H224","20923","02/03/2007","FISSO/MOBILE","ELTRAFF","VELOMATIC","512 D","6892-6695","","03/11/2025 14:42:04","03/11/2025 14:42:04"
"CMRCP002","COMUNE DI PALMI COMANDO POLIZIA LOCALE","288 -80057","Decr.Min Infr. R. 3758","06/08/2014","RILEVATORE DI VELOCITA' IN MODALITà ISTANTANEA","SODI SCIENTIFICA","AUTOVELOX 106","106","959309 - 959799","Estensione  Min. Infr. 325 del 27/09/2019 27/09/2019","28/11/2025 08:18:14","03/10/2025 10:24:58"
"CMRCP002","COMUNE DI PALMI COMANDO POLIZIA LOCALE","288 -080057","Decr.Min Infr. R. 3758","06/08/2014","RILEVATORE DI VELOCITA' IN MODALITà ISTANTANEA","SODI SCIENTIFICA","AUTOVELOX 106","106","959267 - 959534","Estensione  Min. Infr. 325 del 27/09/2019 27/09/2019","28/11/2025 08:18:14","03/10/2025 10:24:58"
"CMRCP002","COMUNE DI PALMI COMANDO POLIZIA LOCALE","288 -080057","Decr. Min. Inf. E Traff. 3248","13/06/2011","MOBILE","ELTRAFF","TELELASER","TRUCAM HD","TC008539","Estensione di approvazione 0000242 del 05/07/2018","28/11/2025 08:18:14","28/11/2025 08:18:14"
"CMRCP209","COMUNE DI TAURIANOVA (RC)- Polizia Locale-","L063","20923","02/03/2007","FISSO/MOBILE","ELTRAFF","VELOMATIC","512D+","836/856/885/4514","Estensione di approvazione 0000054 del 08/03/2021","06/10/2025 10:29:43","06/10/2025 10:29:43"
"CMRCP209","COMUNE DI TAURIANOVA (RC)- Polizia Locale-","L063","3248","13/06/2011","MOBILE","ELTRAFF","TELELASER","TRUCAM","TC004721","","06/10/2025 10:29:43","06/10/2025 10:29:43"
"CMREP000","Polizia Locale Comune di Reggio Emilia","H223","5298","27/10/2011","misuratore di velocità in postazione fissa","KRIA","T-EXSPEED V.2.0","2.0","2123","","15/11/2025 12:53:04","15/11/2025 12:53:04"
"CMREP000","Polizia Locale Comune di Reggio Emilia","H223","5298","27/10/2011","misuratore di velocità in postazione fissa","KRIA","T-EXSPEED V.2.0","2.0","2127","","15/11/2025 12:53:04","15/11/2025 12:53:04"
"CMREP000","Polizia Locale Comune di Reggio Emilia","H223","5298","27/10/2011","misuratore di velocità in postazione fissa","KRIA","T-EXSPEED V.2.0","2.0","2136","","15/11/2025 12:53:04","15/11/2025 12:53:04"
"CMREP000","Polizia Locale Comune di Reggio Emilia","H223","5298","27/10/2011","misuratore di velocità in postazione fissa","KRIA","T-EXSPEED V.2.0","2.0","2135","","15/11/2025 12:53:04","15/11/2025 12:53:04"
"CMREP000","Polizia Locale Comune di Reggio Emilia","H223","3248","13/06/2011","misuratore della velocità istantanea di veicoli","ELTRAFF SRL","Telelaser TRUCAM","versione base","TC003577","","15/11/2025 12:53:04","15/11/2025 12:53:04"
"CMREP001","Corpo di Polizia locale Unione Comuni Pianura Reggiana (Correggio - RE)","D037","Decreto Ministero Infrastrutture Trasporti n. 80","21/02/2024","autovelox mobile","Sodi Scientifica SRL","Autovelox 106","non presente","RILEVATORE 950490 - CPU 950557","","22/11/2025 15:32:21","22/11/2025 15:32:21"
"CMREP001","Corpo di Polizia locale Unione Comuni Pianura Reggiana (Correggio - RE)","D037","Decreto Ministero Infrastrutture Trasporti n. 242","05/07/2018","telelaser mobile","ELTRAFF S.r.l.","TELELASER TruCamHD","non presente","TC012034","","22/11/2025 15:32:21","22/11/2025 15:32:21"
"CMREP001","Corpo di Polizia locale Unione Comuni Pianura Reggiana (Correggio - RE)","D037","Decreto Ministero Infrastrutture n. 550","23/12/2021","velox fisso","ENGINE SPA","EnVES EVO MVD 1605","non presente","0x0003BA4E","Correggio direzione Correggio","22/11/2025 15:32:21","22/11/2025 15:32:21"
"CMREP001","Corpo di Polizia locale Unione Comuni Pianura Reggiana (Correggio - RE)","D037","Decreto Ministero Infrastrutture n. 550","23/12/2021","velox fisso","ENGINE SPA","EnVES EVO MVD 1605","non presente","0x0003BA68","Correggio direzione Reggio Emilia","22/11/2025 15:32:21","22/11/2025 15:32:21"
"CMREP001","Corpo di Polizia locale Unione Comuni Pianura Reggiana (Correggio - RE)","D037","Decreto Ministero Infrastrutture n. 550","23/12/2021","velox fisso","ENGINE SPA","EnVES EVO MVD 1605","non presente","0x0003BA4B","Rio Saliceto direzione Est","22/11/2025 15:32:21","22/11/2025 15:32:21"
"CMREP001","Corpo di Polizia locale Unione Comuni Pianura Reggiana (Correggio - RE)","D037","Decreto Ministero Infrastrutture n. 550","23/12/2021","velox fisso","ENGINE SPA","EnVES EVO MVD 1605","non presente","0x0003BA58","Rio Saliceto direzione ovest","22/11/2025 15:32:21","22/11/2025 15:32:21"
"CMREP004","POLIZIA LOCALE UNIONE BASSA REGGIANA","E253","350","16/08/2021","Sistema rilevamento velocità media","Safety21 S.p.A.","VRS-EVO-R","VRS-EVO-T12-5-R","621","Dec.App.n.5240_31/08/2017 Dec.sub.tit.n.227_04/07/2025  S.P. 62-R Var. Cispadana 16+053 BORETTO","27/10/2025 10:12:43","27/10/2025 10:12:43"
"CMREP004","POLIZIA LOCALE UNIONE BASSA REGGIANA","E253","350","16/08/2021","Sistema rilevamento velocità media","Safety21 S.p.A.","VRS-EVO-R","VRS-EVO-T12-5-R","648","Dec.App.n.5240_31/08/2017 Dec.sub.tit.n.227_04/07/2025  S.P. 62-R Var. Cispadana 19+940 BORETTO","27/10/2025 10:12:43","27/10/2025 10:12:43"
"CMREP004","POLIZIA LOCALE UNIONE BASSA REGGIANA","E253","350","16/08/2021","Sistema rilevamento velocità media","Safety21 S.p.A.","VRS-EVO-R","VRS-EVO-T12-5-R","649","Dec.App.n.5240_31/08/2017 Dec.sub.tit.n.227_04/07/2025  S.P. 62-R Var. Cispadana 19+940 GUALTIERI","27/10/2025 10:12:43","27/10/2025 10:12:43"
"CMREP004","POLIZIA LOCALE UNIONE BASSA REGGIANA","E253","350","16/08/2021","Sistema rilevamento velocità media","Safety21 S.p.A.","VRS-EVO-R","VRS-EVO-T12-5-R","660","Dec.App.n.5240_31/08/2017 Dec.sub.tit.n.227_04/07/2025  S.P. 62-R Var. Cispadana 16+053 GUALTIERI","27/10/2025 10:12:43","27/10/2025 10:12:43"
"CMREP004","POLIZIA LOCALE UNIONE BASSA REGGIANA","E253","350","16/08/2021","Sistema rilevamento velocità media","Safety21 S.p.A.","VRS-EVO-R","VRS-EVO-T12-5-R","661","Dec.App.n.5240_31/08/2017 Dec.sub.tit.n.227_04/07/2025  S.P. 62-R Var. Cispadana 0+915 GUASTALLA","27/10/2025 10:12:43","27/10/2025 10:12:43"
"CMREP004","POLIZIA LOCALE UNIONE BASSA REGGIANA","E253","350","16/08/2021","Sistema rilevamento velocità media","Safety21 S.p.A.","VRS-EVO-R","VRS-EVO-T12-5-R","662","Dec.App.n.5240_31/08/2017 Dec.sub.tit.n.227_04/07/2025  S.P. 62-R Var. Cispadana 4+821 GUASTALLA","27/10/2025 10:12:43","27/10/2025 10:12:43"
"CMREP004","POLIZIA LOCALE UNIONE BASSA REGGIANA","E253","350","16/08/2021","Sistema rilevamento velocità media","Safety21 S.p.A.","VRS-EVO-R","VRS-EVO-T12-5-R","663","Dec.App.n.5240_31/08/2017 Dec.sub.tit.n.227_04/07/2025  S.P. 62-R Var. Cispadana 4+821 SUZZARA","27/10/2025 10:12:43","27/10/2025 10:12:43"
"CMREP004","POLIZIA LOCALE UNIONE BASSA REGGIANA","E253","350","16/08/2021","Sistema rilevamento velocità media","Safety21 S.p.A.","VRS-EVO-R","VRS-EVO-T12-5-R","664","Dec.App.n.5240_31/08/2017 Dec.sub.tit.n.227_04/07/2025  S.P. 62-R Var. Cispadana 0+915 SUZZARA","27/10/2025 10:12:43","27/10/2025 10:12:43"
"CMREP004","POLIZIA LOCALE UNIONE BASSA REGGIANA","E253","350","16/08/2021","Sistema rilevamento velocità media","Safety21 S.p.A.","VRS-EVO-R","VRS-EVO-T12-5-R","665","Dec.App.n.5240_31/08/2017 Dec.sub.tit.n.227_04/07/2025  S.P. 5 Novellara Reggiolo 7+130 NOVELLARA","27/10/2025 10:12:43","27/10/2025 10:12:43"
"CMREP004","POLIZIA LOCALE UNIONE BASSA REGGIANA","E253","350","16/08/2021","Sistema rilevamento velocità media","Safety21 S.p.A.","VRS-EVO-R","VRS-EVO-T12-5-R","666","Dec.App.n.5240_31/08/2017 Dec.sub.tit.n.227_04/07/2025  S.P. 5 Novellara Reggiolo 2+678 NOVELLARA","27/10/2025 10:12:43","27/10/2025 10:12:43"
"CMREP004","POLIZIA LOCALE UNIONE BASSA REGGIANA","E253","350","16/08/2021","Sistema rilevamento velocità media","Safety21 S.p.A.","VRS-EVO-R","VRS-EVO-T12-5-R","667","Dec.App.n.5240_31/08/2017 Dec.sub.tit.n.227_04/07/2025  S.P. 5 Novellara Reggiolo 2+660 REGGIOLO","27/10/2025 10:12:43","27/10/2025 10:12:43"
"CMREP004","POLIZIA LOCALE UNIONE BASSA REGGIANA","E253","350","16/08/2021","Sistema rilevamento velocità media","Safety21 S.p.A.","VRS-EVO-R","VRS-EVO-T12-5-R","668","Dec.App.n.5240_31/08/2017 Dec.sub.tit.n.227_04/07/2025  S.P. 5 Novellara Reggiolo 7+185 REGGIOLO","27/10/2025 10:12:43","27/10/2025 10:12:43"
"CMREP004","POLIZIA LOCALE UNIONE BASSA REGGIANA","E253","350","16/08/2021","Sistema rilevamento velocità media","Safety21 S.p.A.","VRS-EVO-R","VRS-EVO-T12-5-R","669","Dec.App.n.5240_31/08/2017 Dec.sub.tit.n.227_04/07/2025  S.P. 111 Asse Val d’Enza 13+610 BORETTO","27/10/2025 10:12:43","27/10/2025 10:12:43"
"CMREP004","POLIZIA LOCALE UNIONE BASSA REGGIANA","E253","350","16/08/2021","Sistema rilevamento velocità media","Safety21 S.p.A.","VRS-EVO-R","VRS-EVO-T12-5-R","755","Dec.App.n.5240_31/08/2017 Dec.sub.tit.n.227_04/07/2025  S.P. 111 Asse Val d’Enza 14+780 BORETTO","27/10/2025 10:12:43","27/10/2025 10:12:43"
"CMREP004","POLIZIA LOCALE UNIONE BASSA REGGIANA","E253","350","16/08/2021","Sistema rilevamento velocità media","Safety21 S.p.A.","VRS-EVO-R","VRS-EVO-T12-5-R","756","Dec.App.n.5240_31/08/2017 Dec.sub.tit.n.227_04/07/2025  S.P. 111 Asse Val d’Enza 14+780 POVIGLIO","27/10/2025 10:12:43","27/10/2025 10:12:43"
"CMREP004","POLIZIA LOCALE UNIONE BASSA REGGIANA","E253","350","16/08/2021","Sistema rilevamento velocità media","Safety21 S.p.A.","VRS-EVO-R","VRS-EVO-T12-5-R","757","Dec.App.n.5240_31/08/2017 Dec.sub.tit.n.227_04/07/2025  S.P. 111 Asse Val d’Enza 13+610 POVIGLIO","27/10/2025 10:12:43","27/10/2025 10:12:43"
"CMREP004","POLIZIA LOCALE UNIONE BASSA REGGIANA","E253","1323","08/03/2012","dispositivo di misurazione istantanea di velocità","SINTEL ITALIA","SCOUT SPEED","SCOUT SPEED","HW 4224","nessuna","27/10/2025 10:12:43","27/10/2025 10:12:43"
"CMREP004","POLIZIA LOCALE UNIONE BASSA REGGIANA","E253","48","01/03/2021","dispositivo velocità istantanea","Safety21 S.p.A.","AGUIA Red Speed","AGUIAT5 5 R","16279","nessuna","27/10/2025 10:12:43","27/10/2025 10:12:43"
"CMREP005","UNIONE DEI COMUNI TRESINARO SECCHIA","U002","342","02/10/2025","VELOX FISSO","VELOCAR SRL","VRS EVO-R","VRS-EVO-T12-5-R","559","","07/03/2026 14:07:59","20/10/2025 11:10:25"
"CMREP005","UNIONE DEI COMUNI TRESINARO SECCHIA","U002","342","02/10/2025","VELOX FISSO","VELOCAR SRL","VRS EVO-R","VRS-EVO-T12-5-R","560","","07/03/2026 14:07:59","20/10/2025 11:10:25"
"CMREP005","UNIONE DEI COMUNI TRESINARO SECCHIA","U002","342","02/10/2025","VELOX FISSO","VELOCAR SRL","VRS EVO-R","VRS-EVO-T12-5-R","644","","07/03/2026 14:07:59","20/10/2025 11:10:25"
"CMREP005","UNIONE DEI COMUNI TRESINARO SECCHIA","U002","342","02/10/2025","VELOX FISSO","VELOCAR SRL","VRS EVO-R","VRS-EVO-T12-5-R","645","","07/03/2026 14:07:59","20/10/2025 11:10:25"
"CMREP005","UNIONE DEI COMUNI TRESINARO SECCHIA","U002","476","09/12/2025","VELOX MOBILE","SODI SCIENTIFICA SRL","AUTOVELOX 106","106","957205","","07/03/2026 14:07:59","20/10/2025 11:10:25"
"CMREP005","UNIONE DEI COMUNI TRESINARO SECCHIA","U002","1824","20/03/2000","VELOX MOBILE","ELTRAFF SRL","TELELASER","ULTRALYTE","UL022032","","07/03/2026 14:07:59","20/10/2025 11:10:25"
"CMREP201","COMANDO POLIZIA LOCALE UNIONE COLLINE MATILDICHE","H122 - A162 - L820","288","17/01/2018","velox 142","ENGINE","EnVES EVO","MVDm1507","sensore laser CMP3839181","","18/11/2025 17:49:59","18/11/2025 17:49:59"
"CMREP201","COMANDO POLIZIA LOCALE UNIONE COLLINE MATILDICHE","H122 - A162 - L820","1824","20/03/2000","Telelaser","ELTRAFF SRL","TELELASER","ULTRALYTE","UL005361","","18/11/2025 17:49:59","18/11/2025 17:49:59"
"CMREP201","COMANDO POLIZIA LOCALE UNIONE COLLINE MATILDICHE","H122 - A162 - L820","1824","20/03/2000","Telelaser","ELTRAFF SRL","TELELASER","ULTRALYTE","UL015856","","18/11/2025 17:49:59","18/11/2025 17:49:59"
"CMREP208","Polizia Locale Unione Val d'Enza","F463","903","27/06/2006","Rilevatore di velocità in modalità istantanea","Sodi scientifica","Autovelox 104/e","non presente","925615","","01/12/2025 16:58:04","01/12/2025 16:58:04"
"CMREP208","Polizia Locale Unione Val d'Enza","F463","2483","10/11/1993","Rilevatore di velocità in modalità istantanea","Sodi scientifica","Autovelox 104/C-2","non presente","912955","","01/12/2025 16:58:04","01/12/2025 16:58:04"
"CMREP208","Polizia Locale Unione Val d'Enza","F463","20923","02/03/2007","Fisso/Mobile","Eltraff","Velomatic","512","00274-00728-00729","","01/12/2025 16:58:04","01/12/2025 16:58:04"
"CMREP208","Polizia Locale Unione Val d'Enza","F463","1824","20/03/2000","Mobile","Eltraff","Telelaser","Ultralyte","UL003336","","01/12/2025 16:58:04","01/12/2025 16:58:04"
"CMREP208","Polizia Locale Unione Val d'Enza","F463","1824","20/03/2000","Mobile","Eltraff","Telelaser","Microdigicam","Ul007754","Estensione approvazione n° 534 del 08/05/2003","01/12/2025 16:58:04","01/12/2025 16:58:04"
"CMREP208","Polizia Locale Unione Val d'Enza","F463","3248","13/06/2011","Mobile","Eltraff","Telelaser","Truspeed","TS007285","","01/12/2025 16:58:04","01/12/2025 16:58:04"
"CMREP208","Polizia Locale Unione Val d'Enza","F463","342","01/08/2016","Dispositivo rilevamento velocità istantaneo fisso","Safety 21 Spa","Velocar Red&Speed EVO R","ND","531","Dec.Appn.4708_01/08/2016 Dec.sub.tit.n.227_04/07/2025 SP12 9+583 NORD-SUD","01/12/2025 16:58:04","01/12/2025 16:58:04"
"CMREP208","Polizia Locale Unione Val d'Enza","F463","342","01/08/2016","Dispositivo rilevamento velocità istantaneo fisso","Safety 21 Spa","Velocar Red&Speed EVO R","ND","521","Dec.Appn.4708_01/08/2016 Dec.sub.tit.n.227_04/07/2025 SP28 8+774 REGGIO EMILIA","01/12/2025 16:58:04","01/12/2025 16:58:04"
"CMREP221","Unione Terra di Mezzo","A564 B336 C218","dm 0000042","17/02/2026","mobile","Eltraff","telelaser","TruCamHD","TC0144436","","23/03/2026 11:59:17","23/03/2026 11:59:17"
"CMRGP002","polizia municipale comune di vittoria","m088","3758","06/08/2014","rilevatore di velocita in modalita istantanea","sodi scientifica","autovelox 106","non presente","956347","","11/11/2025 10:30:59","11/11/2025 10:30:59"
"CMRGP002","polizia municipale comune di vittoria","m088","3758","06/08/2014","rilevatore di velocita in modalita istantanea","sodi scientifica","autovelox 106","non presente","959067","","11/11/2025 10:30:59","11/11/2025 10:30:59"
"CMRGP002","polizia municipale comune di vittoria","m088","3248","13/06/2011","mobile","eltraff","telelaser","trucam","tc003163","","11/11/2025 10:30:59","11/11/2025 10:30:59"
"CMRGP202","COMANDO POLIZIA MUNICIPALE RAGUSA","H163","3248","13/06/2011","MOBILE","ELTRAFF","TELELASER","TRUCAM","TC004734","","27/11/2025 16:52:41","27/11/2025 16:52:41"
"CMRGP204","POLIZIA LOCALE COMISO","C927","3758-380","06/08/2014-26/07/2024","AUTOVELOX MOBILE","SODI SCIENTIFICA","106","STANDARD BIDI","CPU949124-950032","","21/11/2025 11:39:13","21/11/2025 11:39:13"
"CMRGP209","POLIZIA_MUNICIPALE","I535","3248","13/06/2011","MOBILE","ELTRAFF","TELELASER","TRUCAM_HD","TC008496","","08/10/2025 06:33:48","08/10/2025 06:33:48"
"CMRIP000","polizia locale comune di rieti","h282","342","02/10/2025","dispositivo rilevamento velocita istantanea fisso","Safety21 S.p.A.","Velocar Red&Speed EVO-R","ND","367","dec.app.n.4708_01/08/2016 dec.sub.tit.n.227_04/07/2025 SS 4 SALARIA 75_880 ROMA-TERNI","03/11/2025 13:18:02","03/11/2025 13:18:02"
"CMRIP000","polizia locale comune di rieti","h282","342","02/10/2025","Dispositivo rilevamento velocita istantanea fisso","Safety21 S.p.A.","Velocar Red&Speed EVO-R","ND","450","Dec.App.n.4708_01/08/2016 Dec.sub.tit.n.227_04/07/2025 SS701 1+830 NUCLEO INDUSTRIALE/OSPEDALE","03/11/2025 13:18:02","03/11/2025 13:18:02"
"CMRIP001","COMANDO POLIZIA LOCALE FARA IN SABINA","D493","3248","13-giu-11","MOBILE","ELTRAFF","TELELASER","TRUCAM","TC005260","","17/10/2025 16:31:50","17/10/2025 16:31:50"
"CMRIP202","POLIZIA LOCALE COMUNE DI POGGIO MOIANO","G764","decr. N. 354 e n. 1122","05/02/2003 e 16/05/2005","AUTOVELOX 105SE","SODI SCIENTIFICA SRL","AUTOVELOX 105SE","AUTOVELOX 105SE","933926(RILEVATORE) - 948575(ELABORATORE)","località SS4 KM 54DIR RIETI","23/10/2025 12:31:33","23/10/2025 12:31:33"
"CMRIP207","Polizia Locale - Comune di Magliano Sabina","E812","342","02/10/2025","Dispositivo rilevamento velocità istantanea fisso","Safety21 S.p.A.","Velocar Red&Speed EVO-R","ND","549","Dec.App.n.4708_01/08/2016 Dec.sub.tit.n.227_04/07/2025 SS3 - VIA FLAMINIA 64+400 TERNI ROMA","24/10/2025 11:56:29","24/10/2025 11:56:29"
"CMRIP210","Comune di Antrodoco - Polizia Locale","A315","2483","10/11/1993","rilevatore di velocità in modalità istantanea","Sodi scientifica","Autovelox 104/C-2","non presente","47190","","18/11/2025 11:33:13","18/11/2025 11:33:13"
"CMRIP210","Comune di Antrodoco - Polizia Locale","A315","2483","10/11/1993","rilevatore di velocità in modalità istantanea","Sodi scientifica","Autovelox 104/C-2","non presente","937264","","18/11/2025 11:33:13","18/11/2025 11:33:13"
"CMRIP210","Comune di Antrodoco - Polizia Locale","A315","1824","20/03/2000","rilevatore di velocità in modalità istantanea","Eltraff srl","Telelaser Ultralyte","non presente","UL004671","","18/11/2025 11:33:13","18/11/2025 11:33:13"
"CMRIP213","DMMFFN POLIZIA LOCALE COMUNE DI TORRICELLA IN SABINA","L293","48","01/03/2021","DISPOSITIVO RILEVAMENTO VELOCITA' ISTANTANEA FISSO","SAFETY21 S.P.A","AGUIA RED & SPEED","AGUIA-T5-5-R","16423","Dec. Sub. Tit. n. 227_04/07/2025KM 60+926 SS 4 RIETI","19/11/2025 13:31:33","19/11/2025 13:06:07"
"CMRIP216","polizia_locale_comune_poggio_san_lorenzo","G892","3341","16_04_2021","dispositivo_rilevamento_velocita_istantanea","laser_technology_incorporated","telelaser_trucam","nd","tc001952","STRADA_STATALE_ 4SALARIA _posizionato_km56_130","06/11/2025 10:56:43","06/11/2025 10:56:43"
"CMRMP000","POLIZIA ROMA CAPITALE","H501","3248","13/06/2011","Rilevatore di velocita in modalita istantanea","ELTRAFF SRL","TELELASER","TRUCAM HD","TC007753","estensione di approvazione 0000242 del 05/07/2018","19/11/2025 12:17:16","31/10/2025 12:52:10"
"CMRMP000","POLIZIA ROMA CAPITALE","H501","3248","13/06/2011","Rilevatore di velocita in modalita istantanea","ELTRAFF SRL","TELELASER","TRUCAM HD","TC007755","estensione di approvazione 0000242 del 05/07/2018","19/11/2025 12:17:16","31/10/2025 12:52:10"
"CMRMP000","POLIZIA ROMA CAPITALE","H501","3248","13/06/2011","Rilevatore di velocita in modalita istantanea","ELTRAFF SRL","TELELASER","TRUCAM HD","TC007756","estensione di approvazione 0000242 del 05/07/2018","19/11/2025 12:17:16","31/10/2025 12:52:10"
"CMRMP000","POLIZIA ROMA CAPITALE","H501","3248","13/06/2011","Rilevatore di velocita in modalita istantanea","ELTRAFF SRL","TELELASER","TRUCAM HD","TC007758","estensione di approvazione 0000242 del 05/07/2018","19/11/2025 12:17:16","31/10/2025 12:52:10"
"CMRMP000","POLIZIA ROMA CAPITALE","H501","3758","06/08/2014","Rilevatore di velocita in modalita istantanea","SODI SCIENTIFICA SRL","AUTOVELOX","106","954718/953509","estensione di approvazione 5478 18/11/2014_3299 06/07/2015_1276 06/03/2017_4630 19/07/2017_143 22/05/2018_325 27/09/2019_554 24/12/2021_80 21/02/2024","19/11/2025 12:17:16","10/11/2025 19:45:25"
"CMRMP000","POLIZIA ROMA CAPITALE","H501","3758","06/08/2014","Rilevatore di velocita in modalita istantanea","SODI SCIENTIFICA SRL","AUTOVELOX","106","954719/953507","estensione di approvazione 5478 18/11/2014_3299 06/07/2015_1276 06/03/2017_4630 19/07/2017_143 22/05/2018_325 27/09/2019_554 24/12/2021_80 21/02/2024","19/11/2025 12:17:16","10/11/2025 19:45:25"
"CMRMP000","POLIZIA ROMA CAPITALE","H501","3758","06/08/2014","Rilevatore di velocita in modalita istantanea","SODI SCIENTIFICA SRL","AUTOVELOX","106","954720/ 953511","estensione di approvazione 5478 18/11/2014_3299 06/07/2015_1276 06/03/2017_4630 19/07/2017_143 22/05/2018_325 27/09/2019_554 24/12/2021_80 21/02/2024","19/11/2025 12:17:16","10/11/2025 19:45:25"
"CMRMP000","POLIZIA ROMA CAPITALE","H501","3758","06/08/2014","Rilevatore di velocita in modalita istantanea","SODI SCIENTIFICA SRL","AUTOVELOX","106","954721/953513","estensione di approvazione 5478 18/11/2014_3299 06/07/2015_1276 06/03/2017_4630 19/07/2017_143 22/05/2018_325 27/09/2019_554 24/12/2021_80 21/02/2024","19/11/2025 12:17:16","10/11/2025 19:45:25"
"CMRMP000","POLIZIA ROMA CAPITALE","H501","3758","06/08/2014","Rilevatore di velocita in modalita istantanea","SODI SCIENTIFICA SRL","AUTOVELOX","106","954729/953510","estensione di approvazione 5478 18/11/2014_3299 06/07/2015_1276 06/03/2017_4630 19/07/2017_143 22/05/2018_325 27/09/2019_554 24/12/2021_80 21/02/2024","19/11/2025 12:17:16","10/11/2025 19:45:25"
"CMRMP000","POLIZIA ROMA CAPITALE","H501","3758","06/08/2014","Rilevatore di velocita in modalita istantanea","SODI SCIENTIFICA SRL","AUTOVELOX","106","954730/953501","estensione di approvazione 5478 18/11/2014_3299 06/07/2015_1276 06/03/2017_4630 19/07/2017_143 22/05/2018_325 27/09/2019_554 24/12/2021_80 21/02/2024","19/11/2025 12:17:16","10/11/2025 19:45:25"
"CMRMP000","POLIZIA ROMA CAPITALE","H501","3758","06/08/2014","Rilevatore di velocita in modalita istantanea","SODI SCIENTIFICA SRL","AUTOVELOX","106","954731/953508","estensione di approvazione 5478 18/11/2014_3299 06/07/2015_1276 06/03/2017_4630 19/07/2017_143 22/05/2018_325 27/09/2019_554 24/12/2021_80 21/02/2024","19/11/2025 12:17:16","10/11/2025 19:45:25"
"CMRMP000","POLIZIA ROMA CAPITALE","H501","354","05/02/2003","Rilevatore di velocita in modalita istantanea","SODI SCIENTIFICA SRL","AUTOVELOX","105 SE","941696/940733","estensione di approvazione 1122 16/05/2005_83717 11/09/2007_102080 26/11/2009_3556 30/06/2011","19/11/2025 12:17:16","10/11/2025 19:45:25"
"CMRMP000","POLIZIA ROMA CAPITALE","H501","354","05/02/2003","Rilevatore di velocita in modalita istantanea","SODI SCIENTIFICA SRL","AUTOVELOX","105 SE","941695/937898","estensione di approvazione 1122 16/05/2005_83717 11/09/2007_102080 26/11/2009_3556 30/06/2011","19/11/2025 12:17:16","10/11/2025 19:45:25"
"CMRMP000","POLIZIA ROMA CAPITALE","H501","354","05/02/2003","Rilevatore di velocita in modalita istantanea","SODI SCIENTIFICA SRL","AUTOVELOX","105 SE","942563/920216","estensione di approvazione 1122 16/05/2005_83717 11/09/2007_102080 26/11/2009_3556 30/06/2011","19/11/2025 12:17:16","10/11/2025 19:45:25"
"CMRMP000","POLIZIA ROMA CAPITALE","H501","354","05/02/2003","Rilevatore di velocita in modalita istantanea","SODI SCIENTIFICA SRL","AUTOVELOX","105 SE","941345/940732","estensione di approvazione 1122 16/05/2005_83717 11/09/2007_102080 26/11/2009_3556 30/06/2011","19/11/2025 12:17:16","10/11/2025 19:45:25"
"CMRMP000","POLIZIA ROMA CAPITALE","H501","354","05/02/2003","Rilevatore di velocita in modalita istantanea","SODI SCIENTIFICA SRL","AUTOVELOX","105 SE","941346/940738","estensione di approvazione 1122 16/05/2005_83717 11/09/2007_102080 26/11/2009_3556 30/06/2011","19/11/2025 12:17:16","10/11/2025 19:45:25"
"CMRMP000","POLIZIA ROMA CAPITALE","H501","354","05/02/2003","Rilevatore di velocita in modalita istantanea","SODI SCIENTIFICA SRL","AUTOVELOX","105 SE","922563/920218","estensione di approvazione 1122 16/05/2005_83717 11/09/2007_102080 26/11/2009_3556 30/06/2011","19/11/2025 12:17:16","10/11/2025 19:45:25"
"CMRMP000","POLIZIA ROMA CAPITALE","H501","354","05/02/2003","Rilevatore di velocita in modalita istantanea","SODI SCIENTIFICA SRL","AUTOVELOX","105 SE","941344/940735","estensione di approvazione 1122 16/05/2005_83717 11/09/2007_102080 26/11/2009_3556 30/06/2011","19/11/2025 12:17:16","10/11/2025 19:45:25"
"CMRMP000","POLIZIA ROMA CAPITALE","H501","354","05/02/2003","Rilevatore di velocita in modalita istantanea","SODI SCIENTIFICA SRL","AUTOVELOX","105 SE","941693/909731","estensione di approvazione 1122 16/05/2005_83717 11/09/2007_102080 26/11/2009_3556 30/06/2011","19/11/2025 12:17:16","10/11/2025 19:45:25"
"CMRMP000","POLIZIA ROMA CAPITALE","H501","354","05/02/2003","Rilevatore di velocita in modalita istantanea","SODI SCIENTIFICA SRL","AUTOVELOX","105 SE","922168/909740","estensione di approvazione 1122 16/05/2005_83717 11/09/2007_102080 26/11/2009_3556 30/06/2011","19/11/2025 12:17:16","10/11/2025 19:45:25"
"CMRMP000","POLIZIA ROMA CAPITALE","H501","354","05/02/2003","Rilevatore di velocita in modalita istantanea","SODI SCIENTIFICA SRL","AUTOVELOX","105 SE","922560/940737","estensione di approvazione 1122 16/05/2005_83717 11/09/2007_102080 26/11/2009_3556 30/06/2011","19/11/2025 12:17:16","10/11/2025 19:45:25"
"CMRMP000","POLIZIA ROMA CAPITALE","H501","354","05/02/2003","Rilevatore di velocita in modalita istantanea","SODI SCIENTIFICA SRL","AUTOVELOX","105 SE","942561/941355","estensione di approvazione 1122 16/05/2005_83717 11/09/2007_102080 26/11/2009_3556 30/06/2011","19/11/2025 12:17:16","10/11/2025 19:45:25"
"CMRMP000","POLIZIA ROMA CAPITALE","H501","354","05/02/2003","Rilevatore di velocita in modalita istantanea","SODI SCIENTIFICA SRL","AUTOVELOX","105 SE","941692/940739","estensione di approvazione 1122 16/05/2005_83717 11/09/2007_102080 26/11/2009_3556 30/06/2011","19/11/2025 12:17:16","10/11/2025 19:45:25"
"CMRMP000","POLIZIA ROMA CAPITALE","H501","354","05/02/2003","Rilevatore di velocita in modalita istantanea","SODI SCIENTIFICA SRL","AUTOVELOX","105 SE","941689/940726","estensione di approvazione 1122 16/05/2005_83717 11/09/2007_102080 26/11/2009_3556 30/06/2011","19/11/2025 12:17:16","10/11/2025 19:45:25"
"CMRMP000","POLIZIA ROMA CAPITALE","H501","354","05/02/2003","Rilevatore di velocita in modalita istantanea","SODI SCIENTIFICA SRL","AUTOVELOX","105 SE","942559/941019","estensione di approvazione 1122 16/05/2005_83717 11/09/2007_102080 26/11/2009_3556 30/06/2011","19/11/2025 12:17:16","10/11/2025 19:45:25"
"CMRMP000","POLIZIA ROMA CAPITALE","H501","4671","28/07/2016","Rilevatore di velocita media e puntuale","Engine spa","CELERITAS EVO","1506","AL1004H/AL1006H","estensione di approvazione 4018 21/06/2017_552 23/12/2021","19/11/2025 12:17:16","19/11/2025 10:07:50"
"CMRMP000","POLIZIA ROMA CAPITALE","H501","4671","28/07/2016","Rilevatore di velocita media e puntuale","Engine spa","CELERITAS EVO","1506","AL1006H/AK0780H","estensione di approvazione 4018 21/06/2017_552 23/12/2021","19/11/2025 12:17:16","19/11/2025 10:07:50"
"CMRMP000","POLIZIA ROMA CAPITALE","H501","4671","28/07/2016","Rilevatore di velocita media e puntuale","Engine spa","CELERITAS EVO","1506","AK0780H/AL1005H","estensione di approvazione 4018 21/06/2017_552 23/12/2021","19/11/2025 12:17:16","19/11/2025 10:07:50"
"CMRMP000","POLIZIA ROMA CAPITALE","H501","4671","28/07/2016","Rilevatore di velocita media e puntuale","Engine spa","CELERITAS EVO","1506","AL1007H/AL1003H","estensione di approvazione 4018 21/06/2017_552 23/12/2021","19/11/2025 12:17:16","19/11/2025 10:07:50"
"CMRMP000","POLIZIA ROMA CAPITALE","H501","4671","28/07/2016","Rilevatore di velocita media e puntuale","Engine spa","CELERITAS EVO","1506","AL1003H/AL1001H","estensione di approvazione 4018 21/06/2017_552 23/12/2021","19/11/2025 12:17:16","19/11/2025 10:07:50"
"CMRMP000","POLIZIA ROMA CAPITALE","H501","4671","28/07/2016","Rilevatore di velocita media e puntuale","Engine spa","CELERITAS EVO","1506","AL1001H/AL1008H","estensione di approvazione 4018 21/06/2017_552 23/12/2021","19/11/2025 12:17:16","19/11/2025 10:07:50"
"CMRMP000","POLIZIA ROMA CAPITALE","H501","305","20/06/2024","Rilevatore di velocita media e istantanea","movyon spa","Tutor","3.0","CF02200_3V10361Z110/CF02200_3V10361Z117","","19/11/2025 12:17:16","19/11/2025 10:07:50"
"CMRMP000","POLIZIA ROMA CAPITALE","H501","305","20/06/2024","Rilevatore di velocita media e istantanea","movyon spa","Tutor","3.0","CF02200_3V10361Z109/CF02200_3V10361Z12B","","19/11/2025 12:17:16","19/11/2025 10:07:50"
"CMRMP000","POLIZIA ROMA CAPITALE","H501","549","21/12/2021","Rilevatore di velocita istantanea","Project Automation spa","K53800","SPEED","PASPEEDn22024011208","","19/11/2025 12:17:16","19/11/2025 10:07:50"
"CMRMP000","POLIZIA ROMA CAPITALE","H501","549","21/12/2021","Rilevatore di velocita istantanea","Project Automation spa","K53800","SPEED","PASPEEDn22023121182","","19/11/2025 12:17:16","19/11/2025 10:07:50"
"CMRMP000","POLIZIA ROMA CAPITALE","H501","549","21/12/2021","Rilevatore di velocita istantanea","Project Automation spa","K53800","SPEED","PASPEEDn22024021243","","19/11/2025 12:17:16","19/11/2025 10:07:50"
"CMRMP000","POLIZIA ROMA CAPITALE","H501","549","21/12/2021","Rilevatore di velocita istantanea","Project Automation spa","K53800","SPEED","PASPEEDn22024011207","","19/11/2025 12:17:16","19/11/2025 10:07:50"
"CMRMP000","POLIZIA ROMA CAPITALE","H501","3758","06/08/2014","Rilevatore di velocita in modalita istantanea","SODI SCIENTIFICA SRL","AUTOVELOX","106SE","961489/959594","estensione di approvazione 5478 18/11/14_3299 06/07/15_1276 06/03/17_4630 19/07/17_143 22/05/18_325 27/09/19_554 24/12/21_80 21/02/24_380 26/07/24","19/11/2025 12:17:16","19/11/2025 12:17:16"
"CMRMP000","POLIZIA ROMA CAPITALE","H501","3758","06/08/2014","Rilevatore di velocita in modalita istantanea","SODI SCIENTIFICA SRL","AUTOVELOX","106SE","961498/960467","estensione di approvazione 5478 18/11/14_3299 06/07/15_1276 06/03/17_4630 19/07/17_143 22/05/18_325 27/09/19_554 24/12/21_80 21/02/24_380 26/07/24","19/11/2025 12:17:16","19/11/2025 12:17:16"
"CMRMP000","POLIZIA ROMA CAPITALE","H501","3758","06/08/2014","Rilevatore di velocita in modalita istantanea","SODI SCIENTIFICA SRL","AUTOVELOX","106SE","961494/960471","estensione di approvazione 5478 18/11/14_3299 06/07/15_1276 06/03/17_4630 19/07/17_143 22/05/18_325 27/09/19_554 24/12/21_80 21/02/24_380 26/07/24","19/11/2025 12:17:16","19/11/2025 12:17:16"
"CMRMP000","POLIZIA ROMA CAPITALE","H501","3758","06/08/2014","Rilevatore di velocita in modalita istantanea","SODI SCIENTIFICA SRL","AUTOVELOX","106SE","961338/960470","estensione di approvazione 5478 18/11/14_3299 06/07/15_1276 06/03/17_4630 19/07/17_143 22/05/18_325 27/09/19_554 24/12/21_80 21/02/24_380 26/07/24","19/11/2025 12:17:16","19/11/2025 12:17:16"
"CMRMP000","POLIZIA ROMA CAPITALE","H501","3758","06/08/2014","Rilevatore di velocita in modalita istantanea","SODI SCIENTIFICA SRL","AUTOVELOX","106SE","961490/960474","estensione di approvazione 5478 18/11/14_3299 06/07/15_1276 06/03/17_4630 19/07/17_143 22/05/18_325 27/09/19_554 24/12/21_80 21/02/24_380 26/07/24","19/11/2025 12:17:16","19/11/2025 12:17:16"
"CMRMP000","POLIZIA ROMA CAPITALE","H501","3758","06/08/2014","Rilevatore di velocita in modalita istantanea","SODI SCIENTIFICA SRL","AUTOVELOX","106SE","961497/959597","estensione di approvazione 5478 18/11/14_3299 06/07/15_1276 06/03/17_4630 19/07/17_143 22/05/18_325 27/09/19_554 24/12/21_80 21/02/24_380 26/07/24","19/11/2025 12:17:16","19/11/2025 12:17:16"
"CMRMP002","comune di pomezia","cmrmp002","3758","06/08/2014","autovelox","sodi scientifica","autovelox 106","non applicabile","959271","Via Gronchi","12/11/2025 10:33:19","12/11/2025 10:33:19"
"CMRMP007","CMRMP007","M212","3758","06/08/2014","Rilevatore di velocita'","sodi scientifica","106 SE","non disponibile","948996","Via Aurelia km 37,350","06/11/2025 10:14:29","06/11/2025 10:14:29"
"CMRMP007","CMRMP007","M212","3758","06/08/2014","Rilevatore di velocita'","sodi scientifica","106 SE","non disponibile","949000","Via Aurelia km  34,080","06/11/2025 10:14:29","06/11/2025 10:14:29"
"CMRMP007","CMRMP007","M212","3758","06/08/2014","Rilevatore di velocita'","sodi scientifica","106 SE","non disponibile","949002","Via Aurelia km 38,750","06/11/2025 10:14:29","06/11/2025 10:14:29"
"CMRMP007","CMRMP007","M212","3758","06/08/2014","Rilevatore di velocita'","sodi scientifica","106 SE","non disponibile","948998","Via Aurelia Km 34,750","06/11/2025 10:14:29","06/11/2025 10:14:29"
"CMRMP009","Comune di Civitavecchia","C773","106220","31/03/16","autovelox","Sodi Scientifica Srl","106","NON PRESENTE","948989","","03/12/2025 12:28:16","03/12/2025 12:28:16"
"CMRMP012","COMANDO POLIZIA LOCALE CISTERNA DI LATINA","C740","3248","13/06/2011","MOBILE","ELTRAFF","TELELASER","TRUCAM HD","TC010184","Estensione approvazione 0000242 del 05/07/2018","04/10/2025 08:40:02","04/10/2025 08:40:02"
"CMRMP012","COMANDO POLIZIA LOCALE CISTERNA DI LATINA","C740","3758","06/08/2014","MOBILE","SODI SCIENTIFICA SRL","AUTOVELOX","AUTOVELOX 106","958927","Estensione approvazionen.325 del 27/09/2019","04/10/2025 08:40:02","04/10/2025 08:40:02"
"CMRMP013","COMUNE DI FRASCATI","D773","non applicabile","non applicabile","autovelox","sodi","Autovelox 106","non applicabile","959068","attualmente utilizzato per contestazione immediata","28/11/2025 12:00:53","28/11/2025 12:00:53"
"CMRMP018","POLIZIA LOCALE VELLETRI","L719","4668","28/07/2016","MISURATORE VELOCITA' ISTANTANEA","ENGINE S.P.A.","ENVES EVO MVDm 1507","1.0","CMP3399247","DISPOSITIVO UTILIZZATO IN POSTAZIONE TEMPORANEA PRESIDIATA","17/11/2025 16:30:09","17/11/2025 16:30:09"
"CMRMP018","POLIZIA LOCALE VELLETRI","L719","4668","28/07/2016","MISURATORE VELOCITA' ISTANTANEA","ENGINE S.P.A.","ENVES EVO MVDm 1507","1.0","CMP3347146","DISPOSITIVO UTILIZZATO IN POSTAZIONE TEMPORANEA PRESIDIATA","17/11/2025 16:30:09","17/11/2025 16:30:09"
"CMRMP020","COMUNE DI LANUVIO","C767","342","02/10/2025","RILEVATORE DI VELOCITA' FISSO","Safety21 Spa","VELOCAR RED & SPEED EVO-R","NON DISPONIBILE","448","Dec.App.n.4708_01/08/2016 Dec.sub.tit.n.227_04/07/2025 S.R.207 via Nettunense 17+900 LANUVIO","03/12/2025 12:41:37","16/10/2025 14:05:13"
"CMRMP020","COMUNE DI LANUVIO","C767","342","02/10/2025","RILEVATORE DI VELOCITA' FISSO","Safety21 Spa","VELOCAR RED & SPEED EVO-R","NON DISPONIBILE","449","Dec.App.n.4708_01/08/2016 Dec.sub.tit.n.227_04/07/2025 S.R.207 via Nettunense 18+900 APRILIA","03/12/2025 12:41:37","16/10/2025 14:05:13"
"CMRMP020","COMUNE DI LANUVIO","C767","PROT. 3248 PROT. 242","13/06/2011 15/07/2018","RILEVATORE DI VELOCITA' MOBILE","TRU-CAM","HD","NON DISPONIBILE","TC011201","POSTAZIONE MOBILE","03/12/2025 12:41:37","16/10/2025 14:05:13"
"CMRMP021","POLIZIA LOCALE COMUNE DI FIUMICINO","M297","342","02/10/2025","Dispositivo rilevamento vel. istantanea fisso","Safety21 S.p.A.","VRS EVO R","VR0S EVO T12 5 R","596","Dec.App.n.4708_01/08/2016 Dec.est.n.129 07/04/2021 Dec.sub.tit.n.227 04/07/2025 V.AEROPORTO(EX SR296) FIUMICINO V.DEL PRETE C. TERMINAL TERMINAL","06/11/2025 13:13:23","14/10/2025 19:55:02"
"CMRMP021","POLIZIA LOCALE COMUNE DI FIUMICINO","M297","342","02/10/2025","Dispositivo rilevamento vel. istantanea fisso","Safety21 S.p.A.","VRS EVO R","VR0S EVO T12 5 R","597","Dec.App.n.4708 01/08/2016 Dec.est.n.129 07/04/2021 Dec.sub.tit.n.227 04/07/2025 VIA AURELIA VIA EUCARIO SILBER CIVITAVECCHIA CIVITAVECCHIA","06/11/2025 13:13:23","14/10/2025 19:55:02"
"CMRMP021","POLIZIA LOCALE COMUNE DI FIUMICINO","M297","342","02/10/2025","Dispositivo rilevamento vel. istantanea fisso","Safety21 S.p.A.","VRS EVO R","VR0S EVO T12 5 R","598","Dec.App.n.4708 01/08/2016 Dec.est.n.129 07/04/2021 Dec.sub.tit.n.227 04/07/2025 VIA AURELIA VIA OTTAVIANO PETRUCCI FIUMICINO FIUMICINO","06/11/2025 13:13:23","14/10/2025 19:55:02"
"CMRMP021","POLIZIA LOCALE COMUNE DI FIUMICINO","M297","342","02/10/2025","Dispositivo rilevamento vel. istantanea fisso","Safety21 S.p.A.","VRS EVO R","VR0S EVO T12 5 R","599","Dec.App.n.4708 01/08/2016 Dec.est.n.129 07/04/2021 Dec.sub.tit.n.227 04/07/2025 VIALE DI CASTEL SAN GIORGIO CIVICO 173 FREGENE","06/11/2025 13:13:23","14/10/2025 19:55:02"
"CMRMP021","POLIZIA LOCALE COMUNE DI FIUMICINO","M297","342","02/10/2025","Dispositivo rilevamento vel. istantanea fisso","Safety21 S.p.A.","VRS EVO R","VR0S EVO T12 5 R","600","Dec.App.n.4708 01/08/2016 Dec.est.n.129 07/04/2021 Dec.sub.tit.n.227 04/07/2025 VIALE DI CASTEL SAN GIORGIO CIVICO 25 MACCARESE","06/11/2025 13:13:23","14/10/2025 19:55:02"
"CMRMP021","POLIZIA LOCALE COMUNE DI FIUMICINO","M297","342","02/10/2025","Dispositivo rilevamento vel. istantanea fisso","Safety21 S.p.A.","VRS EVO R","VR0S EVO T12 5 R","601","Dec.App.n.4708 01/08/2016 Dec.est.n.129 07/04/2021 Dec.sub.tit.n.227 04/07/2025 VIALE COCCIA DI MORTO ALTEZZA VICOLO COCCIA DI MORTO FIUMICINO","06/11/2025 13:13:23","14/10/2025 19:55:02"
"CMRMP021","POLIZIA LOCALE COMUNE DI FIUMICINO","M297","342","02/10/2025","Dispositivo rilevamento vel. istantanea fisso","Safety21 S.p.A.","VRS EVO R","VR0S EVO T12 5 R","603","Dec.App.n.4708 01/08/2016 Dec.est.n.129 07/04/2021 Dec.sub.tit.n.227 04/07/2025 VIALE COCCIA DI MORTO ALTEZZA VICOLO COCCIA DI MORTO FOCENE","06/11/2025 13:13:23","14/10/2025 19:55:02"
"CMRMP021","POLIZIA LOCALE COMUNE DI FIUMICINO","M297","342","02/10/2025","Dispositivo rilevamento vel. istantanea fisso","Safety21 S.p.A.","VRS EVO R","VR0S EVO T12 5 R","615","Dec.App.n.4708 01/08/2016 Dec.est.n.129 07/04/2021 Dec.sub.tit.n.227 04/07/2025 VIA AEROPORTO FIUMICINO (EX SR296) VIA CIMA CRISTALLO OSTIA","06/11/2025 13:13:23","14/10/2025 19:55:02"
"CMRMP021","POLIZIA LOCALE COMUNE DI FIUMICINO","M297","342","02/10/2025","Dispositivo rilevamento vel. istantanea fisso","Safety21 S.p.A.","VRS EVO R","VR0S EVO T12 5 R","616","Dec.App.n.4708 01/08/2016 Dec.est.n.129 07/04/2021 Dec.sub.tit.n.227 04/07/2025 VIA AEROPORTO FIUMICINO (EX SR296) VIA CIMA CRISTALLO FIUMICINO","06/11/2025 13:13:23","14/10/2025 19:55:02"
"CMRMP021","POLIZIA LOCALE COMUNE DI FIUMICINO","M297","342","02/10/2025","Dispositivo rilevamento vel. istantanea fisso","Safety21 S.p.A.","VRS EVO R","VR0S EVO T12 5 R","617","Dec.App.n.4708 01/08/2016 Dec.est.n.129 07/04/2021 Dec.sub.tit.n.227 04/07/2025 VIALE TRE DENARI CIVICO 280 MACCARESE","06/11/2025 13:13:23","14/10/2025 19:55:02"
"CMRMP023","Comando Polizia Locale Monte Compatri","F477","4668","28/07/2016","Mobile","EngiNe","EnVES EVO MVDm","1507","CMP3347146","NOLEGGIO","20/11/2025 14:38:32","20/11/2025 14:38:32"
"CMRMP023","Comando Polizia Locale Monte Compatri","F477","4668","28/07/2016","Mobile","EngiNe","EnVES EVO MVDm","1507","CMP3399247","NOLEGGIO","20/11/2025 14:38:32","20/11/2025 14:38:32"
"CMRMP027","polizia locale_ciampino;","m282;","n_271;","11/07/2023;","fisso;","Safety21_S.p.A.;","VRS_EVO 2;","VRS_EVO_T12_5_RS4;","n_790;","Dec.sub.tit.n.227_04/07/2025 S.S._7_Via Appia_Km17.729_dir.Albano Laziale","24/11/2025 13:58:55","24/11/2025 13:58:55"
"CMRMP027","polizia locale_ciampino;","m282;","n_271;","11/07/2023;","fisso;","Safety21_S.p.A.;","VRS_EVO 2;","VRS EVO_T12_5_RS4;","n_791;","Dec.sub.tit.n.227_04/07/2025 S.S._7_Via Appia_Km17.847_dir.Roma","24/11/2025 13:58:55","24/11/2025 13:58:55"
"CMRMP027","polizia locale_ciampino;","m282;","n_3248;","11/06/2011;","mobile;","eltraff_srl;","telelaser;","trucam;","TC001237;","","24/11/2025 13:58:55","24/11/2025 13:58:55"
"CMRMP201","COMUNE DI BRACCIANO","B114","20923","02/03/2007","mobile","ELTRAFF","VELOMATIC","512D+","4149-4119","","23/10/2025 09:57:15","23/10/2025 09:57:15"
"CMRMP201","COMUNE DI BRACCIANO","B114","20923","02/03/2007","MOBILE","ELTRAFF","VELOMATIC","512D+","3768-3745","","23/10/2025 09:57:15","23/10/2025 09:57:15"
"CMRMP203","POLIZIA LOCALE COMUNE CAMPAGNANO DI ROMA","B496","DECRETO DIRIGENZIALE N. 356","18/08/2021","DISPOSITIVO AUTOMATICO VELOCITA' ISTANTANEA","MAGGIOLI SPA","AUTOSC@N SPEED","NON PRESENTE","2023-0071","SS2 BIS KM 33+900 DIREZIONE ROMA","23/10/2025 17:00:24","23/10/2025 17:00:24"
"CMRMP203","POLIZIA LOCALE COMUNE CAMPAGNANO DI ROMA","B496","DECRETO DIRIGENZIALE N. 356","18/08/2021","DISPOSITIVO AUTOMATICO VELOCITA' ISTANTANEA","MAGGIOLI SPA","AUTOSC@N SPEED","NON PRESENTE","2023-0072","SS2 BIS KM 33+400 DIREZIONE VITERBO","23/10/2025 17:00:24","23/10/2025 17:00:24"
"CMRMP208","Polizia Locale Grottaferrata","E204","380","26/07/2024","Autovelox","Sodi Scientifica","Autovelox 106","Mobile","959069","","07/11/2025 10:27:40","07/11/2025 09:10:24"
"CMRMP208","Polizia Locale Grottaferrata","E204","prot. 50805","09/03/2011","Autovelox","Gatsometer","GTC-GS11","Fisso","misuratore 1980","Non attivo","07/11/2025 10:27:40","07/11/2025 10:27:40"
"CMRMP211","Polizia Locale Comune di San Cesareo","M295","20923","02/03/2007","MOBILE","ELTRAFF","VELOMATIC","512D+","4149-4119","A NOLEGGIO","14/11/2025 12:54:11","14/11/2025 12:54:11"
"CMRMP211","Polizia Locale Comune di San Cesareo","M295","20923","02/03/2007","MOBILE","ELTRAFF","VELOMATIC","512D+","3768-3745","A NOLEGGIO","14/11/2025 12:54:11","14/11/2025 12:54:11"
"CMRMP214","POLIZIA LOCALE COMUNE DI FINAO ROMANO","D561","20923","2007-03-02","MOBILE","ELTRAFF","VELOMATIC","512D+","3768-3745","","15/10/2025 13:30:32","15/10/2025 13:30:32"
"CMRMP214","POLIZIA LOCALE COMUNE DI FINAO ROMANO","D561","20923","2007-03-02","MOBILE","ELTRAFF","VELOMATIC","512D+","4149-4119","","15/10/2025 13:30:32","15/10/2025 13:30:32"
"CMRMP216","ComuneFonteNuova","M309","356","18.08.2021","Disp. di misura della velocità istantanea veicoli","MaggioliSpa","Autosc@n_Speed","v5.3","20210010","Fonte Nuova - SP22/a Via Nomentana km 20+001 direzione Mentana (RM)","04/10/2025 11:10:14","04/10/2025 11:10:14"
"CMRMP216","ComuneFonteNuova","M309","356","18.08.2021","Disp. di misura della velocità istantanea veicoli","MaggioliSpa","Autosc@n_Speed","v5.3","20240091","Fonte Nuova - SP22/a Via Nomentana km 20+303 direzione Roma","04/10/2025 11:10:14","04/10/2025 11:10:14"
"CMRMP221","POLIZIA_MUNICIPALE_ARSOLI","A446","380","26.07.2024","MOBILE","SODI","AUTOVELOX","106","953492+954517","","13/11/2025 11:19:18","13/11/2025 11:19:18"
"CMRMP223","COMUNE DI FORMELLO - POLIZIA LOCALE","D707","DECRETO DIRIGENZIALE N. 356","18/08/2021","DISPOSITIVO AUTOMATICO VELOCITA' ISTANTANEA","MAGGIOLI S.P.A.","AUTOSC@N SPEED","NON PRESENTE","20220017","S.R. N. 2 CASSIA KM 25+200 DIR. VITERBO","11/03/2026 10:53:11","16/10/2025 15:48:02"
"CMRMP223","COMUNE DI FORMELLO - POLIZIA LOCALE","D707","DECRETO DIRIGENZIALE N. 356","18/08/2021","DISPOSITIVO AUTOMATICO VELOCITA' ISTANTANEA","MAGGIOLI S.P.A.","AUTOSC@N SPEED","NON PRESENTE","20220016","S.R. N. 2 CASSIA KM 23+485 DIR. ROMA","11/03/2026 10:53:11","16/10/2025 15:48:02"
"CMRMP233","Comune di Santa Marinella","I255","550","23/12/2021","Dispositivo rilevamento velocità istantanea fisso","Engine S.p.A.","EnVES EVO MVD 1605","ND","AP1826H-0x0002956E","S.S. 1 Aurelia km 52+145 dir. Cerveteri","28/11/2025 13:03:10","28/11/2025 13:03:10"
"CMRMP233","Comune di Santa Marinella","I255","550","23/12/2021","Dispositivo rilevamento velocità istantanea fisso","Engine S.p.A.","EnVES EVO MVD 1605","ND","AP1826H-0x0002DCC2","S.S. 1 Aurelia km 52+145 dir. Santa Marinella","28/11/2025 13:03:10","28/11/2025 13:03:10"
"CMRMP233","Comune di Santa Marinella","I255","288","17/01/2018","Dispositivo rilevamento velocità istantanea mobile","Engine S.p.A.","EnVES EVO MVDm 1507","ND","AM1271H-CMP3774520","","28/11/2025 13:03:10","28/11/2025 13:03:10"
"CMRMP243","Polizia locale comune di Castelnuovo di Porto;","C237;","20923;","02/03/2007;","MOBILE;","ELTRAFF;","VELOMATIC;","512D+;","4149-4119;","","15/11/2025 13:24:49","15/11/2025 13:24:49"
"CMRMP243","Polizia locale comune di Castelnuovo di Porto;","C237;","20923;","02/03/2007;","MOBILE;","ELTRAFF;","VELOMATIC;","512D+;","3768-3745;","","15/11/2025 13:24:49","15/11/2025 13:24:49"
"CMRMP254","Comune di Riano","H267","20923","02/03/2007","MOBILE","ELTRAFF","VELOMATIC","512+","3768-3745 / 4149-3745","","02/12/2025 13:16:19","02/12/2025 13:16:19"
"CMRMP254","Comune di Riano","H267","4020","21/06/2017","ENGIN S","ENVES S.","ENVES EV","1.2.0","0x00029575","","02/12/2025 13:16:19","02/12/2025 13:16:19"
"CMRNP001","POLIZIA LOCALE UNIONE DI COMUNI VALMARECCHIA","F137","20923","02/03/2007","FISSO/MOBILE","ELTRAFF","VELOMATIC","512D","753/1629/1567/4686","VELOMATIC 512 CON FOTOCAMERA DIGITALE E NETBOOK SAMSUNG:  Estensione di approvazione 103683 del 30/12/2010","28/11/2025 17:08:11","28/11/2025 17:08:11"
"CMRNP001","POLIZIA LOCALE UNIONE DI COMUNI VALMARECCHIA","F137","3248","13/06/2011","MOBILE","ELTRAFF","TELELASER","TRUCAM HD","TC010180","TELELASER TRUCAM HD: Estensione di approvazione 0000242 del 05/07/2018, Comuni di Santarcangelo di Romagna (RN), Verucchio (RN) e Poggio Torriana (RN)","28/11/2025 17:08:11","28/11/2025 17:08:11"
"CMRNP001","POLIZIA LOCALE UNIONE DI COMUNI VALMARECCHIA","F138","1323","08/03/2012","FISSO/MOBILE","SINTEL","SCOUT SPEED","MOBILE","4361/DS04435/KC07696","SCOUT SPEED: Estensione di approvazione 2430 del 03/05/2013 e 260 del 20/01/2014","28/11/2025 17:08:11","28/11/2025 17:08:11"
"CMRNP200","CMRNP200","D004","3758","06/08/2014","Rilevatore di velocità in modalità istantanea","Sodi Scentifica","Autovelox 106","Non presente","947748","utilizzato in postazione mobile","04/11/2025 13:03:48","20/10/2025 08:42:53"
"CMRNP200","CMRNP200","D004","3758","06/08/2014","Rilevatore di velocità in modalità istantanea","Sodi Scentifica","Autovelox 106","Non presente","959272","utilizzato in postazione fissa","04/11/2025 13:03:48","20/10/2025 08:42:53"
"CMRNP200","CMRNP200","D004","3758","06/08/2014","Rilevatore di velocità in modalità istantanea","Sodi Scentifica","Autovelox 106","Non presente","953537","utilizzato in postazione fissa","04/11/2025 13:03:48","20/10/2025 08:42:53"
"CMRNP200","CMRNP200","D004","3248","13/06/2011","Rilevatore di velocità in modalità istantanea","ELTRAFF S.r.l.","TELELASER TruSpeed","Non presente","TS012497","utilizzato in postazione mobile","04/11/2025 13:03:48","04/11/2025 13:03:48"
"CMRNP203","Provincia di Rimini - Corpo di Polizia Provinciale","H294","3248","13/06/2011","Mobile","Eltraff","Telelaser","Trucam","TC005825","","02/12/2025 18:13:09","02/12/2025 18:13:09"
"CMRNP209","POLIZIA LOCALE NOVAFELTRIA","F137","3248","13/06/2011","mobile","ELTRAFF","TELELASER","TRUSPEED","TS005560","","02/12/2025 13:18:09","02/12/2025 13:18:09"
"CMROP000","COMUNE DI ROVIGO","H620","549","21/12/2021","Disp. fisso misura velocita' istantanea veicoli","Project Automation S.p.A.","K53800_SPEED","'-","PASPEEDn22023121196","SR443 DIR. ADRIA","13/01/2026 08:09:59","13/10/2025 07:38:37"
"CMROP000","COMUNE DI ROVIGO","H620","549","21/12/2021","Disp. fisso misura velocita' istantanea veicoli","Project Automation S.p.A.","K53800_SPEED","'-","PASPEEDn22023121193","SR443 DIR. ROVIGO","13/01/2026 08:09:59","13/10/2025 07:38:37"
"CMROP000","COMUNE DI ROVIGO","H620","549","21/12/2021","Disp. fisso misura velocita' istantanea veicoli","Project Automation S.p.A.","K53800_SPEED","'-","PASPEEDn22024011195","SR88 DIR. LENDINARA","13/01/2026 08:09:59","13/10/2025 07:38:37"
"CMROP000","COMUNE DI ROVIGO","H620","549","21/12/2021","Disp. fisso misura velocita' istantanea veicoli","Project Automation S.p.A.","K53800_SPEED","'-","PASPEEDn22023121190","SR88 DIR. ROVIGO","13/01/2026 08:09:59","13/10/2025 07:38:37"
"CMROP000","COMUNE DI ROVIGO","H620","549","21/12/2021","Disp. fisso misura velocita' istantanea veicoli","Project Automation S.p.A.","K53800_SPEED","'-","PASPEEDn22023121194","SS16 DIR. FERRARA","13/01/2026 08:09:59","13/10/2025 07:38:37"
"CMROP000","COMUNE DI ROVIGO","H620","549","21/12/2021","Disp. fisso misura velocita' istantanea veicoli","Project Automation S.p.A.","K53800_SPEED","'-","PASPEEDn22024021230","SS16 DIR. PADOVA","13/01/2026 08:09:59","13/10/2025 07:38:37"
"CMROP000","COMUNE DI ROVIGO","H620","3248","13/06/2011","mobile","Eltraff","Telelaser","Truecam HD","TC008281","'-","13/01/2026 08:09:59","28/11/2025 12:36:30"
"CMROP001","Comune di Adria","A059","549","21/12/2021","Disposit. fisso misura velocità istantanea veicoli","Project Automation Spa","K53800_SPEED","K53800_SPEED","PASPEEDn22024011198","sp45 Direzione Loreo Km 2+940","02/04/2026 09:58:37","27/10/2025 15:59:58"
"CMROP001","Comune di Adria","A059","549","21/12/2021","Disposit. fisso misura velocità istantanea veicoli","Project Automation Spa","PASPEEDn22022030447","K53500_SPEED","PASPEEDn22022030447","sp45 Direzione Adria Km 2+040","02/04/2026 09:58:37","02/04/2026 09:58:37"
"CMROP001","Comune di Adria","A059","1565","02/04/2014","Disposit. fisso misura velocità istantanea veicoli","Project Automation Spa","PASVC","PASVC","2110000817","SR516 Direzione Piove di Sacco km 43+250","02/04/2026 09:58:37","27/10/2025 15:59:58"
"CMROP001","Comune di Adria","A059","4708","01/08/2016","Disposit. fisso misura velocità istantanea veicoli","Velocar Srl","VelocaRed&SpeedEVO-R","VelocaRed&SpeedEVO-R","339","SR516 dirAdria Km 43+880 - DM 342 del 02/10/2025","02/04/2026 09:58:37","27/10/2025 15:59:58"
"CMROP001","Comune di Adria","A059","20923","02/03/2007","Dispositivo fisso/mobile","Eltraff","Velomatic","512D","298-266-267","Estensione di approvazione 5913 del 17/12/2014","02/04/2026 09:58:37","27/10/2025 15:59:58"
"CMROP001","Comune di Adria","A059","1824","20/03/2020","Dispositivo mobile","Eltraff","Telelaser","Ultralyte","UL021468","Lo strumento è mantenuto e tarato regolarmente","02/04/2026 09:58:37","27/10/2025 15:59:58"
"CMROP001","Comune di Adria","A059","3248","13/06/2011","Dispositivo mobile","Eltraff","Telelaser","Trucam HD","TC007232","Estensione di approvazione 0000242 del 05/07/2018","02/04/2026 09:58:37","27/10/2025 15:59:58"
"CMROP002","COMUNE DI LENDINARA (RO) - POLIZIA LOCALE","E522","342","02/10/2025","Dispositivo rilevamento velocità istantanea fisso","Safety21 S.p.A.","Velocar Red&Speed EVO-R","ND","530","Dec.App.n.4708_01/08/2016 Dec.sub.tit.n.227_04/07/2025 SP 17 VIA VALLI 4+520 LENDINARA","23/10/2025 14:52:18","23/10/2025 14:52:18"
"CMROP002","COMUNE DI LENDINARA (RO) - POLIZIA LOCALE","E522","342","02/10/2025","Dispositivo rilevamento velocità istantanea fisso","Safety21 S.p.A.","Velocar Red&Speed EVO-R","ND","533","Dec.App.n.4708_01/08/2016 Dec.sub.tit.n.227_04/07/2025 SR 88 VIA POLESANA DI ROVIGO 10+650 LENDINARA","23/10/2025 14:52:18","23/10/2025 14:52:18"
"CMROP002","COMUNE DI LENDINARA (RO) - POLIZIA LOCALE","E522","342","02/10/2025","Dispositivo rilevamento velocità istantanea fisso","Safety21 S.p.A.","Velocar Red&Speed EVO-R","ND","534","Dec.App.n.4708_01/08/2016 Dec.sub.tit.n.227_04/07/2025 SR 88 VIA POLESANA DI BADIA POLESINE 14+950 ROVIGO","23/10/2025 14:52:18","23/10/2025 14:52:18"
"CMROP002","COMUNE DI LENDINARA (RO) - POLIZIA LOCALE","E522","342","02/10/2025","Dispositivo rilevamento velocità istantanea fisso","Safety21 S.p.A.","Velocar Red&Speed EVO-R","ND","547","Dec.App.n.4708_01/08/2016 Dec.sub.tit.n.227_04/07/2025 SR 88 VIA POLESANA DI BADIA POLESINE 18+530 BADIA POLESINE","23/10/2025 14:52:18","23/10/2025 14:52:18"
"CMROP003","COMUNE DI OCCHIOBELLO","F994","549","21/12/2021","AUTOVELOX FISSO","Project Automation Spa","K53800_SPEED","__","PASPEEDn22023030927","","21/10/2025 14:44:59","21/10/2025 14:44:59"
"CMROP003","COMUNE DI OCCHIOBELLO","F994","549","21/12/2021","AUTOVELOX FISSO","Project Automation Spa","K53800_SPEED","__","PASPEEDn22024011204","","21/10/2025 14:44:59","21/10/2025 14:44:59"
"CMROP003","COMUNE DI OCCHIOBELLO","F994","3248","13/06/2011","AUTOVELOX MOBILE","ELTRAFF Srl","TELELASER","TRUCAM HD","TC007667","","21/10/2025 14:44:59","21/10/2025 14:44:59"
"CMROP004","Polizia Locale Comune di Porto Viro","G926","342","02/10/2025","Dispositivo rilevamento velocita' istantanea fisso","Safety21 S.p.A.","Velocar Red&Speed EVO-R","ND","280","Dec.App.n.4708_01/08/2016 Dec.sub.tit.n.227_04/07/2025 SS 309 STRADA ROMEA 70+770 RAVENNA","17/11/2025 11:01:05","17/11/2025 11:01:05"
"CMROP004","Polizia Locale Comune di Porto Viro","G926","342","02/10/2025","Dispositivo rilevamento velocita' istantanea fisso","Safety21 S.p.A.","Velocar Red&Speed EVO-R","ND","324","Dec.App.n.4708_01/08/2016 Dec.sub.tit.n.227_04/07/2025 SS 309 STRADA ROMEA 69+100 VENEZIA","17/11/2025 11:01:05","17/11/2025 11:01:05"
"CMROP006","Comando Polizia Locale di Porto Tolle","g923","342","02/10/2025","Dispositivo rilevamento velocita istantanea fisso","Safety21 S.p.A.","Velocar Red&Speed EVO-R","ND","348","Dec.App.n.4708_01/08/2016 Dec.sub.tit.n.227_04/07/2025 SP 37 VIA TRENTO 17+600 PORTO VIRO_CA' ZULIANI","13/11/2025 09:59:30","13/11/2025 09:58:34"
"CMROP200","Polizia Locale Comune di Canaro","B578","103683","30/12/2010","Autovelox","Eltraff srl","Velomatic 512","Velomatic 512 D","4781-4774","","20/11/2025 10:57:28","30/10/2025 10:09:36"
"CMROP200","Polizia Locale Comune di Canaro","B578","48","01/03/2021","Autovelox","Safety21 spa","AGUIA Red & Speed","AGUIA-T5-5-R","16450","","20/11/2025 10:57:28","20/11/2025 10:57:28"
"CMROP200","Polizia Locale Comune di Canaro","B578","48","01/03/2021","Autovelox","Safety21 spa","AGUIA Red & Speed","AGUIA-T5-5-R","16451","","20/11/2025 10:57:28","20/11/2025 10:57:28"
"CMROP201","COMUNE DI TAGLIO DI PO COMANDO POLIZIA LOCALE","L026","356","18/08/2021","DISPOSITIVO AUTOMATICO VELOCITA' ISTANTANEA","MAGGIOLI S.P.A","AUTOSC@N SPEED","NON PRESENTE","2023.0083","","05/02/2026 12:56:30","05/02/2026 12:56:30"
"CMROP201","COMUNE DI TAGLIO DI PO COMANDO POLIZIA LOCALE","L026","4708","01/08/2016","DISPOSITIVO FISSO VELOCITA' ISTANTANEA","VELOCAR S.R.L","VELOCAR RED&SPEED EVO-R","NON PRESENTE","344","","05/02/2026 12:56:30","05/02/2026 12:56:30"
"CMROP205","COMUNE DI ROSOLINA POLIZIA LOCALE","H573","342","02/10/2025","Dispositivo rilevamento velocità istantanea fisso","Safety21 S.p.a","Velocar Red&Speed EVO-R","ND","259","Dec. App. n.4708 _01/08/2016 Dec. Sub. Tit.n. 227_04/07/2025 SS  309 ""ROMEA"" 71+760 VENEZIA","03/11/2025 13:38:27","03/11/2025 13:38:27"
"CMROP206","POLIZIA LOCALE CASTELMASSA","C207","442","24/01/2018","Disp. fisso di misura velocita ist. dei veicoli","Project Automation S.p.a.","PASVC","versione con pc industriale esterno","1510040003","disp. non funzionante","31/10/2025 10:35:43","31/10/2025 10:35:43"
"CMROP206","POLIZIA LOCALE CASTELMASSA","C207","1565","02/04/2014","Disp. fisso di misura velocita ist. dei veicoli","Project Automation S.p.a.","PASVC","non presente","1510039995","","31/10/2025 10:35:43","31/10/2025 10:35:43"
"CMROP207","COMUNE DI STIENTA - POLIZIA MUNICIPALE","I953","378","09/09/2021","DISPOSITIVO FISSO VELOCITA' ISTANTANEA","TRAFFIC TECNOLOGY","TCS-TRAFFIC CONTROL SISTEM","VERSIONE NON PRESENTE NEL DECRETO","IMP.140220719-TCD.2028005940-TCE.S10A11008066","","09/10/2025 15:09:31","09/10/2025 15:09:31"
"CMROP207","COMUNE DI STIENTA - POLIZIA MUNICIPALE","I953","378","09/09/2021","DISPOSITIVO FISSO VELOCITA' ISTANTANEA","TRAFFIC TECNOLOGY","TCS-TRAFFIC CONTROL SISTEM","VERSIONE NON PRESENTE NEL DECRETO","IMP.140220719-TCD.2028005940-TCE.S10A11008066","","23/10/2025 14:17:19","23/10/2025 14:17:19"
"CMROP208","COMUNE SAN MARTINO DI VENEZZE","h_996","342","02/10/2025","Dispositivo rilevamento velocità istantanea fisso","Safety21 S.p.A.","Velocar Red&Speed EVO-R","ND","365","Dec.App.n.4708_01/08/2016 Dec.sub.tit.n.227_04/07/2025 VIA CA' DONA' SP29 2+555 SAN MARTINO DI VENEZZE","02/12/2025 09:58:05","02/12/2025 09:43:03"
"CMROP208","COMUNE SAN MARTINO DI VENEZZE","h_996","20923","02/03/2007","FISSO/MOBILE","ELTRAFF","VELOMATIC","512D","4386-4384","Estensione di approvazione 103683 del 30/12/2010","02/12/2025 09:58:05","02/12/2025 09:48:33"
"CMROP209","COMUNE DI PAPOZZE - POLIZIA LOCALE","G323","442","24/01/2018","AUTOVELOX FISSO VELOCITA' ISTANTANEA","Project Automation s.p.a.","PASVC","verione con PC industriale esterno","1610035172","s.p. 33 km 7+322 dir Adria","22/10/2025 14:44:22","22/10/2025 14:44:22"
"CMROP209","COMUNE DI PAPOZZE - POLIZIA LOCALE","G323","442","24/01/2018","AUTOVELOX FISSO VELOCITA' ISTANTANEA","Project Automation s.p.a.","PASVC","verione con PC industriale esterno","1810000244","s.p. 33 km 7+322 dir Polesella","22/10/2025 14:44:22","22/10/2025 14:44:22"
"CMROP211","COMUNE DI VILLADOSE","L939","549","21/12/2021","DISP. FISSO MISURA VELOCITA' ISTANTANEA VEICOLI","PROJECT AUTOMATION S.P.A.","K53800_SPEED","'--","PASPEEDn22023121179","","12/01/2026 12:43:56","06/10/2025 11:00:19"
"CMROP212","POLIZIA LOCALE COMUNE GIACCIANO CON BARUCHELLA","E008","356","18/08/2021","AUTOVELOX FISSO","Maggioli S.p.a.","Autosc@an Speed","__","20210008","","30/10/2025 11:21:53","16/10/2025 09:54:25"
"CMROP213","POLIZIA LOCALE DI FICAROLO","D568","3338","31/05/2017","Disp. Aut. Ril. Infrazioni vel. istantanea e media","Movyon S.p.A.","SICVe-PM","'-","non applicabile","S.R. 6 - Eridania -  km 17+454 - UEL6-2D8B20 - Sud (Ferrara)","12/11/2025 09:18:46","12/11/2025 09:18:46"
"CMROP213","POLIZIA LOCALE DI FICAROLO","D568","3338","31/05/2017","Disp. Aut. Ril. Infrazioni vel. istantanea e media","Movyon S.p.A.","SICVe-PM","'-","non applicabile","S.R. 6 - Eridania -  km 18+656 - UEL6-3C7785 - Nord (Mantova)","12/11/2025 09:18:46","12/11/2025 09:18:46"
"CMROP223","SERVIZIO DI POLIZIA LOCALE COMUNE DI SAN BELLINO","H768","342","02/10/2025","Dispositivo rilevamento velocità istantanea fisso","Safety21 S.p.A.","Velocar Red&Speed EVO-R","ND","552","Dec.App.n.4708_01/08/2016 Dec.sub.tit.n.227_04/07/2025 SP 17 ""VIA VALLI"" 7+515 SS434 ""TRANSPOLESANA""","23/10/2025 08:29:11","23/10/2025 08:29:11"
"CMROP225","Polizia Locale Comune di Fiesso Umbertiano","D577","3248","13/06/2011","AUTOVELOX MOBILE","Eltraff S.r.l.","TeleLaser","Tru-Cam","TC002041","","10/12/2025 12:45:09","10/12/2025 12:45:09"
"CMROP228","POLIZIA MUNICIPALE ARIANO NEL POLESINE","A400","N.549","21/12/2021","DISP FISSO MISURA VELOCITA ISTANTANEA VEICOLI","PROJECT AUTOMATION S.P.A","K53800_SPEED","UNICA","PASPEED N. 22024011192","IMPIANTO FISSO BIDIREZIONALE POSTO IN S.S. ROMEA 309 AL KM 61+050","12/01/2026 10:49:28","09/10/2025 10:46:39"
"CMROP229","SERVIZIO DI POLIZIA LOCALE DEL COMUNE DI CALTO","B432","4020","21/06/2017","Apparato di rilevamento di velocita' istantanea","EngiNe S.p.A.","EnVES EVO MVD 1605","___","0x00029590","S.R. 6 km24+330 dir Castelamassa","03/03/2026 09:27:30","03/03/2026 09:27:30"
"CMROP231","POLIZIA LOCALE DI POLESELLA","G782","3248","13.06.2011","MOBILE","ELTRAFF","TELELASER TruCam","TRUCAM","TC005293","","04/11/2025 14:08:19","04/11/2025 14:08:19"
"CMROP231","POLIZIA LOCALE DI POLESELLA","G782","380","26.07.2024","MOBILE","SODI SCIENTIFICA","AUTOVELOX 106","106","953492 + 95517","","04/11/2025 14:08:19","04/11/2025 14:08:19"
"CMROP231","POLIZIA LOCALE DI POLESELLA","G782","7175","29.12.2016","FISSO","Kria srl","T-EXSPEED","V 2.0","2106","SS 16 ADRIATICA: dal km 52 + 765 al km 53 + 865 direzione FERRARA","04/11/2025 14:08:19","04/11/2025 14:08:19"
"CMROP231","POLIZIA LOCALE DI POLESELLA","G782","7175","29.12.2016","FISSO","Kria srl","T-EXSPEED","V 2.0","2069","SS 16 ADRIATICA: dal km 53 + 865 al km 52 + 765 direzione ROVIGO","04/11/2025 14:08:19","04/11/2025 14:08:19"
"CMROP233","SERVIZIO DI POLIZIA LOCALE - COMUNE DI CANDA","B582","20923","02/03/2007","TIPO DISPOSITIVO - MOBILE","VELOMATIC 512 D","VELOMATIC","512D","matr. 1123-1135","LA STRUMENTAZIONE UTILIZZATA E' A NOLEGGIO E NON DI PROPRIETA'","27/11/2025 12:56:53","27/11/2025 12:56:53"
"CMROP237","SERVIZIO POLIZIA LOCALE - COMUNE DI CORBOLA","C987","549","21/12/2021","DISP.FISSO MISURA VELOCITA  ISTANTANEA VEICOLI","Project Automation S.p.a.","K53800_SPEED","UNICA","PASPEEDn22022120789","S.R. 495 KM 63+440","14/01/2026 09:43:48","16/10/2025 09:25:01"
"CMROP237","SERVIZIO POLIZIA LOCALE - COMUNE DI CORBOLA","C987","549","21/12/2021","DISP.FISSO MISURA VELOCITA  ISTANTANEA VEICOLI","Project Automation S.p.a.","K53800_SPEED","UNICA","PASPEEDn22022120791","S.R. 495 KM 64+439","14/01/2026 09:43:48","16/10/2025 09:25:01"
"CMROP238","Comune di Loreo","E689","342","02/10/2025","Dispositivo rilevamento velocità istantanea fisso","Safety21 S.p.A.","Velocar Red&Speed EVO-R","ND","459","Dec.App.n.4708_01/08/2016 Dec.sub.tit.n.227_04/07/2025 SP 45 ""ADRIA - ROSOLINA"" 8+025 Adria Rosolina - Rosolina Adria","14/11/2025 15:38:39","14/11/2025 15:38:39"
"CMROP239","Polizia Locale Comune di Bosaro","B069","549","21/12/2021","rilevatore di velocita' istantanea","Project Automation S.p.A.","K53800_SPEED","n.a.","PASPEEDn22022120780","","07/11/2025 10:39:06","07/11/2025 10:39:06"
"CMROP239","Polizia Locale Comune di Bosaro","B069","3248","13/06/2011","MOBILE","ELTRAFF","TELELASER","TRUCAM HD","TC008485","Estensione di approvazione 0000242 del 05/07/2018","07/11/2025 10:39:06","07/11/2025 10:39:06"
"CMROP242","Polizia Locale Comune di Melara","F095","342","02/10/2025","Dispositivo rilevamento velocita' istantanea fisso","Safety21 S.p.A.","Velocar Red&Speed EVO-R","ND","247","Dec.App.n.4708_01/08/2016 Dec.sub.tit.n.227_04/07/2025 SR 482 33+570 OSTIGLIA_BERGANTINO","24/11/2025 10:41:58","28/10/2025 15:31:32"
"CMROP243","POLIZIA LOCALE DEL COMUNE DI BERGANTINO","A795","342","02/10/2025","Autovelox velocità istantanea fisso","Safety21 S.p.A.","Velocar Red&Speed EVO-R","ND","532","Dec.App.n.4708_01/08/2016 Dec.sub.tit.n.227_04/07/2025 SR 482 38 + 150 FERRARA","29/10/2025 10:29:02","29/10/2025 10:29:02"
"CMROP244","Comune Salara - Polizia locale","H689","342","02/10/2025","Dispositivo rilevamento velocità istantanea fisso","Safety21 S.p.A.","Velocar Red&Speed EVO-R","ND","221","Dec.App.n.4708_01/08/2016 Dec.sub.tit.n.227_04/07/2025 STRADA REGIONALE N.6 22+544 FERRARA","23/10/2025 16:39:34","23/10/2025 16:39:34"
"CMSAP000","Comune di Salerno - Polizia Municipale","H703","128","23/03/2023","Sensore laser con elaboratore","EngiNe S.r.l.","EnVES EVO MVDm 1507","Versione 1.1.1 - maggio 2022","CMP3933242 (laser) - AM1495H (elaboratore)","","11/12/2025 15:31:25","11/12/2025 15:31:25"
"CMSAP002","Polizia Municipale Comune di Capaccio Paestum","B644","35388","08/04/2009","AUTOVELOX","ELTRAFF SRL","Velomatic","512D","3295-3282","","29/10/2025 09:06:17","29/10/2025 09:06:17"
"CMSAP002","polizia Municipale Comune di Capaccio Paestum","B644","3248","13/06/2011","AUTOVELOX","ELTRAFF SRL","TELELASER TruCamHD","Telelaser TruCam HD","TC008534","","29/10/2025 09:06:17","29/10/2025 09:06:17"
"CMSAP007","COMUNE DI BELLIZZI","M294","51585/09/Area III","13,02,2009","AUTOVELOX","SODI","AUTOVELOX","106","947444/946993","","06/11/2025 10:28:46","06/11/2025 10:28:46"
"CMSAP009","CITTA' DI SARNO - COMANDO POLIZIA LOCALE","I438","20923","02/03/2007","FISSO/MOBILE","ELTRAFF","VELOMATIC","512D","6416","ESTENSIONE DI APPROVAZIONE 5913 DEL 17/12/2024","04/11/2025 16:19:21","04/11/2025 16:19:21"
"CMSAP010","Polizia Locale Comune di Pontecagnano Faiano","G834","288","17/01/2018","Autovelox mobile","EngiNe srl","EnVES EVO MVDm 1507","MVDm 1507","CMP3754520","","09/12/2025 15:10:17","09/12/2025 15:10:17"
"CMSAP027","polizia municipale comune di Nocera Superiore","f913","1123","16052005","autovelox","sociscientifica","104","c2","38405","","28/11/2025 12:05:25","28/11/2025 12:05:25"
"CMSAP028","POLIZIA MUNICIPALE COMUNE DI CASAL VELINO","B895","AI SENSI DELL'ART.192 COMMA8  DEL DPR N.495","16/12/1992","DISPOSITIVO DI MISURA DELLA VELOCITA' DI VEICOLI","ELTRAFF SRL","TELELASER TRUCAM HD","LASER TECHNOLOGY INCORPORATED","TC013152","","09/12/2025 12:00:24","09/12/2025 12:00:24"
"CMSAP215","Polizia Locale Comune di Polla (SA)","G793","20923","02.03.2007","mobile","ELTRAFF","Velomatic","512D","1805-1825","estensione di approvazione 5913 del 17.12.2014","28/11/2025 14:32:39","28/11/2025 14:32:39"
"CMSAP229","COMUNE DI MONTECORVINO PUGLIANO","F480","DECRETO N.903","27.06.2006","AUTOVELOX","SODI SCIENTIFICA","104/E","5468/2014","944523","DISPOSITIVO MOBILE","21/02/2026 11:54:28","21/02/2026 11:54:28"
"CMSAP250","CMSAP25001","D390","2483","10/11/1993","AUTOVELOX","SODISCIENTIFICA","104/C2","DATO NON PRESENTE","42438","","04/12/2025 12:41:11","04/12/2025 12:41:11"
"CMSAP250","CMSAP25001","D390","354","05/02/2003","AUTOVELOX","SODISCIENTIFICA","105 SE","DATO NON PRESENTE","925177","","04/12/2025 12:41:11","04/12/2025 12:41:11"
"CMSIP000","POLIZIA LOCALE COMUNE DI SIENA","I726","5240","31/08/2017","Sistema rilevamento velocità media","Safety21 S.p.A.","VELOCAR RED&SPEED EVO M","ND","ND","","20/11/2025 16:29:41","20/11/2025 16:29:41"
"CMSIP000","POLIZIA LOCALE COMUNE DI SIENA","I726","5240","31/08/2017","Sistema rilevamento velocità media","Safety21 S.p.A.","VELOCAR RED&SPEED EVO M","ND","ND","","20/11/2025 16:29:41","20/11/2025 16:29:41"
"CMSIP000","POLIZIA LOCALE COMUNE DI SIENA","I726","3248","13/06/2011","Mobile","ELTRAFF","TELELASER","TRUCAM HD","ND","","20/11/2025 16:29:41","20/11/2025 16:29:41"
"CMSIP001","POLIZIA LOCALE SINALUNGA","A468","552","23/12/2021","STAZIONE INIZIALE RILEVAMENTO VELOCITA' MEDIA","ENGINE SPA","CELERITAS EVO 1506","D.M.  552/2021","AK0746H","RACCORDO SIENA-BETTOLLE KM. 45+260 DIR. SIENA","06/10/2025 08:28:42","06/10/2025 08:28:42"
"CMSIP001","POLIZIA LOCALE SINALUNGA","A468","552","23/12/2021","STAZIONE FINALE RILEVAMENTO VELOCITA' MEDIA","ENGINE SPA","CELERITAS EVO 1506","D.M.  552/2021","AN1627H","RACCORDO SIENA-BETTOLLE KM. 41+730 DIR. SIENA","06/10/2025 08:28:42","06/10/2025 08:28:42"
"CMSIP001","POLIZIA LOCALE SINALUNGA","A468","3248","13/06/2011","TELELASER","ELTRAFF","TRU-CAM HD","D.M. 3248/2011","TC007676","MOBILE","06/10/2025 08:28:42","06/10/2025 08:28:42"
"CMSIP002","CHIANCIANO TERME POLIZIA MUNICIPALE","C608","1123","16/05/2005","AUTOVELOX","SODI SCIENTIFICA","AUTOVELOX 104/C-2","104/C-2","915786","","11/10/2025 10:13:27","11/10/2025 10:13:27"
"CMSIP003","POLIZIA LOCALE RAPOLANO TERME","H185","290","25/07/2023","SISTEMA DI MISURAZIONE VELOCITA' MEDIA","ENGINE SPA","CELERITAS MVD","2022","AP0199K-AN0119K","SS 715 DIR. NORD","14/04/2026 13:09:32","14/04/2026 13:09:32"
"CMSIP003","POLIZIA LOCALE RAPOLANO TERME","H185","290","25/07/2023","SISTEMA DI MISURAZIONE VELOCITA' MEDIA","ENGINE SPA","CELERITAS MVD","2022","AN0124K-AP0194K","SS 715 DIR. SUD","14/04/2026 13:09:32","14/04/2026 13:09:32"
"CMSIP005","MONTEPULCIANO","F592","20923","02/03/2007","MOBILE","ELTRAFF","VELOMATIC","512D","4268-4256","","19/01/2026 12:22:29","01/12/2025 09:51:40"
"CMSIP005","MONTEPULCIANO","F592","3248","13/06/2011","MOBILE","ELTRAFF","TRUCAM","1","TC005249","","19/01/2026 12:22:29","13/10/2025 15:38:18"
"CMSIP006","Unione dei Comuni della Vali di Merse – Polizia Locale","I877","242","05/07/18","Telelaser","Eltraff","TruCam HD","TruCam HD","TC008268","","10/10/2025 08:47:49","10/10/2025 08:47:49"
"CMSIP006","Unione dei Comuni della Vali di Merse – Polizia Locale","I877","370","15/09/22","Autovelox","Eltraff","Velomatic","512D bidirezionale","4177/4156/5896","","10/10/2025 08:47:49","10/10/2025 08:47:49"
"CMSIP006","Unione dei Comuni della Vali di Merse – Polizia Locale","I877","370","15/09/22","Autovelox","Eltraff","Velomatic","512D bidirezionale","4224/4216/5463","","10/10/2025 08:47:49","10/10/2025 08:47:49"
"CMSIP006","Unione dei Comuni della Vali di Merse – Polizia Locale","I877","552","23/12/21","Stazione periferica di rilevamento velocita' media","Engine","Celeritas","Celeritas Evo 1506","AP1738H","","10/10/2025 08:47:49","10/10/2025 08:47:49"
"CMSIP006","Unione dei Comuni della Vali di Merse – Polizia Locale","I877","552","23/12/21","Stazione periferica di rilevamento velocita' media","Engine","Celeritas","Celeritas Evo 1506","AP1739H","","10/10/2025 08:47:49","10/10/2025 08:47:49"
"CMSIP009","CMSIP009","comune_di_buonconvento_polizia_locale","B269","prot1883_prot4121_prot46574","pr1883_29-3-13_pr4121_9-07-13_pr46574_18-7-25","rilevatore_di_velocita_autovelox","engine_srl","enves_evo_mvd","enves_evo_mvd","ae106d_elaboratore_cmp3004029_cmp3785223_laser","23/12/2025 15:13:35","23/12/2025 15:13:35"
"CMSIP012","MONTERONI D ARBIA POLIZIA MUNICIPALE","F605","342","02/102025","DISPOSITIVITIVO RILEVAMENTO ISTANTANEA FISSO","SAFETY 21 SPA","VELOCAR RED&SPEED EVO R","ND","424","DEC.APP N. 4708_012/08/2016 DEC. SUB TIT.  N. 227_04/07/2025 SR 2 CASSIA 204+905","23/10/2025 14:48:05","23/10/2025 14:48:05"
"CMSIP201","POLIZIA MUNICIPALE MONTALCINO CMSIP20101","M378","4020","21/06/2017","VARCO DI RILEVAMENTO DELLA VELOCITA' ISTANTANEA","ENGINE SPA","EnVES EVO MVD 1605","EnVES EVO MVD 1605 APP DM 4020 DEL 21/06/2017","sensore radar 0x00029569","","06/10/2025 09:15:57","06/10/2025 09:15:57"
"CMSIP202","CORPO POLIZIA PROVINCIALE SIENA","I726","3758","06/08/2014","Rilevatore di velocità in modalità instantanea","Sodi Scientifica","Autovelox 106","Non presente","949692","CPU N. 949855","07/10/2025 11:46:30","07/10/2025 11:46:30"
"CMSIP202","CORPO POLIZIA PROVINCIALE SIENA","I726","3758","06/08/2014","Rilevatore di velocità in modalità instantanea","Sodi Scientifica","Autovelox 106","Non presente","954625","CPU N. 955482","07/10/2025 11:46:30","07/10/2025 11:46:30"
"CMSIP204","COMUNE DI CASTELLINA IN CHIANTI","C172","3758","06/08/2014","RILEVATORE DI VELOCITA'","SODI SCIENTIFICA","AUTOVELOX","106","RILEVATORE 950495 CPU 950723","","06/10/2025 08:47:24","06/10/2025 08:47:24"
"CMSIP204","COMUNE DI CASTELLINA IN CHIANTI","C172","3758","06/08/2014","RILEVATORE DI VELOCITA'","SODI SCIENTIFICA","AUTOVELOX","106","RILEVATORE 958579 CPU 958687","","06/10/2025 08:47:25","06/10/2025 08:47:25"
"CMSOP001","Polizia Locale Livigno","E621","3248","13/06/2011","MOBILE","ELTRAFF","TELELASER","TRUCAM","TC007979","","28/11/2025 17:36:55","28/11/2025 17:36:55"
"CMSOP002","comune di chiavenna","C623","1565","04/02/2014","misuratore di velocità istantanea FISSO","PROJECT AUTOMATION","PASVC","misuratore FISSO","1810000251","strada comunale via Volta dir chiavenna chilometrica 0+029","06/11/2025 15:43:03","06/11/2025 15:38:29"
"CMSOP002","comune di chiavenna","C623","1565","04/02/2014","misuratore di velocità istantanea FISSO","PROJECT AUTOMATION","PASVC","misuratore FISSO","1710015529","strada comunale via Volta dir mese chilometrica 0+029","06/11/2025 15:43:03","06/11/2025 15:38:29"
"CMSOP002","comune di chiavenna","C623","4199","09/08/1997","misuratore di velocità istantanea","Laser Technology Incorporated","Telelaser LTI 20-20","misuratore mobile","12191","nd","06/11/2025 15:43:03","06/11/2025 15:43:03"
"CMSOP200","POLIZIA LOCALE TIRANO","L175","20923","02/03/2007","FISSO/MOBILE","ELTRAFF","VELOMATIC","512D","3075-890","","15/10/2025 08:23:19","15/10/2025 08:23:19"
"CMSOP200","POLIZIA LOCALE TIRANO","L175","3248","13/06/2011","MOBILE","ELTRAFF","TELELASER","TRUCAM HD","TC007674","","15/10/2025 08:23:19","15/10/2025 08:23:19"
"CMSOP203","SERVIZIO ASSOCIATO DI POLIZIA LOCALE BASSA VALTELLINA DI MORBEGNO","F712","3248","13/06/2011","MOBILE","ELTRAFF","TELELASER","TRUCAM","TC004135","","13/11/2025 10:13:36","13/11/2025 10:13:36"
"CMSOP203","SERVIZIO ASSOCIATO DI POLIZIA LOCALE BASSA VALTELLINA DI MORBEGNO","F712","3248","13/06/2011","MOBILE","ELTRAFF","TELELASER","TRUCAM","TC004132","","13/11/2025 10:13:36","13/11/2025 10:13:36"
"CMSOP203","SERVIZIO ASSOCIATO DI POLIZIA LOCALE BASSA VALTELLINA DI MORBEGNO","F712","3248","13/06/2011","MOBILE","ELTRAFF","TELELASER","TRUCAM HD","TC011200","","13/11/2025 10:13:36","13/11/2025 10:13:36"
"CMSOP204","COMUNE DI PONTE IN VALTELLINA POLIZIA LOCALE","G829","3248","13/06/2011","MOBILE","ELTRAFF","TELELASER","TRUCAM","TC003531","","09/10/2025 09:18:18","09/10/2025 09:18:18"
"CMSOP218","COMUNE DI TALAMONA","L035","1123","16/05/2005","DI MISURA DELLA VELOCITA ISTANTANEA","AUTOVELOX","104/C-2","104/C-2","908401","","29/10/2025 11:24:12","29/10/2025 11:24:12"
"CMSOP220","COMUNE DI BERBENNO DI VALTELLINA","A787","103683","30/12/2012","AUTOVELOX MOBILE","ELTRAFF","VELOMATIC","512D","5457/5449/5436","","04/12/2025 09:18:33","06/10/2025 11:12:27"
"CMSOP220","COMUNE DI BERBENNO DI VALTELLINA","A787","1824","20/03/2000","TELELASER","ELTRAFF","ELTRAFF","TLU-MU04-05-IT","UL016769/3157","","04/12/2025 09:18:33","04/12/2025 09:18:33"
"CMSOP223","COMUNE DI VALDIDENTRO POLIZIA LOCALE","L557","3248","13/06/2011","MOBILE","ELTRAFF","TELELASER","TRUCAM HD","TC010194","Estensione di approvazione 0000242 del 05/07/2018","11/10/2025 10:08:52","11/10/2025 10:08:52"
"CMSPP000","Polizia Locale della Spezia","E463","3248 e 242","13/06/2011 e 05/07/2018","MISURATORE DI VELOCITA' LASER PORTATILE","ELTRAFF","TRUECAMHD","01.08","TC010201","","08/10/2025 08:33:06","08/10/2025 08:33:06"
"CMSPP001","POLIZIA MUNICIPALE SARZANA","I449","5298-4910-5072-7175","27/10/2011-16/10/2014-27/10/2014-29/12/2016","AUTOVELOX-FISSO ISTANTANEA","KRIA","T-EXSPEED","V.2.0","2188","S.P. 21 Viale XXV Aprile KM 4+176","07/11/2025 11:40:26","07/11/2025 11:40:26"
"CMSPP001","POLIZIA MUNICIPALE SARZANA","I449","5298-4910-5072-7175","27/10/2011-16/10/2014-27/10/2014-29/12/2016","AUTOVELOX-FISSO MEDIA","KRIA","T-EXSPEED","V.2.0","2189","S.P. 21  Viale XXV Aprile KM 2+917","07/11/2025 11:40:26","07/11/2025 11:40:26"
"CMSPP001","POLIZIA MUNICIPALE SARZANA","I449","5298-4910-5072-7175","27/10/2011-16/10/2014-27/10/2014-29/12/2016","AUTOVELOX-FISSO MEDIA","KRIA","T-EXSPEED","V.2.0","2190","S.P. 21  Viale XXV Aprile KM 0+499","07/11/2025 11:40:26","07/11/2025 11:40:26"
"CMSPP006","COMUNE DI ARCOLA","A373","183","01/06/2020","Apparato di rilevamento di velocita' istantanea","EngiNe S.p.A.","EnVES EVO MVD 1605","1.2.0","0x00032A47","noleggio","22/12/2025 09:19:40","21/10/2025 15:53:30"
"CMSPP006","COMUNE DI ARCOLA","A373","550","23/12/2021","Apparato di rilevamento di velocita' istantanea","EngiNe S.p.A.","EnVES EVO MVD 1605","1.3.0","0x0003BA92","noleggio","22/12/2025 09:19:40","14/11/2025 08:56:12"
"CMSPP006","COMUNE DI ARCOLA","A373","550","23/12/2021","Apparato di rilevamento di velocita' istantanea","EngiNe S.p.A.","EnVES EVO MVD 1605","1.3.0","0x000399EA","noleggio","22/12/2025 09:19:40","21/10/2025 15:53:30"
"CMSPP006","COMUNE DI ARCOLA","A373","3248","13/06/2011","Apparato di rilevamento di velocita' istantanea","Eltraff S.r.l.","Telelaser","TruCam","TC001728","acquisto","22/12/2025 09:19:40","22/12/2025 09:19:40"
"CMSPP008","CMSPP008","COMUNE DI BOLANO","A932","378 del 09.09.2021","misuratore fisso velocità istantanea","Traffic Tecnology","TCS-Traffic Control System","non presente nel decreto","IMP.708230120-TCD.2201063005-TCE.S10A11007890","","31/03/2026 12:55:03","31/03/2026 12:55:03"
"CMSPP008","CMSPP008","COMUNE DI BOLANO","A932","288 del 17.01.2018","misuratore mobile velocità istantanea","CI.TI.ESSE","Enves Evo 1507","non presente nel decreto","CMP3852201-AG0057H-VE1365.1-ACCC8ECAC6F3","","31/03/2026 12:55:03","21/10/2025 12:53:07"
"CMSPP009","POLIZIA LOCALE COMUNE DI FOLLO","D655","DECRETO 4020","21/06/2017","AUTOVELOX FISSO","ENGINE SPA","ENVES EVO MVD 1605","AXIS P1365MKII","AJ0518H-0x00032B08","S.P. 10 della Val di Vara - Via Brigate Partigiane altezza civico n. 125 dir. Piana Battolla","24/10/2025 12:59:30","24/10/2025 12:59:30"
"CMSPP009","POLIZIA LOCALE COMUNE DI FOLLO","D655","DECRETO 4020","21/06/2017","AUTOVELOX FISSO","ENGINE SPA","ENVES EVO MVD 1605","AXIS P1365MKII","AJ0518H-0x0002C2C2","S.P. 10 della Val di Vara - Via Brigate Partigiane altezza civico n. 125 dir. Vezzano Ligure","24/10/2025 12:59:30","24/10/2025 12:59:30"
"CMSPP009","POLIZIA LOCALE COMUNE DI FOLLO","D655","DECRETO 29830","03/04/2008","TELELASER","LINDBLAD  & PIANA SRL","TRAFFIPATROL XR","XR","507-207/09730","","24/10/2025 12:59:30","24/10/2025 12:59:30"
"CMSPP010","POLIZIA LOCALE COMUNE DI SANTO STEFANO DI MAGRA","I363","1550 DEL 17.03.2017","21/06/2017","RILEVATORE VELOCITA' ISTANTANEA","ENGINE SPA","ENVESS EVO MVD","MVD 1605","0X00028BF4","SS 62 DELLA CISA VIA CISA SUD KM 4+095 DIR AULLA","25/03/2026 07:44:15","11/11/2025 11:12:09"
"CMSPP010","POLIZIA LOCALE COMUNE DI SANTO STEFANO DI MAGRA","I363","1550 DEL 17.03.2017","21/06/2017","RILEVATORE VELOCITA' ISTANTANEA","ENGINE SPA","ENVESS EVO MVD","MVD 1605","0X0003E5AE","SS 62 DELLA CISA VIA CISA NORD KM 7+710 DIR AULLA","25/03/2026 07:44:15","14/02/2026 08:22:31"
"CMSPP010","POLIZIA LOCALE COMUNE DI SANTO STEFANO DI MAGRA","I363","1550 DEL 17.03.2017","21/06/2017","RILEVATORE VELOCITA' ISTANTANEA","ENGINE SPA","ENVESS EVO MVD","MVD 1605","0X0003BA25","SS 62 DELLA CISA VIA CISA NORD KM 7+710 DIR SARZANA","25/03/2026 07:44:15","14/02/2026 08:22:31"
"CMSPP010","POLIZIA LOCALE COMUNE DI SANTO STEFANO DI MAGRA","I363","1550 DEL 17.03.2017","21/06/2017","RILEVATORE VELOCITA' ISTANTANEA","ENGINE SPA","ENVESS EVO MVD","MVD 1605","0X0002C2A0","SS 62 DELLA CISA VIA CISA SUD KM 4+095 DIR SARZANA","25/03/2026 07:44:15","11/11/2025 11:12:09"
"CMSPP201","Polizia Locale Ameglia (SP)","DM1N2V","4020","21/06/2017","RILEVAZIONE ISTANTANEA DI VELOCITA'","ENGINE SPA","EnVES EVO MVD","1605","0x00039A48","NOLEGGIO","25/11/2025 12:30:14","21/11/2025 08:03:06"
"CMSPP206","Comune di Vezzano Ligure Polizia Locale","L819","Decreto dirigenziale n. 378","09/09/2021","Misuratore fisso velocità istantanea","Traffic Tecnology","TCS - Traffic Control System","Non presente nel decreto","IMP.709230120-TCD.211279007-TCE.S10A11008166","","14/10/2025 10:05:56","14/10/2025 10:05:56"
"CMSPP209","POLIZIA LOCALE CALICE AL CORNOVIGLIO (SP)","B410","553","24/12/2021","1505","ENGINE SPA","EnVES EVO MVD","1505","CMP3581408","NOLEGGIO","19/02/2026 16:08:00","17/02/2026 11:53:14"
"CMSPP209","POLIZIA LOCALE CALICE AL CORNOVIGLIO (SP)","B410","553","24/12/2021","1505","ENGINE SPA","EnVES EVO MVD","1505","CMP3755520","NOLEGGIO","19/02/2026 16:08:00","17/02/2026 11:53:14"
"CMSPP211","Polizia Municipale Riccò del Golfo(SP)","H275","R.0000236","05/06/2023","RILEVAZIONE VELOCITA' PUNTUALE FISSO","KRIA","T-EXSPEED","089089051321AA0","4410196","S.S.1 Aurelia km 425+580 Dir. Genova","04/11/2025 10:54:37","04/11/2025 10:54:37"
"CMSPP211","Polizia Municipale Riccò del Golfo(SP)","H275","R.0000236","05/06/2023","RILEVAZIONE VELOCITA' PUNTUALE FISSO","KRIA","T-EXSPEED","089089051321AA0","4410197","S.S.1 Aurelia km 426+370 Dir. La Spezia","04/11/2025 10:54:37","04/11/2025 10:54:37"
"CMSPP215","COMUNE DI DEIVA MARINA","D265","236","05/06/2023","AUTOVELOX - VELOCITA' ISTANTANEA","KRIA","T-EXSPEED","T-EXSPEED","4410234","SS 1 Aurelia - Km. 457+460 Dir. Genova - Decreto Prefettizio n. 48215 del 29/10/2024","22/10/2025 08:25:40","22/10/2025 08:25:40"
"CMSPP217","Polizia Locale Comune di Carrodano","B839","236","05/06/2023","Autovelox fisso","Kria srl","T-EXSPEED","089089051321AA0","4410172","","20/10/2025 11:47:34","20/10/2025 11:47:34"
"CMSRP002","Comune di Rosolini","H574","3758/325","06/08/2014_27/09/2019","Autovelox","Sodi Scientifica srl","106","106","956795","","19/11/2025 11:35:05","11/11/2025 19:02:20"
"CMSRP004","POLIZIA MUNICIPALE AVOLA","A522","20923","02/03/2007","FISSO/MOBILE","ELTRAFF","VELOMATIC","512D","773-829","Estensione di approvazione 103683 del 30/12/2010","25/11/2025 19:47:16","25/11/2025 19:47:16"
"CMSRP004","POLIZIA MUNICIPALE AVOLA","A522","1824","20/03/2000","MOBILE","ELTRAFF","TELELASER","ULTRALYTE","3850-UL019395","","25/11/2025 19:47:16","25/11/2025 19:47:16"
"CMSRP007","CMSR000","E532","2483_1123","10_11_1993__16_05_2005","Autovelox_mobile","Sodi_Scientifica_srl","Autovelox_104_C2","C2","906801_900656","In_riparazione_presso_Sodi_Scientifica","05/11/2025 12:53:52","05/11/2025 12:53:52"
"CMSRP203","POLIZIA MUNICIPALE FRANCOFONTE","D768","1323","08.03.2012","DINAMICO","SINTEL ITALIA","SCOUT SPEED","SCOUT SPEED","1220149","NN","26/11/2025 11:08:22","26/11/2025 11:08:22"
"CMSRP203","POLIZIA MUNICIPALE FRANCOFONTE","D768","1323","08.03.2012","DINAMICO","SINTEL ITALIA","SCOUT SPEED","SCOUT SPEED","4217","NN","26/11/2025 11:08:22","26/11/2025 11:08:22"
"CMSRP211","POLIZIA MUNICIPALE DI SIRACUSA","I754","3248 – ESTENSIONE APPROV 242 DEL 05/07/2018","13/06/2011","MOBILE","ELTRAF","TELELASER","TRUCAM HD","7675","","12/11/2025 13:18:36","12/11/2025 13:18:36"
"CMSSP000","COMUNE DI SASSARI – POLIZIA LOCALE","I452","20923","02/03/2007","FISSO/MOBILE","ELTRAFF","VELOMATIC","512D","05337-00276-00277","ESTENSIONE DI APPROVAZIONE 103683 DEL 30/12/2010","09/10/2025 09:28:01","09/10/2025 09:28:01"
"CMSSP000","COMUNE DI SASSARI – POLIZIA LOCALE","I452","4199","08/09/1997","MOBILE","ELTRAFF","TELELASER","LTI 20-20","13005","ESTENSIONE DI APPROVAZIONE 4353 DEL 15/09/1997","09/10/2025 09:28:01","09/10/2025 09:28:01"
"CMSSP000","COMUNE DI SASSARI – POLIZIA LOCALE","I452","1824","20/03/2000","MOBILE","ELTRAFF","TELELASER","MICRODIGICAM","UL020082","ESTENSIONE DI APPROVAZIONE 534 DEL 08/05/2003","09/10/2025 09:28:01","09/10/2025 09:28:01"
"CMSSP000","COMUNE DI SASSARI – POLIZIA LOCALE","I452","3248","13/06/2011","MOBILE","ELTRAFF","TELELASER","TRUCAM HD","TC008657","ESTENSIONE DI APPROVAZIONE 242 DEL 05/07/2018","09/10/2025 09:28:01","09/10/2025 09:28:01"
"CMSSP000","COMUNE DI SASSARI – POLIZIA LOCALE","I452","20923","02/03/2007","FISSO/MOBILE","ELTRAFF","VELOMATIC","512D","05337-00276-00277","ESTENSIONE DI APPROVAZIONE 103683 DEL 30/12/2010","14/10/2025 09:37:34","14/10/2025 09:37:34"
"CMSSP000","COMUNE DI SASSARI – POLIZIA LOCALE","I452","4199","08/09/1997","MOBILE","ELTRAFF","TELELASER","LTI 20-20","13005","ESTENSIONE DI APPROVAZIONE 4353 DEL 15/09/1997","14/10/2025 09:37:34","14/10/2025 09:37:34"
"CMSSP000","COMUNE DI SASSARI – POLIZIA LOCALE","I452","1824","20/03/2000","MOBILE","ELTRAFF","TELELASER","MICRODIGICAM","UL020082","ESTENSIONE DI APPROVAZIONE 534 DEL 08/05/2003","14/10/2025 09:37:34","14/10/2025 09:37:34"
"CMSSP000","COMUNE DI SASSARI – POLIZIA LOCALE","I452","3248","13/06/2011","MOBILE","ELTRAFF","TELELASER","TRUCAM HD","TC008657","ESTENSIONE DI APPROVAZIONE 242 DEL 05/07/2018","14/10/2025 09:37:34","14/10/2025 09:37:34"
"CMSSP001","POLIZIA LOCALE - COMUNE DI OLBIA","ND","3248","13/06/2011","MOBILE","ELTRAFF","TELELASER","TRUCAM","TC001240","'--","19/12/2025 08:33:53","19/12/2025 08:33:53"
"CMSSP007","POLIZIA LOCALE COMUNE DI PORTO TORRES","G924","3758","06/08/2014","Rilevatore di velocità in modalità istantanea","Sodi Scientifica","Autovelox 106","CPU – 949413","948997","L’apparecchiatura è attualmente in fase di taratura e revisione presso un centro Accredia – revisione scaduta il 03/05/2025","21/10/2025 13:37:13","21/10/2025 13:37:13"
"CMSSP219","COMUNE DI ITTIRI","E377","3248","13/06/11","MOBILE","ELTRAFF","TELELASER","TruCam","TC005256","","21/11/2025 12:00:21","21/11/2025 12:00:21"
"CMSVP000","POLIZIA LOCALE SAVONA","I480","1824","20/03/00","TELELASER","ELTRAFF","ULTARLYTE","ULTRALYTE","UL015785","","15/10/2025 15:41:16","15/10/2025 15:41:16"
"CMSVP001","Comune di Sanremo Polizia Locale","I138","3758","06/08/2014","Rilevatore di velocita in modalita istantanea","Sodi Scientifica","Autovelox","106","958582","","14/11/2025 08:10:43","14/11/2025 08:10:43"
"CMSVP001","Comune di Sanremo Polizia Locale","I138","3758","06/08/2014","Rilevatore di velocita in modalita istantanea","Sodi Scientifica","Autovelox","106","958759","","14/11/2025 08:10:43","14/11/2025 08:10:43"
"CMSVP001","Comune di Sanremo Polizia Locale","I138","3758","06/08/2014","Rilevatore di velocita in modalita istantanea","Sodi Scientifica","Autovelox","106","959279","","14/11/2025 08:10:43","14/11/2025 08:10:43"
"CMSVP001","Comune di Sanremo Polizia Locale","I138","3758","06/08/2014","Rilevatore di velocita in modalita istantanea","Sodi Scientifica","Autovelox","106","959282","","14/11/2025 08:10:43","14/11/2025 08:10:43"
"CMSVP002","polizia locale","a166","103683","30,12,2010","velomatic","eltraff","512d","roe.mvas","1326-1324-612","","29/11/2025 08:54:33","29/11/2025 08:54:33"
"CMSVP004","ND","ND","3248","13/06/2011","MOBILE","ELTRAFF","TELELASER","TRUCAM","ND","","18/12/2025 15:48:13","18/12/2025 15:48:13"
"CMSVP004","ND","ND","20923","02/03/2007","FISSO/MOBILE","ELTRAFF","VELOMATIC","512D","ND","Estensione di approvazione 103683 del 30/12/2010","18/12/2025 15:48:13","18/12/2025 15:48:13"
"CMSVP005","COMUNE FINALE LIGURE","D600","3758","06/08/14","Rilevatore di velocità in modalità istantanea","Sodi Scientifica","Autovelox 106","106","958584","","31/10/2025 15:14:19","31/10/2025 15:14:19"
"CMSVP007","POLIZIA LOCALE COMUNE DI LOANO","E632","20923","02/03/07","FISSO/MOBILE","ELTRAFF","VELOMATC","512D","4896-5005","","06/10/2025 13:30:44","06/10/2025 13:30:44"
"CMSVP007","POLIZIA LOCALE COMUNE DI LOANO","E632","3248","13/06/11","MOBILE","ELTRAFF","TELELASER","TRUCAM","TC002039","","06/10/2025 13:30:44","06/10/2025 13:30:44"
"CMSVP008","POLIZIA LOCALE COMUNE DI ALBENGA","A145","20923","02/03/2007","MOBILE","ELTRAFF","VELOMATIC","512D","5799","ESTENSIONE APPROVAZIONE 5913 DEL 17/12/2014","28/11/2025 09:29:41","28/11/2025 09:29:41"
"CMSVP009","POLIZIA LOCALE CELLE LIGURE (SV)","C443","3248","13/06/2011","MOBILE","ELTRAFF","TELELASER","TRUCAM HD","TC014433","Estensione di approvazione n.242 del 05/07/2018 - decreto di conferma approvazione n.42 del 17/02/2026","25/03/2026 17:38:39","25/03/2026 17:38:39"
"CMSVP011","POLIZIA MUNICIPALE DI VADO LIGURE","L528","3758","06/08/2014","RILEVATORE DI VELOCITA' IN MODALITA' ISTANTANEA","SODI SCIENTIFICA","AUTOVELOX","106","953418","","12/11/2025 15:08:07","12/11/2025 15:08:07"
"CMSVP011","POLIZIA MUNICIPALE DI VADO LIGURE","L528","3248","13/06/2011","MOBILE","ELTRAFF","TELELASER","TRUCAM HD","TC010182","","12/11/2025 15:08:07","12/11/2025 15:08:07"
"CMSVP012","Comune Borgio Verezzi","B005","378","09/09/2021","Dispositivo fisso velocità istantanea","Traffic Tecnology","TCS-traffic control system","non presente nel decreto","IMP.201230113-TCD.211279009-TCE.S10A11008210","","27/10/2025 11:53:05","27/10/2025 11:53:05"
"CMSVP012","Comune Borgio Verezzi","B005","378","09/09/2021","Dispositivo fisso velocità istantanea","Traffic Tecnology","TCS-traffic control system","non presente nel decreto","IMP.201230114-TCD.2201063012-TCE.S10A11006994","","27/10/2025 11:53:05","27/10/2025 11:53:05"
"CMSVP013","Comune di Pietra Ligure","G605","378","09/09/2021","Dispositivo fisso velocità istantanea","Traffic Tecnology","TCS - Traffic Control System","ND","IMP.715230303-TCD.2201063009-TCE.S10A11006963","","11/12/2025 08:03:40","20/10/2025 08:18:40"
"CMSVP013","Comune di Pietra Ligure","G605","378","09/09/2021","Dispositivo fisso velocità istantanea","Traffic Tecnology","TCS - Traffic Control System","ND","IMP.715230304-TCD.2028005943-TCE.S10A11007966","","11/12/2025 08:03:40","20/10/2025 08:18:40"
"CMSVP013","Comune di Pietra Ligure","G605","3248","13/06/2011","Dispositivo Mobile","Eltraff","Telelaser","Trucam","TC005258","","11/12/2025 08:03:40","20/10/2025 08:18:40"
"CMSVP014","CAIRO MONTENOTTE POLIZIA MUNICIPALE","b369","3248","13/06/2011","MOBILE","ELTRAFF","TELELASER","TRUCAM HD","TC010697","","06/11/2025 13:28:58","06/11/2025 13:27:28"
"CMSVP014","CAIRO MONTENOTTE POLIZIA MUNICIPALE","B369","1824","20/03/2000","MOBILE","ELTRAFF","TELELASER","ULTRALYTE","UL009216","","06/11/2025 13:28:58","06/11/2025 13:27:28"
"CMSVP016","Spotorno Polizia Locale","I926","48","01/03/2021","Dispositivo rilevamento velocità istantanea fisso","Safety21 S.p.A.","AGUIA Red & Speed","AGUIA-T5-5-R","16370","Dec.sub.tit.n.227_04/07/2025 SP 8 ALTEZZA SVINCOLO VIA LA TORRE MARE-MONTI - MONTI-MARE","27/10/2025 15:34:54","27/10/2025 15:34:54"
"CMSVP017","POLIZIA LOCALE COMUNE DI BORGHETTO SANTO SPIRITO","A999","3758","06/08/2014","RILEVATORE DI VELOCITA' IN MODALITA' ISTANTANEA","SODI SCIENTIFICA","AUTOVELOX 106","NON PRESENTE","960487","","17/11/2025 14:58:21","17/11/2025 14:58:21"
"CMSVP205","CMSV0025","C510","20923","02/03/2007","FISSO-MOBILE","ELTRAFF","VELOMATIC","512D","7156-7093","","27/11/2025 11:48:15","27/11/2025 11:48:15"
"CMSVP210","Polizia Locale Comune di Carcare","B748","R. 0000242","05/07/2018","Telelaser","ELTRAFF","Telelaser Tru-Cam","Telelaser TruCam HD","TC009464","","28/10/2025 11:12:42","28/10/2025 11:12:42"
"CMSVP218","Polizia Locale Comune di Noli","F926","20923","02/03/07","misuratore di velocità mobile","Eltraff","Velomatic 512","512","1228-1235 (ROE) + 572 (MVAS)","Estensione approvazione n 5913 del 17/12/2014","05/12/2025 14:22:49","05/12/2025 14:22:49"
"CMSVP220","COMUNE DI QUILIANO UFFICIO PM","H126","decreto dirigenziale n.356","18/08/2021","dispositivo automatico velocità istantanea","Maggioli s.p.a.","Autosc@n Speed","non presente","2025.0108","DIREZIONE VADO LIGURE","07/01/2026 13:01:57","19/12/2025 11:16:19"
"CMSVP220","COMUNE DI QUILIANO UFFICIO PM","H126","decreto dirigenziale n.356","18/08/2021","dispositivo automatico velocità istantanea","Maggioli s.p.a.","Autosc@n Speed","non presente","2025.0109","DIREZIONE SAVONA","07/01/2026 13:01:57","19/12/2025 11:16:19"
"CMSVP220","COMUNE DI QUILIANO UFFICIO PM","H126","3758","05/08/2014","dispositivo automatico velocità istantanea","Sodi Scientifica","Autovelox 106","non presente","956342 + cpu 955892","estensione approvaz. del MIT. n. 1276 del 06/03/2017","07/01/2026 13:01:57","21/10/2025 11:58:51"
"CMTAP004","POLIZIA LOCALE COMUNE DI MASSAFRA","F027","236","05/06/2023","RILEVATORE VELOCITA' ISTANTANEA","Kria S.r.l.","T-EXSPEED","089089051321AA0","4410207","","27/10/2025 18:15:34","27/10/2025 18:15:34"
"CMTAP006","Comune di Grottaglie (Taranto)","E205","372","08.10.2020","dispositivo di misura della velocità istantanea","Italtraff srl Manduria","Photored","F17Dr","23","","02/03/2026 13:15:29","02/03/2026 13:15:29"
"CMTAP207","COMANDO DI POLIZIA LOCALE DI STATTE","M298","31329","11/06/2021","RILEVATORE VELOCITA' MOBILE","SODI SCIENTIFICA SRL","AUTOVELOX 106","MODELLO 106","MATR. CPU 952027 - RILEVATORE LASER MATR 951194","","21/10/2025 10:29:24","21/10/2025 10:29:24"
"CMTAP213","COMANDO POLIZIA LOCALE MOTTOLA","F784","5298-4910-5072-7175","27/10/2011-16/10/2014-27/10/2014-29/12/2016","AUTOVELOX - VELOCITA' MEDIA","KRIA","T-EXSPEED","V 2.0","2177","S.S. 100 dal km 59 + 450 Dir. Taranto","20/11/2025 11:36:17","20/11/2025 11:36:17"
"CMTAP213","COMANDO POLIZIA LOCALE MOTTOLA","F784","5298-4910-5072-7175","27/10/2011-16/10/2014-27/10/2014-29/12/2016","AUTOVELOX - VELOCITA' MEDIA","KRIA","T-EXSPEED","V 2.0","2132","S.S. 100 dal km 65 + 050 Dir. Taranto","20/11/2025 11:36:17","20/11/2025 11:36:17"
"CMTAP214","COMANDO POLIZIA LOCALE DI TORRICELLA (TA)","L294","3248","13/06/2011","MOBILE","ELTRAFF","TELELASER","TRUCAM","TC005833","","28/11/2025 13:01:13","28/11/2025 13:01:13"
"CMTAP215","Polizia Locale del Comune di Taranto","L049","3556","30/06/2011","Autovelox Mobile","Sodi Scientifica S.r.l.","Autovelox 105/SE","Hardware""E""","Rilevatore 945181 - Cpu 944724","","17/11/2025 12:03:24","17/11/2025 12:03:24"
"CMTEP002","POLIZIA LOCALE MOSCIANO SANT'ANGELO","F764","305","18/08/2025","AUTOVELOX","SODI SCIENTIFICA","104 C-2","ITALIA LUGLIO 1994","1482","certificato taratura lat 101 del 29/01/2025","08/10/2025 11:29:01","08/10/2025 11:29:01"
"CMTEP003","POLIZIA LOCALE ALBA ADRIATICA","A125","1824","20/03/2000","MOBILE","ELTRAFF","TELELASER","ULTRALYTE","UL004129","","29/11/2025 09:50:09","29/11/2025 09:50:09"
"CMTEP004","telelaser trueCam","l307","3248","13/06/2011","telelaser","eltraff","trueCam","telelaser","TC002064","","06/02/2026 14:32:59","17/11/2025 10:20:41"
"CMTEP006","COMUNE MONTORIO AL VOMANO - POLIZIA LOCALE","F690","5913","17/12/2014","AUTOVELOX MOBILE","ELTRAFF S.R.L.","VELOMATIC 512D - CON DISPOSITIVO 2F","FOTOCAMERA DIGITALE FT1D","3668-3680","","09/10/2025 07:16:02","09/10/2025 07:16:02"
"CMTEP202","POLIZIA LOCALE COMUNE DI MORRO D'ORO","CMTEP202","2483","10.11.1993","AUTOVELOX","SODI SCIENTIFICA","VELOMATIC","104/C2","32812","","28/11/2025 16:04:36","28/11/2025 16:03:54"
"CMTEP203","POLIZIA LOCALE COMUNE DI NERETO","F870","2961;3480;103683;54","27/11/1989;19/09/1996;30/12/2010;08/03/2021","MANUALE;MOBILE","ELTRAFF","VELOMATIC","512D+/2F","2119;2091","","19/11/2025 12:44:07","19/11/2025 12:44:07"
"CMTEP203","POLIZIA LOCALE COMUNE DI NERETO","F870","2961;3480;103683;54","27/11/1989;19/09/1996;30/12/2010;08/03/2021","MANUALE;MOBILE","ELTRAFF","VELOMATIC","512D+/2F","3648;3662","","19/11/2025 12:44:07","19/11/2025 12:44:07"
"CMTEP203","POLIZIA LOCALE COMUNE DI NERETO","F870","2961;3480;103683;54","27/11/1989;19/09/1996;30/12/2010;08/03/2021","MANUALE;MOBILE","ELTRAFF","VELOMATIC","512D+/2F","3649;3663","","19/11/2025 12:44:07","19/11/2025 12:44:07"
"CMTEP205","COMANDO POLIZIA PROVINCIALE TERAMO","L103","1824","20/03/2000","MOBILE","ELTRAFF","TELELASER","ULTRALYTE","UL007246","","22/01/2026 09:39:14","27/10/2025 15:55:30"
"CMTEP205","COMANDO POLIZIA PROVINCIALE TERAMO","L103","342","02/10/2025","Dispositivo rilevamento velocità istantanea fisso","Safety21 S.p.A.","VRS-EVO-R","VRS-EVO-T12-5-R","561","Dec.App.n.4708_01/08/2016 Dec.est.n.129_07/04/2021 Dec.sub.tit.n.227_04/07/2025 S.P. 3 al km 6+680 in dir. Campli","22/01/2026 09:39:14","27/10/2025 15:55:30"
"CMTEP207","Comune di Penna Sant'Andrea","G437","20923","02/03/2007","fisso-mobile","ELTRAFF","VELOMATIC","512D+","1835-1810","estensione di approvazione n. 0000054 del 08/03/21","20/11/2025 08:21:14","20/11/2025 08:21:14"
"CMTEP207","Comune di Penna Sant'Andrea","G438","20923","03/03/2007","fisso-mobile","ELTRAFF","VELOMATIC","512D+","7626-7792","estensione di approvazione n. 0000054 del 08/03/21","20/11/2025 08:21:14","20/11/2025 08:21:14"
"CMTEP207","Comune di Penna Sant'Andrea","G439","20923","04/03/2007","fisso-mobile","ELTRAFF","VELOMATIC","512D","7210-7165","estensione di approvazione n. 103683 del 30/12/10","20/11/2025 08:21:14","20/11/2025 08:21:14"
"CMTEP207","Comune di Penna Sant'Andrea","G440","20923","05/03/2007","fisso-mobile","ELTRAFF","VELOMATIC","512D","4053-4099","estensione di approvazione n. 5913 del 17/12/14","20/11/2025 08:21:14","20/11/2025 08:21:14"
"CMTEP207","Comune di Penna Sant'Andrea","G441","20923","06/03/2007","fisso-mobile","ELTRAFF","VELOMATIC","512D","5189","estensione di approvazione n. 103683 del 30/12/10","20/11/2025 08:21:14","20/11/2025 08:21:14"
"CMTEP209","POLIZIA LOCALE COMUNE DI CASTELLALTO","C128","20923 SS.MM.II.","02/03/2007","AUTOVELOX","ELTRAFF","VELOMATIC","512-D","00097-4094","","20/10/2025 14:13:59","20/10/2025 14:13:59"
"CMTEP216","COMUNE DI TOSSICIA","L314","PRT. 68855","29/09/2025","AUTOVELOX","ELTRAFF","VELOMATIC","512d","3147+3078","","28/10/2025 12:27:26","28/10/2025 12:27:26"
"CMTEP228","POLIZIA LOCALE COMUNE DI CASTIGLIONE MESSER RAIMONDO","C316","2961;3480;103683;54","27/11/1989;19/09/1996;30/12/2010;08/03/2021","MANUALE;MOBILE","ELTRAFF","VELOMATIC","512D+/2F","2119;2091","","19/11/2025 09:56:22","19/11/2025 09:56:22"
"CMTEP228","POLIZIA LOCALE COMUNE DI CASTIGLIONE MESSER RAIMONDO","C316","2961;3480;103683;54","27/11/1989;19/09/1996;30/12/2010;08/03/2021","MANUALE;MOBILE","ELTRAFF","VELOMATIC","512D+/2F","3648;3662","","19/11/2025 09:56:22","19/11/2025 09:56:22"
"CMTEP228","POLIZIA LOCALE COMUNE DI CASTIGLIONE MESSER RAIMONDO","C316","2961;3480;103683;54","27/11/1989;19/09/1996;30/12/2010;08/03/2021","MANUALE;MOBILE","ELTRAFF","VELOMATIC","512D+/2F","3649;3663","","19/11/2025 09:56:22","19/11/2025 09:56:22"
"CMTNP000","COMUNE DI TRENTO","L378","183","01/06/2020","Apparato di rilevamento di velocita' istantanea","EngiNe S.p.A.","EnVES EVO MVD 1605","EnVES EVO MVD 1605 - Appr. Min. 183 del 01/06/2020","0x000324B0","","17/12/2025 12:29:50","17/12/2025 12:29:50"
"CMTNP000","COMUNE DI TRENTO","L378","183","01/06/2020","Apparato di rilevamento di velocita' istantanea","EngiNe S.p.A.","EnVES EVO MVD 1605","EnVES EVO MVD 1605 - Appr. Min. 183 del 01/06/2020","0x000324B1","","17/12/2025 12:29:50","17/12/2025 12:29:50"
"CMTNP000","COMUNE DI TRENTO","L378","550","23/12/2021","Apparato di rilevamento di velocita' istantanea","EngiNe S.p.A.","EnVES EVO MVD 1605","EnVES EVO MVD 1605 - Appr. Min. 550 del 23/12/2021","0x0002C29F","","17/12/2025 12:29:50","21/10/2025 13:04:08"
"CMTNP000","COMUNE DI TRENTO","L378","3758","06/08/2014","Apparato di rilevamento di velocita' istantanea","SODI Scientifica SpA","Autovelox 106","Autovelox 106 -  Appr. Min. 3758 del 6/08/2014","Rilevatore: 953502  Elaboratore: 954716","","17/12/2025 12:29:50","21/10/2025 13:04:08"
"CMTNP003","Comune di Rovereto","H612","356","18/08/2021","Fisso","Maggioli S.p.A.","AutoSc@n Speed","Versione A","2023.0081","rovereto","03/10/2025 13:48:58","03/10/2025 13:48:58"
"CMTNP003","Comune di Isera","E334","356","18/08/2021","Fisso","Maggioli S.p.A.","AutoSc@n Speed","Versione A","2024.0093","isera","03/10/2025 13:48:58","03/10/2025 13:48:58"
"CMTNP003","Comune di Rovereto","H612","20923","02/03/2007","Mobile","Eltraff s.r.l.","Velomatic","512 D","494-495 + 1349","Estensione approvazione 103683 del 30/12/2010","03/10/2025 13:48:58","03/10/2025 13:48:58"
"CMTNP003","Comune di Rovereto","H612","3248","13/06/2011","Mobile","Eltraff s.r.l.","Telelaser","Tru-Cam","tc003076","rovereto","03/10/2025 13:48:58","03/10/2025 13:48:58"
"CMTNP003","Comune di Rovereto","H612","1824","20/03/2000","Mobile","Eltraff s.r.l.","Telelaser","Ultralyte","ul005346","rovereto","03/10/2025 13:48:58","03/10/2025 13:48:58"
"CMTNP005","COMUNE DI PERGINE VALSUGANA","G452","3758","41857","POSTAZIONE FISSA","SODI SCIENTIFICA","AUTOVELOX 106","NON DISPONIBILE","954609 CPU 955095","S.S.47  DIREZIONE  PADOVA","16/10/2025 08:57:37","16/10/2025 08:57:37"
"CMTNP005","COMUNE DI PERGINE VALSUGANA","G452","3758","41857","POSTAZIONE FISSA","SODI SCIENTIFICA","AUTOVELOX 106","NON DISPONIBILE","958761-958762 CPU 959176","S.S.47 DIREZIONE TRENTO","16/10/2025 08:57:37","16/10/2025 08:57:37"
"CMTNP007","POLIZIA LOCALE ROTALIANA","F187","n.3248","13/06/2011","Mobile","ELTRAFF","Telelaser","TruCam HD","TC008660","estensione di approvazione 0000242 del 05/07/2018","28/10/2025 09:24:02","28/10/2025 09:24:02"
"CMTNP007","POLIZIA LOCALE ROTALIANA","F187","n. 4199","08/09/1997","Mobile","Eltraff","Telelaser","LT2020","13269","estensione di approvazione 4353 del 15/09/1997","28/10/2025 09:24:02","28/10/2025 09:24:02"
"CMTNP008","CORPO POLIZIA LOCALE MORI BRENTONICO","F728","356","18/08/21","dispositivo automatico velocità istantanea","Maggioli s.p.a.","Autosc@n Speed","non presente","2022.0048","","09/10/2025 12:19:58","09/10/2025 12:19:58"
"CMTNP008","CORPO POLIZIA LOCALE MORI BRENTONICO","F728","3248","13/06/11","MOBILE","ELTRAFF","TELELASER","TRUCAM","TC004718","Utilizzato su Comune di Mori (F728) e Brentonico (B153) Aderenti alla Gestione Associata","09/10/2025 12:19:58","09/10/2025 12:19:58"
"CMTNP009","COMUNE DI LAVIS - POLIZIA MUNICIPALE","E500","3248","13/06/2011","MOBILE","ELTRAFF","TELELASER","TRUCAM HD","TC006376","ESTENSIONE DI APPROVAZIONE N. 242 DEL 05/07/2018","06/10/2025 14:12:47","06/10/2025 14:12:47"
"CMTNP009","COMUNE DI LAVIS - POLIZIA MUNICIPALE","E500","1123","16/05/2005","MOBILE","SODI SCIENTIFICA","AUTOVELOX","104/C-2","908403 (rilevatore) - 905457 (elaboratore)","","06/10/2025 14:12:47","06/10/2025 14:12:47"
"CMTNP201","POLIZIA MUNICIPALE BORGO VALSUGANA","G168","378","09/09/2021","fisso","Traffic Tecnology","TCS-Traffic Control System","TCS-Traffic Control System","727230904","","30/10/2025 15:20:25","30/10/2025 15:20:25"
"CMTNP201","POLIZIA MUNICIPALE BORGO VALSUGANA","E178","356","18/08/2021","fisso","Maggioli S.p.A.","Autosc@n Speed","Autosc@n Speed","2022.0038","","30/10/2025 15:20:25","30/10/2025 15:20:25"
"CMTNP201","POLIZIA MUNICIPALE BORGO VALSUGANA","B006","3248","13/06/2011","MOBILE","Laser Technology Incorporated/Eltraff srl","Telelaser Trucam","Telelaser Trucam","TC001945","","30/10/2025 15:20:25","30/10/2025 15:20:25"
"CMTNP201","POLIZIA MUNICIPALE BORGO VALSUGANA","B006","242","05/07/2018","MOBILE","Laser Technology Incorporated/Eltraff srl","Telelaser Trucam HD","Telelaser Trucam HD","TC008529","","30/10/2025 15:20:25","30/10/2025 15:20:25"
"CMTNP203","Polizia Locale Comune di Cavalese","C372","Decreto Dirigenziale 324","13/06/2011","Telelaser","Laser Technology Inc.","TruCam","Base","TC005821","","24/10/2025 12:57:44","24/10/2025 12:57:44"
"CMTNP211","DM5GFK","POLIZIA MUNICIPALE CLES","C794","3248","13/06/2011","MOBILE","ELTRAFF","TELELASER","TRUCAM","TC005834","20/11/2025 10:56:04","20/11/2025 10:56:04"
"CMTNP211","DM5GFK","POLIZIA MUNICIPALE CLES","C794","2483","10/11/1933","MOBILE","SODI SCIENTIFICA","AUTOVELOX 104/C-2","/ / /","900587","20/11/2025 10:56:04","20/11/2025 10:56:04"
"CMTNP212","COMUNE DI PREDAZZO","H018","3248","13/06/2011","MOBILE","ELTRAFF","TELELASER","TRUCAM HD","TC006422","UTILIZZATO IN GESTIONE ASSOCIATA TRA I COMUNI DI PREDAZZO, ZIANO DI FIEMME, PANCHIA' E TESERO","07/11/2025 07:49:36","07/11/2025 07:49:36"
"CMTNP214","POLIZIA LOCALE PINZOLO (TN)","G681","103683","30/12/2010","RILEVATORE MOBILE","ELTRAFF","VELOMATIC","512D","4962-4915","","30/03/2026 13:03:10","30/03/2026 13:03:10"
"CMTNP220","Polizia Municipale Ala Avio","A116","20923","02/03/2007","MOBILE","ELTRAFF","VELOMATIC","512D","00215-00844-00845","Utilizzato nei comuni di Ala (A116) e di Avio (A520)","17/10/2025 16:05:33","17/10/2025 16:05:33"
"CMTNP220","Polizia Municipale Ala Avio","A116","1824","20/03/2000","MOBILE","ELTRAFF","TELELASER","ULTRALYTE","UL014714","Utilizzato nei comuni di Ala (A116) e di Avio (A520)","17/10/2025 16:05:33","17/10/2025 16:05:33"
"CMTNP221","CORPO POLIZIA LOCALE VAL DI FASSA COMUNE DI SORAGA DI FASSA","I839","3248","13/06/2011","MOBILE","ELTRAFF","TELELASER","TRUCAM HD","TC008652","UTILIZZATO IN GESTIONE ASSOCIATA SUI COMUNI CATASTALI DI F263, B579, B514","06/11/2025 14:08:31","06/11/2025 14:08:31"
"CMTNP221","CORPO POLIZIA LOCALE VAL DI FASSA COMUNE DI MAZZIN","F068","3248","13/06/2011","MOBILE","ELTRAFF","TELELASER","TRUCAM HD","TC010199","UTILIZZATO IN GESTIONE ASSOCIATA SUI COMUNI CATASTALI DI F263, B579, B514","06/11/2025 14:08:31","06/11/2025 14:08:31"
"CMTNP228","POLIZIA LOCALE ALTA VAL DI NON","M429","1824","20/03/2000","MOBILE","ELTRAFF","TELELASER","ULTRALYTE","UL022830","","14/10/2025 08:41:45","14/10/2025 08:41:45"
"CMTNP230","Polizia Locale Valle del Chiese","I964","3248","13/06/2011","MOBILE","ELTRAFF","TELELASER","TRUCAM","TC004057","Gestione associata di comuni","03/10/2025 09:51:32","03/10/2025 09:51:32"
"CMTNP242","CORPO POLIZIA LOCALE INTERCOMUNALE ALTO GARDA E LEDRO","H330","1824","20/03/2000","MOBILE","ELTRAFF","TELELASER","ULTRALYTE","UL004789","","20/11/2025 11:30:13","20/11/2025 11:30:13"
"CMTNP242","CORPO POLIZIA LOCALE INTERCOMUNALE ALTO GARDA E LEDRO","H330","3248","13/06/2011","MOBILE","ELTRAFF","TELELASER","TRUCAM","TC005067","","20/11/2025 11:30:13","20/11/2025 11:30:13"
"CMTNP244","COMUNE DI PRIMIERO SAN MARTINO DI CASTROZZA","M359","3248","13/06/20211","MOBILE","ELTRAFF","TELELASER","TRU-CAM","TC005054","","20/10/2025 12:54:35","20/10/2025 12:54:35"
"CMTNP244","COMUNE DI PRIMIERO SAN MARTINO DI CASTROZZA","M359","1824","20/03/200","MOBILE","ELTRAFF","TELELASER","ULTRLYTE DIGICAM","UL024351","Decreto Prot. n. 534 del 08/05/2003 - Estensione approvazione","20/10/2025 12:54:35","20/10/2025 12:54:35"
"CMTOP000","COMUNE DI TORINO - POLIZIA LOCALE","L219","4020","21/06/2017","apparato di rilevamento velocita istantanea","ENGINE S.p.A.","ENVES EVO MVD 1605","EnVES EVO MVD 1605 App.Min.4020 21/06/2017","0x000399F1","CORSO REGINA MARGHERITA 401 A direzione EST","11/03/2026 13:29:33","27/10/2025 10:33:57"
"CMTOP000","COMUNE DI TORINO - POLIZIA LOCALE","L219","4020","21/06/2017","apparato di rilevamento velocita istantanea","ENGINE S.p.A.","ENVES EVO MVD 1605","EnVES EVO MVD 1605 App.Min.4020 21/06/2017","0x0002952A","CORSO REGINA MARGHERITA 401 A direzione EST","11/03/2026 13:29:33","27/10/2025 10:33:57"
"CMTOP000","COMUNE DI TORINO - POLIZIA LOCALE","L219","4020","21/06/2017","apparato di rilevamento velocita istantanea","ENGINE S.p.A.","ENVES EVO MVD 1605","EnVES EVO MVD 1605 App.Min.4020 21/06/2017","0x0002954A","CORSO REGINA MARGHERITA FR. 401 A direzione OVEST","11/03/2026 13:29:33","27/10/2025 10:33:57"
"CMTOP000","COMUNE DI TORINO - POLIZIA LOCALE","L219","4020","21/06/2017","apparato di rilevamento velocita istantanea","ENGINE S.p.A.","ENVES EVO MVD 1605","EnVES EVO MVD 1605 App.Min.4020 21/06/2017","0x0002956C","CORSO REGINA MARGHERITA FR. 401 A direzione OVEST","11/03/2026 13:29:33","27/10/2025 10:33:57"
"CMTOP000","COMUNE DI TORINO - POLIZIA LOCALE","L219","555","24/12/2021","apparato di rilevamento velocita istantanea","ENGINE S.p.A.","CELERITAS MVD 2020","CELERITAS MVD 2020 App.Min.555 24/12/2021","0x00043F4D","CORSO GIULIO CESARE 304/B DIR. NORD","11/03/2026 13:29:33","27/10/2025 10:33:57"
"CMTOP000","COMUNE DI TORINO - POLIZIA LOCALE","L219","555","24/12/2021","apparato di rilevamento velocita istantanea","ENGINE S.p.A.","CELERITAS MVD 2020","CELERITAS MVD 2020 App.Min.555 24/12/2021","0x00043F50","CORSO GIULIO CESARE 283 DIR.SUD","11/03/2026 13:29:33","27/10/2025 10:33:57"
"CMTOP000","COMUNE DI TORINO - POLIZIA LOCALE","L219","555","24/12/2021","apparato di rilevamento velocita istantanea","ENGINE S.p.A.","CELERITAS MVD 2020","CELERITAS MVD 2020 App.Min.555 24/12/2021","0x00043F4F","CORSO GROSSETO ANGOLO VIA CAMPIGLIA DIR. EST","11/03/2026 13:29:33","27/10/2025 10:33:57"
"CMTOP000","COMUNE DI TORINO - POLIZIA LOCALE","L219","555","24/12/2021","apparato di rilevamento velocita istantanea","ENGINE S.p.A.","CELERITAS MVD 2020","CELERITAS MVD 2020 App.Min.555 24/12/2021","0x00043F51","CORSO GROSSETO 126 DIR. OVEST","11/03/2026 13:29:33","27/10/2025 10:33:57"
"CMTOP000","COMUNE DI TORINO - POLIZIA LOCALE","L219","242","05/07/2018","apparato di rilevamento velocita istantanea","ELTRAFF","Telelaser","TRUCAM HD","TC008480","ulteriore decreto 3248 del 13/06/2011","11/03/2026 13:29:33","06/11/2025 17:29:12"
"CMTOP000","COMUNE DI TORINO - POLIZIA LOCALE","L219","242","05/07/2018","apparato di rilevamento velocita istantanea","ELTRAFF","Telelaser","TRUCAM HD","TC008481","ulteriore decreto 3248 del 13/06/2011","11/03/2026 13:29:33","06/11/2025 17:29:12"
"CMTOP000","COMUNE DI TORINO - POLIZIA LOCALE","L219","242","05/07/2018","apparato di rilevamento velocita istantanea","ELTRAFF","Telelaser","TRUCAM HD","TC008482","ulteriore decreto 3248 del 13/06/2011","11/03/2026 13:29:33","06/11/2025 17:29:12"
"CMTOP000","COMUNE DI TORINO - POLIZIA LOCALE","L219","242","05/07/2018","apparato di rilevamento velocita istantanea","ELTRAFF","Telelaser","TRUCAM HD","TC008483","ulteriore decreto 3248 del 13/06/2011","11/03/2026 13:29:33","06/11/2025 17:29:12"
"CMTOP000","COMUNE DI TORINO - POLIZIA LOCALE","L219","242","05/07/2018","apparato di rilevamento velocita istantanea","ELTRAFF","Telelaser","TRUCAM HD","TC008484","ulteriore decreto 3248 del 13/06/2011","11/03/2026 13:29:33","06/11/2025 17:29:12"
"CMTOP000","COMUNE DI TORINO - POLIZIA LOCALE","L219","242","05/07/2018","apparato di rilevamento velocita istantanea","ELTRAFF","Telelaser","TRUCAM HD","TC010152","ulteriore decreto 3248 del 13/06/2011","11/03/2026 13:29:33","06/11/2025 17:29:12"
"CMTOP000","COMUNE DI TORINO - POLIZIA LOCALE","L219","242","05/07/2018","apparato di rilevamento velocita istantanea","ELTRAFF","Telelaser","TRUCAM HD","TC010158","ulteriore decreto 3248 del 13/06/2011","11/03/2026 13:29:33","06/11/2025 17:29:12"
"CMTOP003","POLIZIA LOCALE DI MONCALIERI","F335","3248","13/06/2011","TELELASER","ELTRAFF","TRUCAM","TRUCAM","TC004115","","12/11/2025 13:58:27","12/11/2025 13:58:27"
"CMTOP004","POLIZIA MUNICIPALE RIVOLI","H355","4020","21/06/2017","DISP DI MISURA DELLA VELOC DI ATV POSTAZ MOBILE","EngiNE S.r.L.","EnVES EVO MVD 1605","CON TELECAMERA MOD. AXIS P136MKII","SENSORE RADAR 0x0002C366","RESTANO VALIDE LE PRESCRIZIONI DI CUI AGLI ARTT. 1,2,3,4,5,6 E 8 DEL DECRETO DI APPROVAZIONE N. 1550 DEL 17/03/17","08/10/2025 08:57:20","08/10/2025 08:57:20"
"CMTOP004","POLIZIA MUNICIPALE RIVOLI","H355","4130","24/12/2004","DISP DI MISURA DELLA VELOC DI ATV POSTAZ FISSA","ROBOT VISUAL SYSTEM GMBH","TRAFFIPHOT III SR-PHOTOR & V","ALL. DOMANDA DI APPROVAZ. DITTA LINDBLAD & PIANA","RIV-C2561-03-CV (imp) + 593-100/60987 (mis)","DISPOSITIVO SITO IN C.SO FRANCIA N. 35 - Si precisa che il dispositivo sarà sostituito nei prossimi mesi","08/10/2025 08:57:20","08/10/2025 08:57:20"
"CMTOP004","POLIZIA MUNICIPALE RIVOLI","H355","4130","24/12/2004","DISP DI MISURA DELLA VELOC DI ATV POSTAZ FISSA","ROBOT VISUAL SYSTEM GMBH","TRAFFIPHOT III SR-PHOTOR & V","ALL. DOMANDA DI APPROVAZ. DITTA LINDBLAD & PIANA","RIV-C2561-04-CV (imp) + 593-100/60662 (mis)","DISPOSITIVO SITO IN C.SO FRANCIA N. 88. Si precisa che il dispositivo sarà sostituito nei prossimi mesi","08/10/2025 08:57:20","08/10/2025 08:57:20"
"CMTOP004","POLIZIA MUNICIPALE RIVOLI","H355","4130","24/12/2004","DISP DI MISURA DELLA VELOC DI ATV POSTAZ FISSA","ROBOT VISUAL SYSTEM GMBH","TRAFFIPHOT III SR-PHOTOR & V","ALL. DOMANDA DI APPROVAZ. DITTA LINDBLAD & PIANA","RIV-C2561-02-CV (imp) + 593-100/60936 (mis)","DISPOSITIVO SITO IN C.SO C. ALLAMANO N. 160.Si precisa che il dispositivo sarà sostituito nei prossimi mesi","08/10/2025 08:57:20","08/10/2025 08:57:20"
"CMTOP004","POLIZIA MUNICIPALE RIVOLI","H355","4130","24/12/2004","DISP DI MISURA DELLA VELOC DI ATV POSTAZ FISSA","ROBOT VISUAL SYSTEM GMBH","TRAFFIPHOT III SR-PHOTOR & V","ALL. DOMANDA DI APPROVAZ. DITTA LINDBLAD & PIANA","RIV-C2561-01-CV (imp) + 593-100/60991 (mis)","DISPOSITIVO SITO IN C.SO C. ALLAMANO N. 149. Si precisa che il dispositivo sarà sostituito nei prossimi mesi","08/10/2025 08:57:20","08/10/2025 08:57:20"
"CMTOP004","POLIZIA MUNICIPALE RIVOLI","H355","4020","21/06/2017","DISP DI MISURA DELLA VELOC DI ATV POSTAZ MOBILE","EngiNE S.r.L.","EnVES EVO MVD 1605","CON TELECAMERA MOD. AXIS P136MKII","SENSORE RADAR 0x0002C366","RESTANO VALIDE LE PRESCRIZIONI DI CUI AGLI ARTT. 1,2,3,4,5,6 E 8 DEL DECRETO DI APPROVAZIONE N. 1550 DEL 17/03/17","13/10/2025 09:48:46","13/10/2025 09:48:46"
"CMTOP004","POLIZIA MUNICIPALE RIVOLI","H355","4130","24/12/2004","DISP DI MISURA DELLA VELOC DI ATV POSTAZ FISSA","LINDBLAD & PIANA SRL","TRAFFIPHOT III SR-PHOTOR & V","ALL. DOMANDA DI APPROVAZ. DITTA LINDBLAD & PIANA","RIV-C2561-03-CV (imp) + 593-100/60987 (mis)","DISPOSITIVO SITO IN C.SO FRANCIA N. 35 - Si precisa che il dispositivo sarà sostituito nei prossimi mesi","13/10/2025 09:48:46","13/10/2025 09:48:46"
"CMTOP004","POLIZIA MUNICIPALE RIVOLI","H355","4130","24/12/2004","DISP DI MISURA DELLA VELOC DI ATV POSTAZ FISSA","LINDBLAD & PIANA SRL","TRAFFIPHOT III SR-PHOTOR & V","ALL. DOMANDA DI APPROVAZ. DITTA LINDBLAD & PIANA","RIV-C2561-04-CV (imp) + 593-100/60662 (mis)","DISPOSITIVO SITO IN C.SO FRANCIA N. 88. Si precisa che il dispositivo sarà sostituito nei prossimi mesi","13/10/2025 09:48:46","13/10/2025 09:48:46"
"CMTOP004","POLIZIA MUNICIPALE RIVOLI","H355","4130","24/12/2004","DISP DI MISURA DELLA VELOC DI ATV POSTAZ FISSA","LINDBLAD & PIANA SRL","TRAFFIPHOT III SR-PHOTOR & V","ALL. DOMANDA DI APPROVAZ. DITTA LINDBLAD & PIANA","RIV-C2561-02-CV (imp) + 593-100/60936 (mis)","DISPOSITIVO SITO IN C.SO C. ALLAMANO N. 160.Si precisa che il dispositivo sarà sostituito nei prossimi mesi","13/10/2025 09:48:46","13/10/2025 09:48:46"
"CMTOP004","POLIZIA MUNICIPALE RIVOLI","H355","4130","24/12/2004","DISP DI MISURA DELLA VELOC DI ATV POSTAZ FISSA","LINDBLAD & PIANA SRL","TRAFFIPHOT III SR-PHOTOR & V","ALL. DOMANDA DI APPROVAZ. DITTA LINDBLAD & PIANA","RIV-C2561-01-CV (imp) + 593-100/60991 (mis)","DISPOSITIVO SITO IN C.SO C. ALLAMANO N. 149. Si precisa che il dispositivo sarà sostituito nei prossimi mesi","13/10/2025 09:48:46","13/10/2025 09:48:46"
"CMTOP005","POLIZIA LOCALE CHIERI","C627C","356","18/08/2021","AUTOVELOX FISSO","MAGGIOLI SPA","AUTOSC@AN SPEED","'-","2023.0076","","03/10/2025 08:50:07","03/10/2025 08:50:07"
"CMTOP009","Servizio Ass di Polizia Locale Buttigliera Alta e Rosta","B305","380","26/07/2024","Autovelox","Sodi Scientifica","106/SE","106SE","961496","Nessuna","11/02/2026 16:21:49","03/11/2025 10:15:12"
"CMTOP010","CARIGNANO POLIZIA MUNICIPALE","B777","decreto dirigenziale n.2980","25/06/2014","Dispositivo rilevamento velocità istantanea fisso","Maggioli s.p.a.","Gatso GTC GS11","Gatso GTC GS11/IR","1765","decreto dirigenziale n.2131 del 15/04/2011 e successiva estensione n.2980 del 25/06/2014","02/12/2025 14:27:30","03/11/2025 13:33:31"
"CMTOP010","CARIGNANO POLIZIA MUNICIPALE","B777","decreto dirigenziale n.2980","25/06/2014","Dispositivo rilevamento velocità istantanea fisso","Maggioli s.p.a.","Gatso GTC GS11","Gatso GTC GS11/IR","1766","decreto dirigenziale n.2131 del 15/04/2011 e successiva estensione n.2980 del 25/06/2014","02/12/2025 14:27:30","03/11/2025 13:33:31"
"CMTOP011","COMUNE DI LA LOGGIA COMANDO POLIZIA LOCALE","E423","342","02/10/2025","Dispositivo rilevamento velocità istantanea fisso","Safety21 S.p.A.","Velocar Red&Speed EVO-R","ND","225","Dec.App.n.4708_01/08/2016 Dec.sub.tit.n.227_04/07/2025 SP 20 ""COLLE DI TENDA"" 2+250 TORINO_CARIGNANO","23/10/2025 14:26:56","23/10/2025 14:26:56"
"CMTOP012","POLIZIA LOCALE COMUNE DI GIAVENO;","E020;","PROT.3758/2014;","06/08/2014;","AUTOVELOX;","SODI SCIENTIFICA SRL;","AUTOVELOX 106;","BARRA LASER 105SE;","947448;","","14/11/2025 09:51:10","14/11/2025 09:51:10"
"CMTOP012","POLIZIA LOCALE COMUNE DI GIAVENO;","E020;","PROT 1824/2000 MIN LAV PUBBLICI;","20/03/2000;","TELELASER;","LASER TECH INC DISTRIBUITO DA ELTRAFF SRL;","TELELASER ULTRALYTE;","ULTRALYTE;","UL016399;","","14/11/2025 09:51:10","14/11/2025 09:51:10"
"CMTOP013","NICHELINO POLIZIA MUNICIPALE","F889","4668","28/07/2016","Apparato di rilevamento velocità istantanea","EngiNe S.p.A.","EnVES EVO MVDm 1507","'-","CMP3367107","","22/10/2025 09:34:34","22/10/2025 09:34:34"
"CMTOP013","NICHELINO POLIZIA MUNICIPALE","F890","4669","29/07/2016","Apparato di rilevamento velocità istantanea","EngiNe S.p.A.","EnVES EVO MVDm 1508","'-","CMP3384107","","22/10/2025 09:34:34","22/10/2025 09:34:34"
"CMTOP014","POLIZIA LOCALE DI CIRIE'","C722","242","05/07/2018","TELELASER TRU-CAM","ELTRAFF S.R.L.","TELELASER TRUCAM","TELELASER TRUCAM HD","TC008001","dispositivo mobile","31/10/2025 15:22:57","31/10/2025 15:22:57"
"CMTOP014","POLIZIA LOCALE DI CIRIE'","C722","378","09/09/2021","TCS - TRAFFIC CONTROL SYSTEM","TRAFFIC TECNOLOLGY S.P.A.","TCS-TCD1.0","TCS-TCD1.0","1223033040","Ciriè - SP2 - KM 21+860 dir. Torino - codice impianto n. 184250122","31/10/2025 15:22:57","31/10/2025 15:22:57"
"CMTOP014","POLIZIA LOCALE DI CIRIE'","C722","378","09/09/2021","TCS - TRAFFIC CONTROL SYSTEM","TRAFFIC TECNOLOLGY S.P.A.","TCS-TCD1.0","TCS-TCD1.0","1223033021","Ciriè - SP2 - KM 22+270 dir. Lanzo - codice impianto n. 184250121","31/10/2025 15:22:57","31/10/2025 15:22:57"
"CMTOP015","Polizia Locale di Ivrea","E379","4020","21/06/2017","Apparato di rilevamento di velocità istantanea","EngiNe SPA","EnVES EVO MVD 1605","EnVES EVO MVD 1605 Appr.Min.4020 del 21/06/2017","0x000399F4","S.S. 26 Km 31+350 direz. Centro","01/12/2025 09:14:54","21/11/2025 10:41:57"
"CMTOP015","Polizia Locale di Ivrea","E379","4020","21/06/2017","Apparato di rilevamento di velocità istantanea","EngiNe SPA","EnVES EVO MVD 1605","EnVES EVO MVD 1605 Appr.Min.4020 del 21/06/2017","0x00039A1A","S.S. 26 Km 29+700 direz. Perif.","01/12/2025 09:14:54","21/11/2025 10:41:57"
"CMTOP018","Comune di Vinovo","M060","1824","20/03/2000","mobile","Eltraff","Telelaser","Ultralyte","UL005338","","02/01/2026 17:38:36","29/11/2025 13:14:50"
"CMTOP018","Comune di Vinovo","M060","4084","01/08/2011","fisso","Eltraff","FTR","FT1D","5377","","02/01/2026 17:38:36","02/01/2026 17:38:36"
"CMTOP018","Comune di Vinovo","M060","4084","01/08/2011","fisso","Eltraff","FTR","FT1D","486","","02/01/2026 17:38:36","02/01/2026 17:38:36"
"CMTOP019","Polizia Locale di Carmagnola","B791","3248","13/06/2011","MOBILE","ELTRAFF","TELELASER","TRUCAM","TC004921","","04/11/2025 09:31:03","04/11/2025 09:31:03"
"CMTOP019","Polizia Locale di Carmagnola","B791","342","02/10/2025","Dispositivo rilevamento velocità istantanea fisso","Safety21 S.p.a.","VRS-EVO-R","VRS-EVO-T12-5-R","557","Dec.App.n.4708_01/08/2016 Dec.est.n.129_07/04/2021 Dec.sub.tit.n.227_04/07/2025 SP 20 16+600 CARMAGNOLA","04/11/2025 09:31:03","04/11/2025 09:31:03"
"CMTOP019","Polizia Locale di Carmagnola","B791","342","02/10/2025","Dispositivo rilevamento velocità istantanea fisso","Safety21 S.p.a.","VRS-EVO-R","VRS-EVO-T12-5-R","558","Dec.App.n.4708_01/08/2016 Dec.est.n.129_07/04/2021 Dec.sub.tit.n.227_04/07/2025 SP 20 16+600 CARMAGNOLA","04/11/2025 09:31:03","04/11/2025 09:31:03"
"CMTOP021","POLIZIA LOCALE COMUNE DI CANDIOLO (TO)","B592","1824","20/03/2000","TELELASER PORTATILE","ELTRAFF","TELELASER ULTRALYTHE","TELELASER ULTRALYTHE","UL022026","","30/10/2025 13:19:54","30/10/2025 13:19:54"
"CMTOP021","NONE POLIZIA MUNICIPALE","I490","1929","03/04/2013","Rilevatore di infrazioni semaforiche","Project Automation","PARVC","PARVC","1414002365","installato nel Comune di SCALENGHE (TO)","03/10/2025 09:06:11","03/10/2025 09:06:11"
"CMTOP021","NONE POLIZIA MUNICIPALE","I490","1929","03/04/2013","Rilevatore di infrazioni semaforiche","Project Automation","PARVC","PARVC","1414004384","installato nel Comune di SCALENGHE (TO)","03/10/2025 09:06:11","03/10/2025 09:06:11"
"CMTOP022","Comune di Pino Torinese","G678","3248","13/06/2011","Mobile","Eltraff Srl","Telelaser","TRUCAM","TC001749","","14/10/2025 10:05:38","14/10/2025 10:05:38"
"CMTOP022","Comune di Pino Torinese","G678","20923","02/03/2007","Fisso-Mobile","Eltraff Srl","Velomatic","512","2241-2280-2247","","14/10/2025 10:05:38","14/10/2025 10:05:38"
"CMTOP023","150-POLIZIA LOCALE PIOSSASCO","50-G691","50-2483-1123","50-10/11/93-16/05/2005","50-AUTOVELOX MOBILE","50-AUTOVELOX SODI SCIENTIFICA SRL","50-AUTOVELOX 104/C2","50-104/C2 CON VIDEOSISTEM","50-1392 RILEVATORE 812 ELABORATORE/ANALIZZATORE","150","19/11/2025 13:02:42","19/11/2025 13:02:42"
"CMTOP024","COMUNE DI SETTIMO TORINESE POLIZIA LOCALE","I703","814","24/02/2015","RILEV DELLE INFRAZ AI LIMITI DI VELOCITA'","VELOCAR S.R.L.","VELOCAR RED&SPEED EVO","VRS-EVOL2","242","","21/04/2026 08:41:31","14/10/2025 11:16:19"
"CMTOP024","COMUNE DI SETTIMO TORINESE POLIZIA LOCALE","I703","1550","17/03/2017","RILEV DELLE INFRAZ AI LIMITI DI VELOCITA'","ENGINE S.R.L.","ENVES EVO MVD","1605","0x0003E5B1","","21/04/2026 08:41:31","14/10/2025 11:16:19"
"CMTOP026","COMUNE DI BRANDIZZO POLIZIA LOCALE","B121","103683","30/12/2010","VELOMATIC MOBILE","ELTRAF","VELOMATIC 512D","512D","4585","SERIE 30110232","20/11/2025 13:42:22","20/11/2025 13:42:22"
"CMTOP027","POLIZIA LOCALE RIVALTA DI TORINO","H335","38","17/02/2026","FISSO","EngiNE","VELOX","ENVES EVO MVD 2005","0x00043E5B","variante 9 del Dojrone direzione Orbassano km 0+533,34","09/04/2026 07:50:24","24/03/2026 12:20:31"
"CMTOP027","POLIZIA LOCALE RIVALTA DI TORINO","H335","38","17/02/2026","FISSO","EngiNE","VELOX","ENVES EVO MVD 2005","0x00043E60","variante 9 del Dojrone direzione Tangenziale km 1+274","09/04/2026 07:50:24","24/03/2026 12:20:31"
"CMTOP027","POLIZIA LOCALE RIVALTA DI TORINO","H335","3758","06/08/2014","MOBILE","Sodi","VELOX","AUTOVELOX 106","353488","","09/04/2026 07:50:24","24/03/2026 12:20:31"
"CMTOP027","POLIZIA LOCALE RIVALTA DI TORINO","H335","550","23/12/2021","FISSO","EngiNE","VELOX","ENVES EVO MVD 1605","0X0002EB0D","variante 9 del Dojrone direzione Orbassano km 0+533,34","09/04/2026 07:50:24","21/10/2025 08:52:50"
"CMTOP027","POLIZIA LOCALE RIVALTA DI TORINO","H335","550","23/12/2021","FISSO","EngiNE","VELOX","ENVES EVO MVD 1605","0X0002EB0D","variante 9 del Dojrone direzione Tangenziale km 1+274","09/04/2026 07:50:24","21/10/2025 08:52:50"
"CMTOP029","POLIZIA LOCALE DI LUSERNA S.G.","E758","1323","08.03.2012","DA INTALLARE A BORDO DI VEICOLI PL","SINTEL ITALIA","SCOUT SPEED","M01-16-34 2013","4296","","19/11/2025 15:55:13","19/11/2025 15:55:13"
"CMTOP030","Polizia Locale Comune di Pinerolo","G674","4670","28/07/2016","Rilevatore di velocità","EngiNe S.p.A.","EnVES EVO MVD 1505","'-","CMP3542088","","13/02/2026 08:48:51","27/10/2025 11:11:48"
"CMTOP030","Polizia Locale Comune di Pinerolo","G674","4670","28/07/2016","Rilevatore di velocità","EngiNe S.p.A.","EnVES EVO MVD 1505","'-","CMP3862201","","13/02/2026 08:48:51","27/10/2025 11:11:48"
"CMTOP030","Polizia Locale Comune di Pinerolo","G674","4670","28/07/2016","Rilevatore di velocità","EngiNe S.p.A.","EnVES EVO MVD 1505","'-","CMP3084523","","13/02/2026 08:48:51","26/01/2026 10:22:11"
"CMTOP030","Polizia Locale Comune di Pinerolo","G674","4670","28/07/2016","Rilevatore di velocità","EngiNe S.p.A.","EnVES EVO MVD 1505","'-","CMP3850201","","13/02/2026 08:48:51","27/10/2025 11:11:48"
"CMTOP032","Polizia locale comune di Rivarolo Canavese","H340","D.M. n.288","17/01/2018","MOBILE","EngiNe","EnVES EVO MVDm 1507","O840_2024_ACCR_VX","CMP3936242","","27/10/2025 16:00:46","27/10/2025 15:59:55"
"CMTOP201","POLIZIA MUNICIPALE CASELLE TORINESE","B960","1565","02/04/2014 ESTENSIONE N. 442 DEL 24/01/2018","DISPOSITIVO FISSO","PROJECT AUTOMATION SPA","PASVC","PASVC","1610014147","","10/12/2025 09:56:13","06/10/2025 09:51:06"
"CMTOP201","POLIZIA MUNICIPALE CASELLE TORINESE","B960","1565","02/04/2014 ESTENSIONE N. 442 DEL 24/01/2018","DISPOSITIVO FISSO","PROJECT AUTOMATION SPA","PASVC","PASVC","1710015228","","10/12/2025 09:56:13","06/10/2025 09:51:06"
"CMTOP201","POLIZIA MUNICIPALE CASELLE TORINESE","B960","1565","02/04/2014 ESTENSIONE N. 442 DEL 24/01/2018","DISPOSITIVO FISSO","PROJECT AUTOMATION SPA","PASVC","PASVC","1810000250","","10/12/2025 09:56:13","06/10/2025 09:51:06"
"CMTOP201","POLIZIA MUNICIPALE CASELLE TORINESE","B960","3248","13/06/2011 ESTENSIONE N. 242 DEL 05/07/2018","DISPOSITIVO MOBILE","ELTRAFF SRL","TELELASER","TRUCAM HD","TC010694","","10/12/2025 09:56:13","10/12/2025 09:56:13"
"CMTOP204","COMUNE DI COLLEGNO","C860","550","23/12/2021","Apparato di rilevamento di velocita' istantanea","Engine S.P.A.","ENVES EVO MVD 1605","1.3.0","AM1459H","Viale Certosa km 0+935 dir.Collegno","10/10/2025 06:50:48","10/10/2025 06:50:48"
"CMTOP204","COMUNE DI COLLEGNO","C860","550","23/12/2021","Apparato di rilevamento di velocita' istantanea","Engine S.P.A.","ENVES EVO MVD 1605","1.3.0","AM1461H","Viale Certosa al km 0+920 dir. Torino","10/10/2025 06:50:48","10/10/2025 06:50:48"
"CMTOP204","COMUNE DI COLLEGNO","C860","550","23/12/2021","Apparato di rilevamento di velocita' istantanea","Engine S.P.A.","ENVES EVO MVD 1605","1.3.0","AN1510H","Corso Francia al km 6+690 in dir. Rivoli","10/10/2025 06:50:48","10/10/2025 06:50:48"
"CMTOP204","COMUNE DI COLLEGNO","C860","550","23/12/2021","Apparato di rilevamento di velocita' istantanea","Engine S.P.A.","ENVES EVO MVD 1605","1.3.0","AN1509H","Corso Francia al km 6+718 in dir. Torino","10/10/2025 06:50:48","10/10/2025 06:50:48"
"CMTOP204","COMUNE DI COLLEGNO","C860","550","23/12/2021","Apparato di rilevamento di velocita' istantanea","Engine S.P.A.","ENVES EVO MVD 1605","1.3.0","AM1458H","Corso Francia al km 7+695 in dir. Rivoli","10/10/2025 06:50:48","10/10/2025 06:50:48"
"CMTOP204","COMUNE DI COLLEGNO","C860","550","23/12/2021","Apparato di rilevamento di velocita' istantanea","Engine S.P.A.","ENVES EVO MVD 1605","1.3.0","AM1462H","Corso Francia al km 7+705 in dir. Torino","10/10/2025 06:50:48","10/10/2025 06:50:48"
"CMTOP205","POLIZIA LOCALE CHIVASSO","C665","Min.Infr./Trasp.: 1.Prot.4630/17,2.143/18,3.325/19","1.19/07/17, 2.22/05/18, 3.27/09/19","autovelox mobile","sodi scientifica srl","autovelox","106","957191","","24/11/2025 11:54:48","24/11/2025 11:54:48"
"CMTOP205","POLIZIA LOCALE CHIVASSO","C665","Min. Infrastr. E trasporti: Prot. 3248/2011","13/06/2011","telelaser","eltraff srl","trucam","trucam","TC004107","","24/11/2025 11:54:48","24/11/2025 11:54:48"
"CMTOP209","POLIZIA LOCALE BRUINO","B216","2483","10/11/1993","RILEVATORE DI VELOCITA' IN MODALITA' ISTANTANEA","SODI SCIENTIFICA","AUTOVELOX 104/C2","NON PRESENTE","32468","","16/10/2025 11:18:13","16/10/2025 11:18:13"
"CMTOP223","COMUNE DI POIRINO POLIZIA MUNICIPALE","G777","3248","13/06/2011","Mobile","Eltraff","Telelaser","TruCam","TC005060","","10/10/2025 15:12:07","10/10/2025 15:12:07"
"CMTOP223","COMUNE DI POIRINO POLIZIA MUNICIPALE","G777","814","24/02/2015","Rilevatore infrazioni semaforiche","Velocar","Velocar Red & Speed EVO","VRS-EVO-L0","202","decreto estensione approvazione n. 6099 del 18/11/2015","10/10/2025 15:12:07","10/10/2025 15:12:07"
"CMTOP223","COMUNE DI POIRINO POLIZIA MUNICIPALE","G777","814","24/02/2015","Rilevatore infrazioni semaforiche","Velocar","Velocar Red & Speed EVO","VRS-EVO-L0","206","decreto estensione approvazione n. 6099 del 18/11/2015","10/10/2025 15:12:07","10/10/2025 15:12:07"
"CMTOP223","COMUNE DI POIRINO POLIZIA MUNICIPALE","G777","814","24/02/2015","Rilevatore infrazioni semaforiche","Velocar","Velocar Red & Speed EVO","VRS-EVO-L0","207","decreto estensione approvazione n. 6099 del 18/11/2015","10/10/2025 15:12:07","10/10/2025 15:12:07"
"CMTOP223","COMUNE DI POIRINO POLIZIA MUNICIPALE","G777","814","24/02/2015","Rilevatore infrazioni semaforiche","Velocar","Velocar Red & Speed EVO","VRS-EVO-L0","229","decreto estensione approvazione n. 6099 del 18/11/2015","10/10/2025 15:12:07","10/10/2025 15:12:07"
"CMTOP223","COMUNE DI POIRINO POLIZIA MUNICIPALE","G777","814","24/02/2015","Rilevatore infrazioni semaforiche","Velocar","Velocar Red & Speed EVO","VRS-EVO-L0","230","decreto estensione approvazione n. 6099 del 18/11/2015","10/10/2025 15:12:07","10/10/2025 15:12:07"
"CMTOP228","COMUNE ALPIGNANO","a222","162","23/02/06","VISTA-RED","MICROREX SPA","VR S1131+HFA300","1","177091118 – 177091119","","10/10/2025 11:15:14","10/10/2025 11:15:14"
"CMTOP231","Polizia Locale Comune di Bibiana","A853","1824","20/03/2000","MOBILE","ELTRAFF","TELELASER","ULTRALYTE","UL009226","","03/12/2025 15:26:44","03/12/2025 15:26:44"
"CMTOP233","Polizia Locale Comune di Sangano -CMTOP23301","H855","3248","13/06/2011","TELELASER","ELTRAFF","TRUCAM","TruCam","TC001794","","01/12/2025 12:32:48","01/12/2025 12:32:48"
"CMTOP234","COMANDO POLIZIA LOCALE LEINI","E518","3248","13/06/2011","MOBILE","ELTRAFF","TELELASER","TRUCAM","TC004086","","17/11/2025 08:51:51","17/11/2025 08:51:51"
"CMTOP236","COMUNE DI VIGONE","L898","20923","02/03/2007","MOBILE","ELTRAFF","VELOMATIC","512","578/673/714","MOD.103B CON FOTOCAMERA MOD. FT1 P","10/10/2025 12:13:56","10/10/2025 12:13:56"
"CMTOP237","COMUNE DI TROFARELLO COMANDO POLIZIA LOCALE","L445","3248","13/06/2011","MOBILE","ELTRAFF","TELELASER","TRUCAM HD","TC008527","Estensione di approvazione 0000242 del 05/07/2018","27/11/2025 13:47:08","27/11/2025 13:47:08"
"CMTOP237","COMUNE DI TROFARELLO COMANDO POLIZIA LOCALE","L445","20923","02/03/2007","FISSO/MOBILE","ELTRAFF","VELOMATIC","512D  (IN DISUSO)","632-01371-01376","Estensione di approvazione 103683 del 30/12/2010   APPARECCHIATURA IN DISUSO","27/11/2025 13:47:08","27/11/2025 13:47:08"
"CMTOP238","DRUENTO_POLIZIA LOCALE","D373","1824","20/03/2000","MOBILE","ELTRAFF","TELELASER","ULTRALYTE","UL014731","","06/12/2025 08:53:14","06/12/2025 08:53:14"
"CMTOP249","POLIZIA MUNICIPALE BRICHERASIO","B171","3758","06/08/2014","RILEVATORE ISTANTANEO","SODI SCIENTIFICA","AUTOVELOX 106","NON PRESENTE","948986","NESSUNA","24/10/2025 16:45:31","24/10/2025 16:45:31"
"CMTOP250","Polizia Locale di Gassino Torinese","D933","4668","28/07/2016","Dispositivo mobile","EnVES EVO","MVDm","1507","CMP3919444","Comodato d'uso condiviso con il comune di San Raffaele Cimena","25/11/2025 17:03:22","25/11/2025 17:03:22"
"CMTOP254","Comune di San Benigno canavese","H775","242","05/07/2018","Apparato di rilevamento velocità istantanea","Eltraff Srl","Telelaser TruCam","hd","TC008528","dispositivo mobile","18/11/2025 17:29:05","18/11/2025 17:29:05"
"CMTOP258","COMUNE DI PIANEZZA","G559","5298_4910_5072","27/10/2011_16/10/2014_27/10/2014","velox","Kria s.r.l.","T-EXSPEED v.2.0","2.0","2081","SSP 24 KM 11+ 820 direzione Torino","03/10/2025 10:32:42","03/10/2025 10:32:42"
"CMTOP258","COMUNE DI PIANEZZA","G559","5298_4910_5072","27/10/2011_16/10/2014_27/10/2014","velox","Kria s.r.l.","T-EXSPEED v.2.0","2.0","2080","SSP 24 KM 11+ 950 direzione Avigliana","03/10/2025 10:32:42","03/10/2025 10:32:42"
"CMTOP258","COMUNE DI PIANEZZA","G559","162","23/02/2006","T-RED","Microrex S.P.A.","Vista Red",".","295131009","Intersezione Via Susa con via Don Bosco","03/10/2025 10:32:42","03/10/2025 10:32:42"
"CMTOP263","DMK7QB","10040","288","17/01/2018","EnVES","EngiNe","EnVES EVO MVDm 1507","Autovelox","CMP3780223","","02/02/2026 12:13:03","29/10/2025 11:25:28"
"CMTOP264","COMUNE DI OULX","G196","1123","16/05/2005","AUTOVELOX","SODI SCIENTIFICA S.R.L.","104/C-2","RILEVATORE A FOTOCELLULE","41744","MATRICOLA 41528 ELABORATORE","30/10/2025 12:29:27","30/10/2025 12:29:27"
"CMTOP269","COMUNE  DI BORGARO TORINESE POLIZIA MUNICIPALE","A990","378","09/09/2021","Misuratore di velocità fisso","Traffic Tecnology","TCS - Traffic Control System","Non presente nel decreto","188250217","","09/10/2025 13:25:33","09/10/2025 13:25:33"
"CMTOP269","COMUNE  DI BORGARO TORINESE POLIZIA MUNICIPALE","A990","378","09/09/2021","Misuratore di velocità fisso","Traffic Tecnology","TCS - Traffic Control System","Non presente nel decreto","188250218","","09/10/2025 13:25:33","09/10/2025 13:25:33"
"CMTOP269","COMUNE  DI BORGARO TORINESE POLIZIA MUNICIPALE","A990","20923","02/03/2007","Fisso e mobile","ELTRAFF","Velomatic","512D+","77-492-493","","09/10/2025 13:25:33","09/10/2025 13:25:33"
"CMTOP270","POLIZIA MUNICIPALE SAN SECONDO DI PINEROLO","I154","3758","06/08/2014","RILEVAZIONE ISTANTANEA","SODI SCIENTIFICA","AUTOVELOX 106","NON PRESENTE","948986","NUSSUNA","24/10/2025 17:22:08","24/10/2025 17:22:08"
"CMTOP271","PoliziaLocaleBalangero","A587","0","0","Mobile","Eltraff","Velomatic","512","13521355","","27/11/2025 18:00:37","27/11/2025 18:00:37"
"CMTOP275","COMUNE DI PAVONE CANAVESE","G392","28/12/1904","20/03/2000","MOBILE","ELTRAFF","TELELASER","ULTRALYTE","UL011310","","03/10/2025 14:12:44","03/10/2025 14:12:44"
"CMTOP278","POLIZIA LOCALE SUSA","L013","553","24/12/21","APPARATO DI RILEVAMENTO VELOCITA' ISTANTANEA","ENGINE SRL","ENVES EVO","MVD 1505","CMP3824181","","27/02/2026 14:27:09","09/02/2026 18:34:36"
"CMTOP278","POLIZIA LOCALE SUSA","L013","553","24/12/21","APPARATO DI RILEVAMENTO VELOCITA' ISTANTANEA","ENGINE SRL","ENVES EVO","MVD 1505","CMP3770520","","27/02/2026 14:27:09","06/10/2025 16:38:03"
"CMTOP282","POLIZIA MUNICIPALE BEINASCO","A734","48","01/03/2021","Dispositivo rilevamento velocità istantanea fisso","Safety21 S.p.A.","AGUIA Red & Speed","AGUIA-T5-5-R","16373","Dec.sub.tit.n.227_04/07/2025 STRADA TORINO 49  ORBASSANO","30/10/2025 18:33:24","30/10/2025 18:33:24"
"CMTOP282","POLIZIA MUNICIPALE BEINASCO","A734","48","01/03/2021","Dispositivo rilevamento velocità istantanea fisso","Safety21 S.p.A.","AGUIA Red & Speed","AGUIA-T5-5-R","16374","Dec.sub.tit.n.227_04/07/2025 STRADA TORINO 136  TORINO","30/10/2025 18:33:24","30/10/2025 18:33:24"
"CMTOP284","COMUNE DI VILLAFRANCA","L948","20923","02/03/2007","MOBILE","ELTRAFF","VELOMATIC2F","512","671/794/804","","04/11/2025 14:00:06","04/11/2025 14:00:06"
"CMTOP290","POLIZIA MUNICIPALE CAVOUR","C404","3758","06/08/2014","RILEVATORE VELOCITA' IN MODALITA' ISTANTANEA","SODI SCIENTIFICA","AUTOVELOX","106","955410","","08/10/2025 08:04:26","08/10/2025 08:04:26"
"CMTOP304","COMUNE DI OSASIO COMANDO POLIZIA MUNICIPALE","G152","2483","10/11/1993","RILEVATORE DI VELOCITA' IN MODALITA' ISTANTANEA","SODI SCIENTIFICA SRL","AUTOVELOX 104/C-2","AUTOVELOX 104/C-2","924150","","14/10/2025 13:07:31","14/10/2025 13:07:31"
"CMTOP308","COMUNE DI CUORGNE?","CMTOP30801","3758","06.08.2014","RILEVATORE DI VELOCITA' IN MODALITA' ISTANTANEA","SODI SCIENTIFICA","AUTOVELOX","106","953545","","17/11/2025 12:32:17","17/11/2025 12:32:17"
"CMTOP327","SERVIZIO ASSOCIATO POLIZIA LOCALE COMUNE DI VEROLENGO","1293","3248","13/06/2011","MOBILE","ELTRAFF","TELELASER","TRUCAM HD","TC006662","ESTENSIONE DI APPROVAZIONE 0000242 DEL 05/07/2018","02/12/2025 11:15:44","02/12/2025 11:15:44"
"CMTOP327","SERVIZIO ASSOCIATO POLIZIA LOCALE COMUNE DI VEROLENGO","1293","1824","20/03/2000","MOBILE","ELTRAFF","TELELASER","ULTRALYTE","ULOO5687","MIT E MINT 13/12/2013 E 21/07/2017","02/12/2025 11:15:44","02/12/2025 11:15:44"
"CMTOP327","SERVIZIO ASSOCIATO POLIZIA LOCALE COMUNE DI VEROLENGO","1293","20923","02/03/2007","FISSO/MOBILE","ELTRAFF","VELOMATIC","512","1391-1397RILEVATORE 74 UNITA' DI COMANDO","","02/12/2025 11:15:44","02/12/2025 11:15:44"
"CMTOP344","CMTO006101","Comune di Santena Polizia Locale","l3274668","28/07/2016","SPEEDVELOX","Enves","EvoMVDm 1507","0","3855201","","19/11/2025 13:05:35","19/11/2025 13:05:35"
"CMTOP346","POLIZIA MUNICIPALE DI OZEGNA","G202","2961 E SMI","27/11/1989","AUTOVELOX MOBILE","VELOMATIC","512D","1","R.7095 - CPU7160","APPARECCHIATURA A NOLEGGIO","03/11/2025 13:14:39","03/11/2025 13:14:39"
"CMTOP346","POLIZIA MUNICIPALE DI OZEGNA","G202","3758 E SMI","06/08/2014","AUTOVELOX MOBILE","AUTOVELOX","106","1","R958769 - CPU959177","APPARECCHIATURA A NOLEGGIO","03/11/2025 13:14:39","03/11/2025 13:14:39"
"CMTOP347","POLIZIA MUNICIPALE MACELLO","E782","1824","20/03/2000","RILEVATORE VELOCITA' IN MODALITA' ISTANTANEA","ELTRAFF","TELELASER","ULTRALYTE","UL013385","","14/10/2025 09:57:21","14/10/2025 09:57:21"
"CMTOP373","Comune di Volpiano  Polizia Municipale","M122","378","09/09/2021 00:00","Misuratore fisso velocità istantanea","Traffic Tecnology","TCS - Traffic Control System","Non presente nel decreto","IMP.230230613 -TCD.1223033031-TCE.S10A11004554","","14/10/2025 12:14:05","14/10/2025 12:14:05"
"CMTOP373","Comune di Volpiano  Polizia Municipale","M122","378","09/09/2021 00:00","Misuratore fisso velocità istantanea","Traffic Tecnology","TCS - Traffic Control System","Non presente nel decreto","IMP.230230612-TCD.1223033018-TCE.S10A11007368","","14/10/2025 12:14:05","14/10/2025 12:14:05"
"CMTOP373","Comune di Volpiano  Polizia Municipale","M122","3758","06/08/2014 00:00","Rilevatore di velocità in modalità istantanea","Sodi Scientifica","Autovelox 106","Non presente","Rilevatore metrologico:948990-CPU:949092","","14/10/2025 12:14:05","14/10/2025 12:14:05"
"CMTOP395","Polizia Locale Villareggia","M004","3758","06/08/2014","MOBILE-rilevatore di velocità in mod.istantanea","Sodi Scientifica","Autovelox 106","non presente","958769","NOLEGGIO","09/12/2025 14:38:14","09/12/2025 14:38:14"
"CMTPP000","POLIZIA LOCALE COMUNE DI TRAPANI","L331","Decreto nr. 0003758","06/08/2014","AUTOVELOX","Sodi Scientifica","106","MONODIREZIONALE","955606","Decr. Pref. 390/bis/2002","27/11/2025 09:59:37","25/11/2025 13:05:07"
"CMTPP000","POLIZIA LOCALE COMUNE DI TRAPANI","L331","Decreto nr. 903","27/06/2006","AUTOVELOX","Sodi Scientifica","104/E","MONODIREZIONALE","944879","Decr. Pref. 390/bis/2002","27/11/2025 09:59:37","25/11/2025 13:05:07"
"CMTPP000","///////////////////////////////////////////////","//////////////////////////////////////////////","////////////////////////////","///////////////////////////////","//////////////////////////////////","////////////////////////////////////","//////////////////////////////////////","///////////////////////////////////////","///////////////////////////////////////","//////////////////////////","27/11/2025 09:59:37","25/11/2025 13:05:07"
"CMTPP002","POLIZIA LOCALE MARSALA","E974","3248","13/06/2011","MOBILE","ELTRAFF","TELELASER","TRUSPEED","TS010354","","21/11/2025 12:16:36","21/11/2025 12:16:36"
"CMTPP002","POLIZIA LOCALE MARSALA","E974","356","18/08/2021","FISSO","MAGGIOLI SPA","AUTOSC@ N SPEED","NON PRESENTE","2022 0040","","21/11/2025 12:16:36","21/11/2025 12:16:36"
"CMTPP002","POLIZIA LOCALE MARSALA","E974","3758","2014","MOBILE","SODI SCIENTIFICA SRL","AUTOVELOX AX106BARRA","NON PRESENTE","947449/946986","","21/11/2025 12:16:36","21/11/2025 12:16:36"
"CMTPP002","POLIZIA LOCALE MARSALA","E974","3758","2014","FISSO","SODI SCIENTIFICA SRL","AUTOVELOX AX106STANDARD COLORE","NON PRESENTE","959806","","21/11/2025 12:16:36","21/11/2025 12:16:36"
"CMTPP004","Polizia Mun.","D234","356","18/08/2021","Velox aut.","Maggioli","Autosc@n","Speed","20.240.088","","13/10/2025 09:37:15","13/10/2025 09:37:15"
"CMTPP006","CAMPOBELLO DI MAZARA POLIZIA MUNICIPALE","B521","20923","02/03/2007","MOBILE","ELTRAFF","VELOMATIC","512D","2090-2093","Estensione di approvazione 5913 del 17/12/2014","29/11/2025 12:38:30","29/11/2025 12:38:30"
"CMTPP007","POLIZIA MUNICIPALE  Comune di Paceco","G208","20923","02.03.2007","FISSO/MOBILE","ELTRAFF","VELOMATIC","512D","638-1389-1390","Estensione di approvazione 103683 del 30/12/2010","18/11/2025 12:35:47","18/11/2025 12:35:47"
"CMTPP007","POLIZIA MUNICIPALE  Comune di Paceco","G208","1824","20.03.2000","MOBILE","ELTRAFF","TELELASER","ULTRALYTE","UL014719/2780","","18/11/2025 12:35:47","18/11/2025 12:35:47"
"CMTPP008","Comune di Buseto Palizzolo  Polizia Locale","B288","Decreto Dirigenziale n.356","18/08/21","Dispositivo automatico velocità istantanea","Maggioli s.p.a.","Autosc@n Speed","Non presente","2025.0104","","01/12/2025 12:28:13","01/12/2025 12:28:13"
"CMTPP204","COMUNE DI VALDERICE POLIZIA MUNICIPALE","G319","154","17/04/2023","DISPOSITIVO AUTOMATICO VELOCITA' ISTANTANEA","MAGGIOLI S.P.A.","AUTOSC@N SPEED","NON PRESENTE","2024.0086","DECRETO DIRIGENZIALE NR.356 DEL 18/08/2021 E SUCCESSIVA ESTENSIONE NR. 154 DEL 17/04/2023","04/11/2025 17:29:23","04/11/2025 17:29:23"
"CMTPP206","Polizia_locale_comune_di_Castellammare_del_Golfo;","C130;","3758;","06-08-2014;","Autovelox;","Sodi_Scientifica;","106;",";","958073/958672",";","14/10/2025 15:56:43","14/10/2025 15:56:43"
"CMTPP207","POLIZIA LOCALE COMUNE FAVIGNANA","D518","0741/2025","25/09/2025","TELELASER","ELTRAFF SRL","TELELASER TRUMCAM","TELELASER TRUMCAM","TC004918","NESSUNA","21/10/2025 16:17:29","21/10/2025 16:17:29"
"CMTRP000","TERNI POLIZIA MUNICIPALE","L117","549","21/12/2021","Rilevatore di velocità in modalità istantanea","Project automation","K53800_SPEED","Non presente","PASPEEDn22024011205","via Lessini dir. centro fino al 19/12/2025 ore 10:26","14/01/2026 09:57:51","06/10/2025 14:21:11"
"CMTRP000","TERNI POLIZIA MUNICIPALE","L117","549","21/12/2021","Rilevatore di velocità in modalità istantanea","Project automation","K53800_SPEED","Non presente","PASPEEDn22022030433","via Lessini dir. Narni fino al 19/12/2025 ore 10:02","14/01/2026 09:57:51","06/10/2025 14:21:11"
"CMTRP000","TERNI POLIZIA MUNICIPALE","L117","549","21/12/2021","Rilevatore di velocità in modalità istantanea","Project automation","K53800_SPEED","Non presente","PASPEEDn22022030437","viale dello Stadio corsia 1 e 2 fino al 05/12/2025 ore 14:40","14/01/2026 09:57:51","06/10/2025 14:21:11"
"CMTRP000","TERNI POLIZIA MUNICIPALE","L117","549","21/12/2021","Rilevatore di velocità in modalità istantanea","Project automation","K53800_SPEED","Non presente","PASPEEDn22022030447","viale dello Stadio corsia 2 e 3 fino al 05/12/2025 ore 14:40","14/01/2026 09:57:51","06/10/2025 14:21:11"
"CMTRP000","TERNI POLIZIA MUNICIPALE","L117","549","21/12/2021","Rilevatore di velocità in modalità istantanea","Project automation","K53800_SPEED","Non presente","PASPEEDn22022030429","via Alfonsine dir. centro fino al 19/12/2025 ore 11:18","14/01/2026 09:57:51","06/10/2025 14:21:11"
"CMTRP000","TERNI POLIZIA MUNICIPALE","L117","4708","01/08/2016","Rilevatore di velocità in modalità istantanea","Velocar","VELOCAR RED&SPEED-EVO-R","Non presente","734","S.S. 209 km 4+582 dir. Terni","14/01/2026 09:57:51","06/10/2025 14:21:11"
"CMTRP000","TERNI POLIZIA MUNICIPALE","L117","4708","01/08/2016","Rilevatore di velocità in modalità istantanea","Velocar","VELOCAR RED&SPEED-EVO-R","Non presente","735","S.S. 209 km 9+710 dir. Terni","14/01/2026 09:57:51","06/10/2025 14:21:11"
"CMTRP000","TERNI POLIZIA MUNICIPALE","L117","4708","01/08/2016","Rilevatore di velocità in modalità istantanea","Velocar","VELOCAR RED&SPEED-EVO-R","Non presente","736","S.S. 209 km 9+710 dir. Ferentillo","14/01/2026 09:57:51","06/10/2025 14:21:11"
"CMTRP000","TERNI POLIZIA MUNICIPALE","L117","4708","01/08/2016","Rilevatore di velocità in modalità istantanea","Velocar","VELOCAR RED&SPEED-EVO-R","Non presente","737","S.S. 209 km 4+582 dir. Ferentillo","14/01/2026 09:57:51","06/10/2025 14:21:11"
"CMTRP000","TERNI POLIZIA MUNICIPALE","L117","5240","31/08/2017","Rilevatore di velocità in modalità media","Velocar","VELOCAR RED&SPEED-EVO-M","Non presente","735 - 734","S.S. 209 dir. Terni","14/01/2026 09:57:51","06/10/2025 14:21:11"
"CMTRP000","TERNI POLIZIA MUNICIPALE","L117","5240","31/08/2017","Rilevatore di velocità in modalità media","Velocar","VELOCAR RED&SPEED-EVO-M","Non presente","737 - 736","S.S. 209 dir. Ferentillo","14/01/2026 09:57:51","06/10/2025 14:21:11"
"CMTRP000","TERNI POLIZIA MUNICIPALE","L117","242","05/07/2018","Rilevatore di velocità in modalità istantanea","Eletraff","Telelaser Trucam HD","Non presente","TC009470","Dispositivo mobile","14/01/2026 09:57:51","06/10/2025 14:21:11"
"CMTRP000","TERNI POLIZIA MUNICIPALE","L117","227","04/07/2025","Rilevatore di velocità in modalità istantanea","Safety21 S.p.A.","VRS-EVO-T12-5-RS4","Non presente","794","viale dello Stadio dir. Borsi dal 05/12/2025 ore 14:41","14/01/2026 09:57:51","06/12/2025 14:56:36"
"CMTRP000","TERNI POLIZIA MUNICIPALE","L117","227","04/07/2025","Rilevatore di velocità in modalità istantanea","Safety21 S.p.A.","VRS-EVO-T12-5-RS4","Non presente","792","via Lessini dir. centro dal 19/12/2025 ore 10:27","14/01/2026 09:57:51","14/01/2026 09:57:51"
"CMTRP000","TERNI POLIZIA MUNICIPALE","L117","227","04/07/2025","Rilevatore di velocità in modalità istantanea","Safety21 S.p.A.","VRS-EVO-T12-5-RS4","Non presente","793","via Lessini dir. Narni dal 19/12/2025 ore 10:03","14/01/2026 09:57:51","14/01/2026 09:57:51"
"CMTRP000","TERNI POLIZIA MUNICIPALE","L117","227","04/07/2025","Rilevatore di velocità in modalità istantanea","Safety21 S.p.A.","VRS-EVO-T12-5-RS4","Non presente","795","via Alfonsine dir. centro dal 19/12/2025 ore 11:19","14/01/2026 09:57:51","14/01/2026 09:57:51"
"CMTRP002","COMUNE DI NARNI-POLIZIA MUN.LE","F844","1550","17/03/2017","MOBILE","ENVES","EVO MVD","1605","0X00032B3C","estensione approvazione:decr.n.183 del 01/06/2020 - decr.n.550 del 23/12/2021","29/10/2025 08:50:46","29/10/2025 08:50:46"
"CMTRP003","POLIZIA LOCALE COMUNE DI ARRONE","A439","3758","06/08/2014","RILEVATORE DI VELOCITA' IN MODALITA' ISTANTANEA","SODI SCIENTIFICA","AUTOVELOX106","BIDI","953497","","29/10/2025 14:44:35","29/10/2025 14:44:35"
"CMTRP200","POLIZIA LOCALE COMUNE DI MONTEFRANCO","F510","3758","06/08/2014","RILEVATORE DI VELOCITA' IN MODALITA' ISTANTANEA","SODI SCIENTIFICA","AUTOVELOX 106","NON PRESENTE","959061","","14/11/2025 09:11:35","08/10/2025 07:01:17"
"CMTRP201","COMUNE DI FERENTILLO","D538","370","15/09/2022","MISURATORE  DI VELOCITA'","ELTRAFF","VELOMATIC","512D","5170-5089","","10/10/2025 09:52:28","10/10/2025 09:52:28"
"CMTRP202","COMUNE DI ATTIGLIANO","A490","3248","13/06/2011","TELELASER","ELTRAFF","TRUCAM","TRUCAM","TC003530","STRUMENTO DEI COMUNI IN CONVENZIONE EX ART. 30 ATTIGLIANO GIOVE PENNA IN TEVERINA GUARDEA","29/10/2025 09:23:34","29/10/2025 09:23:34"
"CMTRP203","""Servizio Polizia Municapale Montecastrilli""","""F457""","""48""","""01_03_2021""","""rilevatore eletronico Velocita""","""Velocar""","""AGUIA Red e Speed""","""Aguia T5  5  R""","""16290""","""SP 113""","03/11/2025 13:03:09","03/11/2025 13:03:09"
"CMTRP204","POLIZIA LOCALE COMUNE DI BASCHI","A691","20923","02/03/2007","FISSO/MOBILE","ELTRAFF","VELOMATIC","512D+","7264 / 7261","ESTENSIONE DI APPROVAZIONE 000054 DEL 08/03/2021","06/10/2025 09:53:47","06/10/2025 09:53:47"
"CMTRP205","COMUNE DI AMELIA POLIZIA MUNICIPALE","A262","20923","02/03/2007","FISSO/MOBILE","ELTRAFF","VELOMATIC","512D+","7426 7414","ESTENSIONE DI APPROVAZIONE 0000054 DEL 08/03/2021","31/10/2025 08:30:40","31/10/2025 08:30:40"
"CMTRP206","POLIZIA LOCALE SANGEMINI","H857","549","21/12/2021","FISSO","PROJECT AUTOMATION SPA","K53800_SPEED","NA","PASPEED n 22024011217","","23/03/2026 11:52:41","23/03/2026 11:52:41"
"CMTRP208","POLIZIA MUNICIPALE ORVIETO","G148","3758","06/08/2014","RILEVATORE MOBILE","SODI SCIENTIFICA","AUTOVELOX 106","non presente","955402 956819","","09/01/2026 13:29:40","09/01/2026 13:29:40"
"CMTRP209","Polizia Locale Comune di Acquasparta","CMTRP20901","3758","06/08/2014","Rilevatore di velocità in modalità istantanea","Sodi Scientifica","Autovelox 106","Non presente","955408/956831","","18/11/2025 11:48:40","18/11/2025 11:48:40"
"CMTRP210","POLIZIA LOCALE ALVIANO","A242","550","DEL 23/12/2021","APPARATO DI RILEVAMENTO DI VELOCITA' ISTANTANEA","EngiNE S.p.A.","EnVES EVO MVD 1605","EnVES EVO MVD 1605 - Appr. Min. 550 del 23/12/2021","0x00032BD4","","13/10/2025 11:07:17","13/10/2025 11:07:17"
"CMTSP000","Polizia Locale Trieste","L424","3758","06/08/2014","Rilevatore di velocità in modalità istantanea","SODI Scientifica","Autovelox 106","Autovelox 106","951951","RILEVATORE 951951 - CPU n. 950554","05/11/2025 09:01:55","05/11/2025 09:01:55"
"CMTSP000","Polizia Locale Trieste","L424","3758","06/08/2014","Rilevatore di velocità in modalità istantanea","SODI Scientifica","Autovelox 106","Autovelox 106","953491","RILEVATORE 953491 - CPU n. 954518","05/11/2025 09:01:55","05/11/2025 09:01:55"
"CMTSP000","Polizia Locale Trieste","L424","1824","20/03/2000","Misuratore di velocità","Elltraff Srl","Telelaser Ultralyte","Telelaser Ultralyte","UL023818","","05/11/2025 09:01:55","05/11/2025 09:01:55"
"CMTSP000","Polizia Locale Trieste","L424","1824","20/03/2000","Misuratore di velocità","Elltraff Srl","Telelaser Ultralyte","Telelaser Ultralyte","UL023819","","05/11/2025 09:01:55","05/11/2025 09:01:55"
"CMTSP000","Polizia Locale Trieste","L424","3248","13/06/2011","Misuratore di velocità","Elltraff Srl","c","Telelaser Ultralyte","TS011712","","05/11/2025 09:01:55","05/11/2025 09:01:55"
"CMTSP001","Polizia Locale Comune di Muggia(TS)","F795","20923","02/03/2007","AUTOVELOX","ELTRAFF","VELOMATIC","512D","6525-6563","","17/11/2025 14:50:20","17/11/2025 14:50:20"
"CMTSP001","Polizia Locale Comune di Muggia(TS)","F795","3248","13/06/2011","TELELASER","ELTRAFF","TRUSPEED","TRS-MU02-IT","TS009251","","17/11/2025 14:50:20","17/11/2025 14:50:20"
"CMTSP202","POLIZIA LOCALE COMUNE DUINO AURISINA","D383","3248","13/06/2011","MOBILE","ELTRAFF","TELELASER","TRUSPED","TS011714","","16/10/2025 11:43:37","16/10/2025 11:43:37"
"CMTSP202","POLIZIA LOCALE COMUNE DUINO AURISINA","D383","3758","06/08/2014","MOBILE","SODI SCIENTIFICA","AUTOVELOX","106","959629","","16/10/2025 11:43:37","16/10/2025 11:43:37"
"CMTVP000","Polizia Locale Comune di Treviso","L407","356","18-08-2021","Autovelox","Autosc@n","Speed","'-","2022.0062","in postazione fissa autorizzato Prefettura Treviso","07/10/2025 10:32:27","07/10/2025 10:32:27"
"CMTVP000","Polizia Locale Comune di Treviso","L407","356","18-08-2021","Autovelox","Autosc@n","Speed","'-","2022.0063","in postazione fissa autorizzato Prefettura Treviso","07/10/2025 10:32:27","07/10/2025 10:32:27"
"CMTVP000","Polizia Locale Comune di Treviso","L407","3248","13-06-2011","Telelaser","Eltraff","TELELASER TruCam","'-","TC004130","","07/10/2025 10:32:27","07/10/2025 10:32:27"
"CMTVP000","Polizia Locale Comune di Treviso","L407","242","05-07-2018","Telelaser","Eltraff","TELELASER TruCamHD","'-","TC008536","","07/10/2025 10:32:27","07/10/2025 10:32:27"
"CMTVP002","Comune di Roncade (TV) Polizia Locale","H523","3248","13/06/2011","mobile","ELTRAFF SRL","TELELASER","TRUCAM","TC005035","","27/10/2025 12:01:08","27/10/2025 12:01:08"
"CMTVP002","Comune di Roncade (TV) Polizia Locale","H523","3248","13/06/2011","mobile","ELTRAFF SRL","TELELASER","TRUCAM","TC003823","","27/10/2025 12:01:08","27/10/2025 12:01:08"
"CMTVP005","COMUNE MOGLIANO VENETO","F269","534","08/05/2003","MISURATORE DI VELOCITA'","ELTRAFF S.R.L.","TELELASER ULTRALYTE","ULTRALYTE","UL016476","","17/11/2025 11:45:17","17/11/2025 11:45:17"
"CMTVP005","COMUNE MOGLIANO VENETO","F269","242","05/07/2018","TELELASER","ELTRAFF S.R.L.","TELELASER ULTRALYTE","TRUCAM","TC0065545","","17/11/2025 11:45:17","11/11/2025 08:22:57"
"CMTVP005","COMUNE MOGLIANO VENETO","F269","380","26/07/2024","MISURATORE DI VELOCITA'","SODI SCIENTIFICA S.R.L.","AUTOVELOX","106","947151","","17/11/2025 11:45:17","17/11/2025 11:45:17"
"CMTVP006","Polizia Locale Comune di Paese","G229","5913","17/12/2014","rilevatore di velocita istantanea","Eltraff S.r.l.","VELOMATIC","512 D","334-328-329","","27/10/2025 10:44:40","27/10/2025 10:44:40"
"CMTVP006","Polizia Locale Comune di Paese","G229","242","05/07/2018","misuratore di velocita laser","Eltraff S.r.l.","TELELASER TruCam","HD","TC0063258","","27/10/2025 10:44:40","27/10/2025 10:44:40"
"CMTVP009","COMUNE PONTE DI PIAVE","G846","1824","20/03/2000","MOBILE","ELTRAFF","TELELASER","MOCRODIGICAM","UL009948","ESTENSIONE DI APPROVAZIONE 534 DEL 08/05/2003","28/10/2025 14:47:25","28/10/2025 14:47:25"
"CMTVP009","COMUNE PONTE DI PIAVE","G846","20923","02/03/2007","FISSO/MOBILE","ELTRAFF","VELOMATIC","512D","5691/6026","ESTENSIONE DI APPROVAZIONE 5913 DEL 17/12/2014","28/10/2025 14:47:25","28/10/2025 14:47:25"
"CMTVP011","COMUNE CASIER","B965","534","08/05/2003","TELELASER","ELTRAFF S.R.L.","TELELASER","ULTRALYTE","UL010647","","17/11/2025 12:33:16","17/11/2025 12:33:16"
"CMTVP011","COMUNE CASIER","B965","380","26/07/2024","VELOX","SODI SCIENTIFICAT S.R.L.","AUTOVELOX","106","950496-951048","","17/11/2025 12:33:16","17/11/2025 12:33:16"
"CMTVP013","COMUNE DI CASTELLO DI GODEGO","C190","n. 000378","09,09,2021","TRAFFIC CONTROL SYSTEM","TRAFFIC TECNOLOGY SPA","TCD1","TCD1.0","2101260004","SR245 - KM 37+597 VIA CAPRERA dir. Castelfranco Veneto - Bassano del Grappa","11/11/2025 13:34:31","11/11/2025 13:34:31"
"CMTVP015","COMUNE PREGANZIOL","H022","534","08/05/2003","TELELASER","ELTRAFF S.R.L.","TELELASER","TELELASER","ULTRALYTE","UL003588","17/11/2025 13:05:31","17/11/2025 13:05:31"
"CMTVP015","COMUNE PREGANZIOL","H022","2961","27/11/1989","VELOX","ELTRAFF S.R.L.","VELOMATIC","VELOMATIC","512","5768-5790-57750","17/11/2025 13:05:31","17/11/2025 13:05:31"
"CMTVP017","POLIZIA LOCALE CASTELFRANCO VENETO","C111","3248","13/06/2011","MOBILE","ELTRAFF","TELELASER","TRUSPEED","TS011722","","01/12/2025 09:02:51","01/12/2025 09:02:51"
"CMTVP021","COMUNE DI ODERZO","F999","20923","02/03/2007","FISSO/MOBILE","ELTRAFF","VELOMATIC","512D","3125","ESTENSIONE DI APPROVAZIONE 5913 DEL 17/12/2014","28/11/2025 07:33:23","26/11/2025 14:38:33"
"CMTVP021","COMUNE DI ODERZO","F999","3284","13/06/2011","MOBILE","ELTRAFF","TELELASER","TRUCAM","TC004117","","28/11/2025 07:33:23","26/11/2025 14:38:33"
"CMTVP023","Comune di Asolo","A471","1824","20/03/2020","TELELASER","ELTRAFF Srl - Concorezzo (Mi)","Telelaser Ultralyte","NON PRESENTE","UL012697","","09/10/2025 15:51:41","09/10/2025 15:51:41"
"CMTVP023","Comune di Asolo","A471","242","05/07/2018","TELELASER","ELTRAFF Srl - Concorezzo (Mi)","Telelaser Tru-Cam","Telelaser TruCam HD","TC009514",",","09/10/2025 15:51:41","09/10/2025 15:51:41"
"CMTVP025","COMUNE DI ISTRANA","E373","3248","13/06/2011","MOBILE","ELTRAFF","TELELASER","TRUCAM HD","TC006677","Estensione di approvazione 0000242 del 15/07/2018","05/11/2025 15:00:34","03/11/2025 11:16:14"
"CMTVP026","COMUNE DI MONTEBELLUNA","F443","1824","20/03/2020","Telelaser","Eltraff","Ultralyte","Micro digicam","UL015854/MV000623","estensione approvazione DM n. 534 08/05/2003","15/10/2025 11:34:10","15/10/2025 11:34:10"
"CMTVP026","COMUNE DI MONTEBELLUNA","F443","20923","02/03/2007","Velomatic","Eltraff","512","versione con flash 20C2","429/497/567/5356","estensione approvazione DM n. 5913 17/12/2014","15/10/2025 11:34:10","15/10/2025 11:34:10"
"CMTVP202","Corpo Intecomunale di Polizia locale-comune di San Biagio di Callalta TV","H781","3248","13/06/2011","TELELASER","ELTRAF SRL","TRUSPEED","TRUSPEED","TS007284","corpo Intercomunale con utilizzo dell’apparecchiatura nei comuni di San Biagio di Callalta, Monastier di Treviso, Silea, Zenson di Piave","02/12/2025 11:04:28","02/12/2025 11:04:28"
"CMTVP202","Corpo Intecomunale di Polizia locale-comune di San Biagio di Callalta TV","H781","M.INF.SISTRA.REGISTRO DECRETI.R.0000242.05-07-2018","05/07/2018","TELELASER TruCamHD","ELTRAF SRL","TELELASER TruCamHD","TELELASER TruCamHD","TC011169","corpo Intercomunale con utilizzo dell’apparecchiatura nei comuni di San Biagio di Callalta, Monastier di Treviso, Silea, Zenson di Piave","02/12/2025 11:04:28","02/12/2025 11:04:28"
"CMTVP202","Corpo Intecomunale di Polizia locale-comune di San Biagio di Callalta TV","H781","4968","28/07/2016","AUTOVELOX","EngiNe","ENVES EVO MVDM 1507","ENVES EVO MVDM 1507","CMP3168485","corpo Intercomunale con utilizzo dell’apparecchiatura nei comuni di San Biagio di Callalta, Monastier di Treviso, Silea, Zenson di Piave","02/12/2025 11:04:28","02/12/2025 11:04:28"
"CMTVP203","POLIZIA LOCALE GORGO AL MONTICANO","E092","2483","10/11/1993","Autovelox mobile","Sodi Scientifica","Autovelox","104/C-2","50152","","17/10/2025 08:27:23","17/10/2025 08:27:23"
"CMTVP205","COMUNE DI MANSUE’ UFFICIO DI POLIZIA MUNICIPALE","E893","3248","13/06/2011","MOBILE","ELTRAFF","TELELASER","TRUCAM","TC005830","","02/12/2025 09:44:14","17/10/2025 10:23:21"
"CMTVP209","POLIZIA LOCALE COMUNE DI CODOGNE’","C815","3248","13/06/2011","MOBILE","ELTRAFF","TELELASER TRUCAM","TRUCAM","TC0000408","","17/11/2025 12:38:32","17/11/2025 12:38:32"
"CMTVP214","COMUNE DI PORTOBUFFOLE' UFFICIO POLIZIA MUNICIPALE","G909","3248","13/06/2011","MOBILE","ELTRAFF","TELELASER","TRUCAM","TC005830","","02/12/2025 12:01:55","17/10/2025 10:57:21"
"CMTVP215","POLIZIA LOCALE CHIARANO","C614","3248","13/06/2011","MOBILE","ELTRAFF S.R.L.","TELELASER TRUCAM","TRUCAM HD","TC005053","","01/12/2025 11:57:26","01/12/2025 11:57:26"
"CMTVP218","POLIZIA MUNICIPALE FONTANELLE","D674","20923","02/03/2007","MOBILE","ELTRAFF","VELOMATIC 512D","Estensione di approvazione 5913 del 17/12/2014","6419","","13/11/2025 12:49:41","13/11/2025 12:49:41"
"CMTVP221","polizia_locale","L402","3758","06-08-2014","rilevatore_di_velocita_in_modalita_istantanea","sodi_scientifica","Autovelox-106","non_presente","947452","nulla","09/10/2025 10:02:48","09/10/2025 10:02:48"
"CMTVP226","Comune di Pieve di Soligo","G645","4668","29/07/2016","Sensore laser","EngiNe","EnVES EVO MVDm 1507","Vista EnVes1365","CMP3620129","Approvato anche con decreto 288 del 17/01/2018","01/12/2025 17:08:07","01/12/2025 17:08:07"
"CMTVP226","Comune di Pieve di Soligo","G645","4199","08/09/1997","TELELASER","Laser Technology Incorporated","LTI 20-20","non disponibile","13048","Approvato anche con decreto 6025 del 30/11/1998","01/12/2025 17:08:07","01/12/2025 17:08:07"
"CMTVP228","COMUNE DI MORGANO","F725","3248","13/06/2011","MOBILE","ELTRAFF","TELELASER","TRUCAM HD","TC006677","Estensione di approvazione 0000242 del 05/07/2018","05/11/2025 14:49:47","05/11/2025 14:49:47"
"CMTVP229","COMUNE SALGAREDA","H706","1824","20/03/2000","MOBILE","ELTRAFF","TELELASER","MOCRODIGICAM","UL009948","ESTENSIONE DI APPROVAZIONE 534 DEL 08/05/2003","28/10/2025 15:12:54","28/10/2025 15:12:54"
"CMTVP229","COMUNE SALGAREDA","H706","20923","02/03/2007","FISSO/MOBILE","ELTRAFF","VELOMATIC","512D","5691/6026","ESTENSIONE DI APPROVAZIONE 5913 DEL 17/12/2014","28/10/2025 15:12:54","28/10/2025 15:12:54"
"CMTVP236","Polizia Locale, Comune di Cessalto","C580","3248","13.06.2011","mobile","ELTRAF","telelaser","trucam HD","TC006361","Estensione di approvazione 0000242 del 05.07.2018","28/11/2025 09:22:32","28/11/2025 09:22:32"
"CMTVP239","POLIZIA MUNICIPALE  VOLPAGO DEL MONTELLO","M118","3248","13/06/2011","MOBILE","ELTRAFF","TELELASER","TRUCAM HD","TC006543","ESTENSIONE DI APPROVAZIONE 0000242 DEL 05/07/2018","26/11/2025 19:00:04","26/11/2025 19:00:04"
"CMTVP240","POLIZIA LOCALE SERNAGLIA DELLA BATTAGLIA","I635","4668","28/07/2016","AUTOVELOX MOBILE","ENVES EVO","MVDm1507","MDVm1507","CMP3407247","MATRICOLA ELABORATORE AH0290H","24/10/2025 17:46:56","24/10/2025 17:46:56"
"CMTVP240","POLIZIA LOCALE SERNAGLIA DELLA BATTAGLIA","I635","1284","20/03/2000","TELELASER","LASER TECNOLOGY INCORPORATED","ULTYRALYTE","TELELASER ULTRALYTE","UL005683","","24/10/2025 17:46:56","24/10/2025 17:46:56"
"CMTVP245","COMUNE DI ALTIVOLE","A237","242","05/07/2018","TELELASER","ELTRAFF SRL","TRUCAM","HD","TC010693","postazione mobile presidiata","14/11/2025 09:35:06","14/11/2025 09:35:06"
"CMTVP247","Polizia Locale del Comune di Colle Umberto (TV) via Dell'Abbazia n. 1 - 31014 COLLE UMBERTO (TV)","C848","242","05/07/2018","Telelaser","Eltraff","Telelaser TruCamHD","Telelaser TruCamHD","TC008490","","10/11/2025 16:50:05","10/11/2025 16:50:05"
"CMTVP248","COMANDO POLIZIA LOCALE VITTORIO VENETO","M089","1824","20/03/2000","TELELASER ULTRALYTE","ELTRAFF","ULTRALYTE","UL000437","UL018442","","20/10/2025 13:03:57","20/10/2025 13:03:57"
"CMTVP248","COMANDO POLIZIA LOCALE VITTORIO VENETO","M089","3248","13/06/2011","TELELASER TRUCAM","ELTRAFF","TRUCAM","0","TC005254","","20/10/2025 13:03:57","20/10/2025 13:03:57"
"CMTVP250","Polizia Locale di Casale sul Sile","B879","3248","13-06-2011","Mobile","Eltraff","Telelaser","Trucam","TC005259","","18/12/2025 10:10:51","18/12/2025 10:10:51"
"CMTVP252","POLIZIA LOCALE UNIONE DI COMUNI MARCA OCCIDENTALE","H280 RIESE PIO X","DECRETO DIRIGENZIALE N. 356","18/08/2021","DISPOSITIVO AUTOMATICO VELOCITA' ISTANTANEA","MAGGIOLI S.P.A.","AUTOSC@N SPEED","AUTOSC@N SPEED","2021/0007","POSTAZIONE FISSA AUTORIZZATA CON DECRETO PREFETTIZIO N. 3889/2016/AREA III  AL KM 5+390 SP667 RIESE PIO X","27/11/2025 15:33:56","27/11/2025 15:33:56"
"CMTVP252","POLIZIA LOCALE UNIONE DI COMUNI MARCA OCCIDENTALE","H280 RIESE PIO X","DECRETO DIRIGENZIALE N. 1824","20/03/2000","DISPOSITIVO AUTOMATICO VELOCITA' ISTANTANEA","ELTRAFF S.P.A","TELELASER ULTRALYTE","TELELASER ULTRALYTE","UL005699","DISPOSITIVO MOBILE","27/11/2025 15:33:56","27/11/2025 15:33:56"
"CMTVP252","POLIZIA LOCALE UNIONE DI COMUNI MARCA OCCIDENTALE","L706 VEDELAGO","DECRETO DIRIGENZIALE N. 242","05/07/2018","DISPOSITIVO AUTOMATICO VELOCITA' ISTANTANEA","ELTRAFF S.P.A","TELELASER TRU CAM","TELELASER TRU CAM","TC008495","DISPOSITIVO MOBILE","27/11/2025 15:33:56","27/11/2025 15:33:56"
"CMTVP261","cmtvo26101  comune di Vidor (tv)","L856","20923","02/03/2007","fisso/mobile","ELTRAFF","VELOMATIC","512D","3771","estensione di approvazione 103683 del 30/12/2010","13/11/2025 13:17:29","13/11/2025 13:17:29"
"CMTVP262","polizia locale comune di Follina;","CMTVP262;","3248;","13/06/2011;","MOBILE;","ELTRAFF;","TELELASER;","TRUCAM HD;","TC008488;","Estensione di approvazione 0000242 del 05/07/2018;","11/11/2025 11:42:14","11/11/2025 11:42:14"
"CMTVP272","COMUNE DI MASERADA SUL PIAVE - POLIZIA LOCALE","F012","3758","06/08/2014","MISURATORE ELETTRONIUCO VELOCITA'","SODI","AUTOVELOX","106 BIDI","956760 - 958651","","15/11/2025 16:42:11","15/11/2025 16:42:11"
"CMTVP278","POLIZIA LOCALE FARRA DI SOLIGO","D505","242","05/07/2018","TELELASER","TRUCAM HD","HD","TRUCAM HD","TC008651","","24/10/2025 16:21:07","24/10/2025 16:21:07"
"CMTVP279","CORPO INTERC.LE DI P.L. TRA I COMUNI DI PONZANO VENETO E POVEGLIANO","G875 – G944","288","17/01/18","RILEVATORE VELOCITA'","EnVES EVO","MVDm 1507","MVDm 1507","CMP3825181","PROPRIETA' COMUNE DI POVEGLIANO","08/10/2025 07:54:28","08/10/2025 07:54:28"
"CMTVP279","CORPO INTERC.LE DI P.L. TRA I COMUNI DI PONZANO VENETO E POVEGLIANO","G875 – G944","1824","20/03/00","RILEVATORE VELOCITA'","ELTRAFF","TELELASER ULTRALYTE","TELELASER ULTRALYTE","UL010651","PROPRIETA' COMUNE DI PONZANO VENETO","08/10/2025 07:54:28","08/10/2025 07:54:28"
"CMTVP280","COMUNE DI SPRESIANO","I927","48","44256","AUTOVELOX","Safety21 S.p.A.","AGUIA Red & Speed","AGUIA-T5-5-R","16375","Dec.sub.tit.n.227","28/10/2025 15:32:21","28/10/2025 15:32:21"
"CMTVP280","COMUNE DI SPRESIANO","I927","3248","40707","TELELASER","ELTRAFF","TELELASER","TRUSPEED","ND","","28/10/2025 15:32:21","28/10/2025 15:32:21"
"CMTVP287","COMUNE DI CROCETTA DEL MONTELLO","C670","20293","02/03/2007","MOBILE","ELTRAFF","VELOMATIC","512D+","7649-7679-7625","Estensione di approvazione 0000054 del 08/03/2021","27/11/2025 10:41:57","27/11/2025 10:41:57"
"CMTVP288","CORPO INTERCOMUNALE DI POLIZIA LOCALE POSTUMIA ROMANA - COMUNE DI VILLORBA (TV);","M048;","M.INF.SISTRA.REGISTRO DECRETI.R.0000242.05-072018;","05/07/2018;","TELELASER TruCamHD;","ELTRAFF SRL;","TELELASER TruCamHD;","TELELASER TruCamHD;","TC009510;","CORPO INTERCOMUNALE CON UTILIZZO DELL'APPARECCHIATURA NEI COMUNI DI ARCADE (TV), BREDA DI PIAVE (TV), CARBONERA (TV), VILLORBA (TV);","04/11/2025 12:08:20","04/11/2025 12:08:20"
"CMTVP290","UNIONE MONTANA DEL GRAPPA","M422","3248","13/06/2011","MOBILE","ELTRAFF","TELELASER","TRUCAM","TC002034","UNIONE MONTANA DEL GRAPPA SVOLGE SERVIZIO PER COMUNI DI CASTELCUCCO (TV), CAVASO DEL TOMBA (TV), MONFUMO (TV), PIEVE DEL GRAPPA (TV), POSSAGNO (TV)","03/10/2025 06:12:42","03/10/2025 06:12:42"
"CMUDP000","POLIZIA LOCALE DI UDINE","L483","3248","13/06/2011","telelaser","ELTRAFF S.R.L.","Telelaser Tru-Cam","Telelaser Tru-Cam HD","TC007678","","09/10/2025 17:05:36","09/10/2025 17:05:36"
"CMUDP000","POLIZIA LOCALE DI UDINE","L483","288","17/01/2018","autovelox","EngiNE S.R.L.","EnVES EVO MVDm 1507","AXIS P1365MKII","CMP3778520","","09/10/2025 17:05:36","09/10/2025 17:05:36"
"CMUDP001","POLIZIA LOCALE DEL CONEGLIANESE","C957","3248","13/06/2011","TELELASER","ELTRAFF","TRUCAMHD","TRUCAMHD","TC008491","","29/10/2025 08:36:24","29/10/2025 08:36:24"
"CMUDP002","POLIZIA LOCALE COMUNE DI BUJA E TREPPO GRANDE","B259 (Buja) e L382 (Treppo Grande)","D.M. n.282","13/06/2017","TELELASER","LASER TECHNOLOGY INCORPORATED","TELELASER ULTRALYTE","RLT_ACCR_2024_VX","UL007785","SP49 OSOVANA KM 14+650 - VIA TONZOLANO KM 6+900","24/11/2025 18:05:04","24/11/2025 17:34:00"
"CMUDP003","CERVIGNANO DEL FRIULI POLIZIA MUNICIPALE","C556","20923","02/03/2007","FISSO/MOBILE","ELTRAFF","VELOMATIC","512D","176/1292/1296","ESTENSIONE DI APPROVAZIONE 103683 DEL 30/12/2010","29/10/2025 18:31:28","29/10/2025 18:31:28"
"CMUDP003","CERVIGNANO DEL FRIULI POLIZIA MUNICIPALE","C556","1824","20/03/2000","MOBILE","ELTRAFF","TELELASER","ULTRALYTE","UL007786","CIRCOLARE INTERMINISTERIALE MIT E MINT 13/12/2013, CIRCOLARE MINT 21/07/2017","29/10/2025 18:31:28","29/10/2025 18:31:28"
"CMUDP007","Associazione Intercomunale del Gemonese","D962","2483","10/11/1993","Rilevatore di velocità in modalità istantanea","SODI SCIENTIFICA","AUTOVELOX 104/C-2","non presente","CMP3796161","Comunicazione unica da considerarsi anche per i comuni di: TRASAGHIS (UD), ARTEGNA (UD), MONTENARS (UD) e BORDANO (UD)","14/11/2025 17:14:12","14/11/2025 17:14:12"
"CMUDP007","Associazione Intercomunale del Gemonese","D962","1824","30/03/2000","Rilevatore di velocità in modalità istantanea","LASER TECNOLOGY INC","TELELASER ULTRALYTE","V04.01.IT","UL020589","Comunicazione unica da considerarsi anche per i comuni di: TRASAGHIS (UD), ARTEGNA (UD), MONTENARS (UD) e BORDANO (UD)","14/11/2025 17:14:12","14/11/2025 17:14:12"
"CMUDP202","POLIZIA LOCALE  DI FAGAGNA","D461","3758","06/08/2014","Rilevatore di velocità in modalità istantanea","Sodi Scentifica","Autovelox 106","Non presente","955607 (rilevatore) + 955598 (analizzatore)","","21/10/2025 14:22:40","21/10/2025 14:22:40"
"CMUDP202","POLIZIA LOCALE  DI FAGAGNA","D461","29830","03/04/2008","Rilevatore di velocità in modalità istantanea","Jenoptik","Traffipatrol XR","Non presente","507-207/09300","","21/10/2025 14:22:40","21/10/2025 14:22:40"
"CMUDP206","POLIZIA LOCALE COMUNE DI MANZANO (UD)","E 899","4199  e  6025","del 08/09/1997 - del 30/11/1998","TELELASER","ELTRAFF","LTI 20 - 20","LASER CLASSE 1","12184","MISURATORE DI VELOCITA' SU STATIVO NON IN SEDE FISSA, CON PRESENZA AGENTI DURANTE IL SERVIZIO DI POLIZIA STRADALE","30/10/2025 12:28:41","30/10/2025 12:28:41"
"CMUDP208","POLIZIA LOCALE PAVIA DI UDINE","G389","3248","13 06 2011","MOBILE","ELTRAFF","TELELASER","TRUESPEED","TS010353","","27/11/2025 09:25:41","27/11/2025 09:25:41"
"CMUDP209","POLIZIA LOCALE PASIAN DI PRATO E MARTIGNACCO","G352","4199","08/09/1997","MOBILE","ELTRAFF SRL","TELELASER","LTI 20 20","13007","","07/11/2025 12:50:16","07/11/2025 12:50:16"
"CMUDP209","POLIZIA LOCALE PASIAN DI PRATO E MARTIGNACCO","G352","4668","28/07/2016","MOBILE","ENGINE SRL","ENVES EVO MDVM 1507","SPEEDVELOX 30 230","CMP3479088","","07/11/2025 12:50:16","07/11/2025 12:50:16"
"CMUDP210","POLIZIA LOCALE DI SAN VITO DI FAGAGNA","I405","3758","06/08/2014","Rilevatore di velocità in modalità istantanea","Sodi Scentifica","Autovelox 106","Non presente","955607 (rilevatore) + 955598 (analizzatore)","","21/10/2025 14:34:41","21/10/2025 14:34:41"
"CMUDP210","POLIZIA LOCALE DI SAN VITO DI FAGAGNA","I405","29830","03/04/2008","Rilevatore di velocità in modalità istantanea","Jenoptik","Traffipatrol XR","Non presente","507-207/09300","","21/10/2025 14:34:41","21/10/2025 14:34:41"
"CMUDP211","COMUNE DI CAMPOFORMIDO","B536","3248","13/06/2011","MOBILE","ELTRAFF","TELELASER","TRUCAM HD","TC008257","Estensione di approvazione 0000242 del 05/07/2018","07/10/2025 06:56:06","07/10/2025 06:56:06"
"CMUDP213","Polizia Locale comune di Aquileia","CMUDP213","3248","13/06/2011","MOBILE","ELTRAFF","TELELASER","TRUCAM HD","TC008000","Estensione di approvazione 0000242 del 05/07/2018","10/11/2025 08:51:51","10/11/2025 08:51:51"
"CMUDP215","POLIZIA LOCALE CODROIPO","C817","4670","28/07/2016","MISURATORE VELOCITA' ISTANTANEA","ENGINE S.P.A.","ENVES EVO MVD 1505","1.0","CMP3477088","S.S. 13 KM 103+330 DIR. PORDENONE","21/10/2025 07:40:03","21/10/2025 07:40:03"
"CMUDP216","POLIZIA LOCALE REANA DEL ROJALE","H206","3248","13/06/2011","MOBILE","ELTRAFF","TELELASER","TRUCAM","TC003503","","29/11/2025 17:32:44","29/11/2025 17:32:44"
"CMUDP219","COMUNE DI TAVAGNACCO","L065","3248","13/06/2011","TELELASER","LASER TECHNOLOGY INCORPORATED","TELELASER TRUCAM","2011","TC003827","","03/10/2025 17:09:58","03/10/2025 17:09:58"
"CMUDP223","Comunità di montagna della Carnia","L195","Decreti 4668 del 28/7/2016 e 288 del 17/1/2018","28/07/2016 e 17/01/2018","rilevatore velocità istantanea in mod. presidiata","EngiNe S.r.l.","EnVES EVO MVDm 1507","vers. con telecamera mod. AXIS P1365MKII","CMP3697280 (rilev. laser) + AK0797H (elaboratore)","La trasmissione è da considerarsi unica per tutti i Comuni per i quali la Comunità esercita in forma associata la funzione di Polizia Locale","17/11/2025 09:15:20","17/11/2025 09:15:20"
"CMUDP223","Comunità di montagna della Carnia","L195","Decreti 4668 del 28/7/2016 e 288 del 17/1/2018","28/07/2016 e 17/01/2018","rilevatore velocità istantanea in mod. presidiata","EngiNe S.r.l.","EnVES EVO MVDm 1507","vers. con telecamera mod. AXIS P1365MKII","CMP3695280 (rilev. laser) + AK0798H (elaboratore)","La trasmissione è da considerarsi unica per tutti i Comuni per i quali la Comunità esercita in forma associata la funzione di Polizia Locale","17/11/2025 09:15:20","17/11/2025 09:15:20"
"CMUDP225","COMUNE DI BAGNARIA ARSA-SERVIZIO DI POLIZIA LOCALE","A553","3248","13/06/2011","MOBILE","ELTRAFF","TELELASER","TRUSPEED","TS011711","","27/11/2025 07:11:58","25/11/2025 11:02:50"
"CMUDP227","Polizia Locale Comune di Faedis","D455","1824","20/03/2000","mobile","Eltraff","Telelaser","Ultralyte","MATRICOLA: UL005712","","17/11/2025 11:46:29","17/11/2025 11:46:29"
"CMUDP227","Polizia Locale Comune di Attimis","A491","5913","17/12/2014","mobile","Eltraff","Velomatic","512D","MATRICOLA: 7624 MVAS MATRICOLA: 7644","","17/11/2025 11:46:29","17/11/2025 11:46:29"
"CMUDP228","Servizio associato Polizia Locale Rivignano Teor, Varmo e Bertiolo","M317","1824","20/03/2000","Dispositivo mobile","Eltraff","TELELASER","ULTRALYTE","UL004127","Utilizzato dall'Unione nei Comuni di Rivignano Teor, Varmo, Bertiolo","05/12/2025 12:42:22","03/12/2025 13:23:35"
"CMUDP228","Servizio Associato Polizia Locale Rivignano Teor, Varmo e Bertiolo","L686","342","02/10/2025","Dispositivo rilevamento velocità istantanea fisso","Safety21 S.p.A.","Velocar Red&Speed EVO-R","ND","567","Dec.App.n.4708 01/08/2016 Dev.sub.tit.n. 227 04/07/2025 SR UD95 2+800 PORTOGRUARO","05/12/2025 12:42:22","04/11/2025 10:16:40"
"CMUDP228","Servizio Associato Polizia Locale Rivignano Teor, Varmo e Bertiolo","L686","288","17/01/2018","Dispositivo mobile","Engine S.p.a.","ENVES EVO MVDm 1507","1507","Elaboratore AK0625H, Laser CMP3655389","Utilizzato dall'Unione nei Comuni di Rivignano Teor, Varmo, Bertiolo","05/12/2025 12:42:22","03/12/2025 13:23:35"
"CMUDP228","Servizio Associato Polizia Locale Rivignano Teor, Varmo e Bertiolo","A810","4018","21/06/2017","Sistema rilevamento velocità media","Engine S.p.A.","CELERITAS EVO 1506","ND","non applicabile","S.R. UD 95 di Madrisio dir. Portogruaro: Portale 1 km 10+835 (ID AL1012H); Portale 2 km 6+491 (ID AK0776H)","05/12/2025 12:42:22","05/12/2025 12:42:22"
"CMUDP228","Servizio Associato Polizia Locale Rivignano Teor, Varmo e Bertiolo","A810","4018","21/06/2017","Sistema rilevamento velocità media","Engine S.p.A.","CELERITAS EVO 1506","ND","non applicabile","S.R. UD 95 di Madrisio dir. Udine: Portale 1 km 6+491 (ID AK0773H); Portale 2 km 10+835 (ID AK0684H)","05/12/2025 12:42:22","05/12/2025 12:42:22"
"CMUDP228","Servizio Associato Polizia Locale Rivignano Teor, Varmo e Bertiolo","A810","4018","21/06/2017","Dispositivo rilevamento velocità istantanea fisso","Engine S.p.A.","CELERITAS EVO 1506","ND","AK0776H-CMP3481088","S.R. UD 95 di Madrisio km 6+491 dir. Portogruaro","05/12/2025 12:42:22","05/12/2025 12:42:22"
"CMUDP228","Servizio Associato Polizia Locale Rivignano Teor, Varmo e Bertiolo","A810","4018","21/06/2017","Dispositivo rilevamento velocità istantanea fisso","Engine S.p.A.","CELERITAS EVO 1506","ND","AK0684H-CMP3712280","S.R. UD 95 di Madrisio km 10+835 dir. Udine","05/12/2025 12:42:22","05/12/2025 12:42:22"
"CMUDP229","COMUNE DI LATISANA","E473","1824","20/03/2000","MOBILE","ELTRAFF","TELELASER","MICRODIGICAM","UL007299","Estensione di approvazione 534 del 08/05/2003","03/10/2025 11:38:31","03/10/2025 11:38:31"
"CMUDP229","COMUNE DI LATISANA","E473","3248","13/06/2011","MOBILE","ELTRAFF","TELELASER","TRUCAM","TC004260","","03/10/2025 11:38:31","03/10/2025 11:38:31"
"CMUDP229","COMUNE DI LATISANA","E473","3758","06/08/2014","MOBILE","SODI SCIENTIFICA","AUTOVELOX","106","RILEVATORE 955370 CPU 955912","Estensione di approvazione 5478 del 18/11/2014,  3299 del 18/06/2015, 684 del 08/02/2016","03/10/2025 11:38:31","03/10/2025 11:38:31"
"CMUDP229","COMUNE DI LATISANA","E473","3758","06/08/2014","FISSO","SODI SCIENTIFICA","AUTOVELOX","106","RILEVATORE 953500 CPU 954184","Estensione di approvazione 5478 del 18/11/2014,  3299 del 18/06/2015, 684 del 08/02/2016","03/10/2025 11:38:31","03/10/2025 11:38:31"
"CMUDP229","COMUNE DI LATISANA","E473","3758","06/08/2014","FISSO","SODI SCIENTIFICA","AUTOVELOX","106","RILEVATORE 953505-953498 CPU 954188","Estensione di approvazione 5478 del 18/11/2014,  3299 del 18/06/2015, 684 del 08/02/2016","03/10/2025 11:38:31","03/10/2025 11:38:31"
"CMUDP232","POLIZIA LOCALE DI MORUZZO","F760","3758","06/08/2014","Rilevatore di velocità in modalità istantanea","Sodi Scentifica","Autovelox 106","Non presente","955607 (rilevatore) + 955598 (analizzatore)","","21/10/2025 14:27:48","21/10/2025 14:27:48"
"CMUDP232","POLIZIA LOCALE DI MORUZZO","F760","29830","03/04/2008","Rilevatore di velocità in modalità istantanea","Jenoptik","Traffipatrol XR","Non presente","507-207/09300","","21/10/2025 14:27:48","21/10/2025 14:27:48"
"CMUDP235","POLIZIA LOCALE POVOLETTO","G949","534","08/05/2003","DISPOSITIVO MISURA DELLA VELOCITA' ISTANTANEA","LASER TECHNOLOGY INCORPORATED","TELELASER ULTRALYTE","ULTRALYTE","UL023611","SISTEMA DOTATO DI MICRODIGICAM","02/12/2025 11:39:00","13/10/2025 11:10:59"
"CMUDP235","POLIZIA LOCALE POVOLETTO","G949","288","17/01/2018","DISPOSITIVO MISURA DELLA VELOCITA' ISTANTANEA","ENGINE","ENVES EVO","MVDM 1507","CMP3513088","USO IN MODALITA' PRESIDIATA","02/12/2025 11:39:00","02/12/2025 11:39:00"
"CMUDP236","POLIZIA LOCALE COMUNE DI PAGNACCO","G-238","1824","20/03/2000","MOBILE","ELTRAFF","TELELASER","ULTRALYTE","UL009965","DISPOSITIVO MOBILE","07/11/2025 10:52:16","07/11/2025 10:52:16"
"CMUDP245","COMUNE DI POZZUOLO DEL FRIULI","G966","1824","20/03/2000","MOBILE","ELTRAFF","TELELASER","ULTRALYTE","UL009972","STRUMNETO SE MANUTENTATO E TARATO REGOLARMENTE PUO' ESSERE UTILIZZATO SENZA LIMITAZIONI (CIRCOLARE MIT E MINT 13.12.2013,CIRCOLARE MINT 21.07.2017)","08/10/2025 08:07:03","08/10/2025 08:07:03"
"CMUDP248","Castions di Strada","C327","1550","17/03/2017","VELOX","EnVES","EVO","MVD 1605","AG0106H-0x0002955C","S.R.252 di Palmanova presso il km 13+845 in direzione Palmanova","28/11/2025 09:25:33","28/11/2025 09:25:33"
"CMUDP250","POLIZIA LOCALE DI COLLOREDO DI M.A.","C885","3758","06/08/2014","Rilevatore di velocità in modalità istantanea","Sodi Scentifica","Autovelox 106","Non presente","955607 (rilevatore) + 955598 (analizzatore)","","21/10/2025 14:39:54","21/10/2025 14:39:54"
"CMUDP250","POLIZIA LOCALE DI COLLOREDO DI M.A.","C885","29830","03/04/2008","Rilevatore di velocità in modalità istantanea","Jenoptik","Traffipatrol XR","Non presente","507-207/09300","","21/10/2025 14:39:54","21/10/2025 14:39:54"
"CMUDP251","POLIZIA MUNICIPALE DI GONARS","E083","DECRETO DIRIGENZIALE N. 356","18/08/2021","DISPOSITIVO AUTOMATICO VELOCITA' ISTANTANEA","MAGGIOLI S.P.A.","AUTOSC@N SPEED","NON PRESENTE","2023.0068","","09/10/2025 13:41:32","09/10/2025 13:41:32"
"CMUDP251","POLIZIA MUNICIPALE DI GONARS","E083","DECRETO DEL MINISTERO DEI LAVORI PUBBLICI N. 1824","20/03/2000","DISPOSITIVO MOBILE VELOCITA' ISTANTANEA","ELTRAFF S.R.L.","TELELASER ULTRALYTE","NON PRESENTE","UL009213","","09/10/2025 13:41:32","09/10/2025 13:41:32"
"CMUDP252","POLIZIA LOCALE MAJANO","E-833","103683","30/12/2010","Rilevatore elettronico della velocità","ELTRAFF Srl","Velomatic","512 D","5375","","29/11/2025 16:19:53","29/11/2025 16:19:53"
"CMUDP268","Polizia Locale della Comunità del Friuli Orientale","C758","242","05/07/2018","Telelaser","Laser Technology Icorporated","TruCam","HD","TC007311","Buttrio, Cividale del Friuli, Moimacco, Pradamano, Premariacco, Prepotto, Remanzacco, San Giovanni al Natisone","30/10/2025 12:18:59","30/10/2025 12:18:59"
"CMUDP268","Polizia Locale della Comunità del Friuli Orientale","C758","242","05/07/2018","Telelaser","Laser Technology Icorporated","TruCam","HD","TC008269","Buttrio, Cividale del Friuli, Moimacco, Pradamano, Premariacco, Prepotto, Remanzacco, San Giovanni al Natisone","30/10/2025 12:18:59","30/10/2025 12:18:59"
"CMUDP275","Polizia Locale Bertiolo","A810","4018","21/06/2017","Sistema rilevamento velocità media","Engine S.p.A.","CELERITAS EVO 1506","ND","AL1012H","S.R. UD 95 di Madrisio km 10+835 dir. Portogruaro","02/12/2025 08:01:24","04/11/2025 09:48:24"
"CMUDP275","Polizia Locale Bertiolo","A810","4018","21/06/2017","Sistema rilevamento velocità media","Engine S.p.A.","CELERITAS EVO 1506","ND","AK0776H","S.R. UD 95 di Madrisio km 6+491 dir. Portogruaro","02/12/2025 08:01:24","04/11/2025 09:48:24"
"CMUDP275","Polizia Locale Bertiolo","A810","4018","21/06/2017","Sistema rilevamento velocità media","Engine S.p.A.","CELERITAS EVO 1506","ND","AK0773H","S.R. UD 95 di Madrisio km 6+491 dir. Udine","02/12/2025 08:01:24","04/11/2025 09:48:24"
"CMUDP275","Polizia Locale Bertiolo","A810","4018","21/06/2017","Sistema rilevamento velocità media","Engine S.p.A.","CELERITAS EVO 1506","ND","AK0684H","S.R. UD 95 di Madrisio km 10+835 dir. Udine","02/12/2025 08:01:24","04/11/2025 09:48:24"
"CMUDP275","Polizia Locale Bertiolo","A810","4018","21/06/2017","Dispositivo rilevamento velocità istantanea fisso","Engine S.p.A.","CELERITAS EVO 1506","ND","AK0776H-CMP3481088","S.R. UD 95 di Madrisio km 6+491 dir. Portogruaro","02/12/2025 08:01:24","04/11/2025 09:48:24"
"CMUDP275","Polizia Locale Bertiolo","A810","4018","21/06/2017","Dispositivo rilevamento velocità istantanea fisso","Engine S.p.A.","CELERITAS EVO 1506","ND","AK0684H-CMP3712280","S.R. UD 95 di Madrisio km 10+835 dir. Udine","02/12/2025 08:01:24","04/11/2025 09:48:24"
"CMUDP276","COMUNITA' RIVIERA FRIULANA","G268","1824","20/03/2000","TELELASER","ELTRAFF","TELELASER ULTRALYTE","TELELASER ULTRALYTE","UL004498","","27/11/2025 15:39:41","27/11/2025 15:39:41"
"CMUDP276","COMUNITA' RIVIERA FRIULANA","G268","1824","20/03/2000","TELELASER","ELTRAFF","TELELASER ULTRALYTE","TELELASER ULTRALYTE","UL004952","","27/11/2025 15:39:41","27/11/2025 15:39:41"
"CMUDP276","COMUNITA' RIVIERA FRIULANA","G268","1824","20/03/2000","TELELASER","ELTRAFF","TELELASER ULTRALYTE","TELELASER ULTRALYTE","UL010196","","27/11/2025 15:39:41","27/11/2025 15:39:41"
"CMUDP276","COMUNITA' RIVIERA FRIULANA","G268","3248","13/06/2011","TELELASER","ELTRAFF","TELELASER TRUCAM HD","TELELASER TRUCAM HD","TC010197","","27/11/2025 15:39:41","27/11/2025 15:39:41"
"CMVAP000","COMUNE DI VARESE – POLIZIA MUNICIPALE","L682","549","21/12/2021","DISP. ACCERT. INFRAZ. LIMITI MAX VELOCITA’ PUNT.","PROJECT AUTOMATION SPA","K53800_SPEED","K53800_SPEED","PASPEEDn22022030417","Installazione fissa viale Europa dir. viale Chiara – decreto prefettizio n. 3028/2022 del 04/02/2022","13/10/2025 15:07:01","13/10/2025 15:07:01"
"CMVAP000","COMUNE DI VARESE – POLIZIA MUNICIPALE","L682","549","21/12/2021","DISP. ACCERT. INFRAZ. LIMITI MAX VELOCITA’ PUNT.","PROJECT AUTOMATION SPA","K53800_SPEED","K53800_SPEED","PASPEEDn22022030418","Installazione fissa viale Europa dir. Via Gasparotto – decreto prefettizio n. 3028/2022 del 04/02/2022","13/10/2025 15:07:01","13/10/2025 15:07:01"
"CMVAP000","COMUNE DI VARESE – POLIZIA MUNICIPALE","L682","3248","13/06/2011","MISURATORE DI VELOCITA’","ELTRAFF SRL","TELE LASER","TRU-CAM","TC004063","Dispositivo mobile","13/10/2025 15:07:01","13/10/2025 15:07:01"
"CMVAP001","COMUNE DI SOMMA LOMBARDO POLIZIA LOCALE","CMVAP00101","3758","06/08/2014","AUTOVELOX","SODI SCIENTIFICA","AUTOVELOX 106","PREMIUM","947162","","19/11/2025 09:00:29","19/11/2025 09:00:29"
"CMVAP002","COMUNE DI SESTO CALENDE","I688","2483","10/11/1993","AUTOVELOX MOBILE","AUTOVELOX","104/C-2","dato non disponibile","rilevatore 915784+elaboratore/analizzatore 914172","CMVA006101","18/10/2025 10:20:13","18/10/2025 10:20:13"
"CMVAP003","POLIZIA LOCALE BUSTO ARSIZIO","B300","242","05.07.2018","MOBILE","ELTRAFF","TELELASER TRUCAM","HD","TC011777","","09/10/2025 10:34:41","09/10/2025 10:34:41"
"CMVAP004","Polizia Locale Laveno Mombello","E496","242","05/07/2018","Telelaser","Eltraff SRL","Telelaser TruCam HD","HD","TC009471","","24/11/2025 16:47:37","24/11/2025 16:47:37"
"CMVAP004","Polizia Locale Laveno Mombello","E496","4668","28/07/2016","Speedvelox","EngiNe SRL","EnVES EVO MVDm 1507","1507","CMP3471088","","24/11/2025 16:47:37","24/11/2025 16:47:37"
"CMVAP007","COMUNE DI FAGNANO OLONA","D467","1824","20/03/2000","MOBILE","ELTRAFF","TELELASER","ULTRALYTE","UL007301","","15/10/2025 10:12:13","15/10/2025 10:12:13"
"CMVAP015","COMUNE DI MALNATE COMANDO POLIZIA LOCALE","E863","3248","13/06/2011","MOBILE","ELTRAFF SRL","TELELASER","TRUCAM","TC005068","","22/10/2025 09:54:33","22/10/2025 09:54:33"
"CMVAP017","POLIZIA LOCALE GALLARATE","D869","1123","16/05/2005","MISURATORE DELLA VELOCITA ISTANTANEA","SODI SCENTIFICA S.R.L.","AUTOVELOX 104","C-2""","34557(rilevatore)+35005(analizzatore)","postazione mobile","09/10/2025 14:04:59","09/10/2025 14:04:59"
"CMVAP018","COMUNE DI BUGUGGIATE","B258","4614","29/07/2013","Dispositivo rilevamento velocità istantanea fisso","Safety21 S.p.A.","Velocar Red&Speed","F01055","124703","Dec.App.n.56214_08/07/2008 Dec.est.n.3616_25/06/2012 Dec.sub.tit.n.227_04/07/2025 SP1 12+360 GAVIRATE","05/11/2025 16:06:58","05/11/2025 16:06:58"
"CMVAP018","COMUNE DI BUGUGGIATE","B258","4614","29/07/2013","Dispositivo rilevamento velocità istantanea fisso","Safety21 S.p.A.","Velocar Red&Speed","F01054","124694","Dec.App.n.56214_08/07/2008 Dec.est.n.3616_25/06/2012 Dec.sub.tit.n.227_04/07/2025 SP1 12+360 AUTOSTRADA","05/11/2025 16:06:58","05/11/2025 16:06:58"
"CMVAP020","CMVAP02002","E665","1284","20/03/2000","MOBILE","ELTRAFF","TELELASER","ULTRALYTE","UL007767","","03/02/2026 12:06:41","03/02/2026 12:06:41"
"CMVAP022","Polizia Locale Comune di Lonate Pozzolo (VA)","E666","20923","02/03/2007","mobile","ELTRAFF","VELOMATIC","512D","519-1111-1118","","23/10/2025 17:13:50","23/10/2025 17:13:50"
"CMVAP023","ND","ND","20923","02/03/2007","FISSO/MOBILE","ELTRAFF","VELOMATIC","512D","ND","Estensione di approvazione 5913 del 17/12/2014","26/11/2025 09:29:14","26/11/2025 09:29:14"
"CMVAP023","ND","ND","1824","20/03/2000","MOBILE","ELTRAFF","TELELASER","ULTRALYTE","ND","Approv. durata 20 anni rif. solo alla possibilità commercializzazione del disp.Lo strumento rispetta circ. intermin. MIT-MINT 13.12.13 e MINT 21/07/17","26/11/2025 09:29:14","26/11/2025 09:29:14"
"CMVAP206","POLIZA LOCALE TRADATE","L319C","PROT. N. 288","17/01/2018","AUTOVELOX","EngiNE","EnVES EVO MVDm 1507","EnVES EVO MVDm 1507","CMP3794161","","14/10/2025 15:32:28","14/10/2025 15:32:28"
"CMVAP207","Comune di Travedona Monate - Polizia Locale","L342","Prot. 1122","16/05/2005","Rilevatore di Velocità","SODI SCIENTIFICA","Autovelox","105 SE","rilevatore - 937902 /elaboratore - 937999","","21/10/2025 10:24:36","21/10/2025 10:24:36"
"CMVAP207","Comune di Travedona Monate - Polizia Locale","L342","Prot. 1824","20/03/2000","Rilevatore di velocità","ELTRAFF SRL","Telelaser","Ultralyte","UL004907","","21/10/2025 10:24:36","21/10/2025 10:24:36"
"CMVAP208","POLIZIA LOCALE CAIRATE","B368","20923","02/03/2007","FISSO/MOBILE","ELTRAFF","VELOMATIC","512D","116-775","","07/10/2025 12:50:44","07/10/2025 12:50:44"
"CMVAP208","POLIZIA LOCALE CAIRATE","B368","1824","20/03/2000","MOBILE","ELTRAFF","TELELASER","ULTRALYTE","UL023807","","07/10/2025 12:50:44","07/10/2025 12:50:44"
"CMVAP213","Comune di Origgio","G103","3248","13/06/2011","mobile","eltraf","telelaser","trucamHD","Tc009508","'-","18/11/2025 13:16:04","18/11/2025 13:16:04"
"CMVAP223","UFFICIO POLIZIA LOCALE CARNAGO","B796","3248","13/06/2011","MOBILE","ELTRAFF","TELELASER","TRUSPEED","TS008562","","11/12/2025 10:43:29","11/12/2025 10:43:29"
"CMVAP225","COMUNE DI COMABBIO POLIZIA LOCALE","C911","PROTOCOLLO 1122","16/05/2005","AUTOVELOX 105 SE","SODI SCIENTIFICA S.PA","AUTOVELOX RILEVATORE DI VELOCITA'","105SE","RILEVATORE 929449 ELABORATORE ANALIZZATORE 910180","","17/04/2026 12:07:56","17/04/2026 12:07:56"
"CMVAP230","POLIZIA LOCALE GAZZADA SCHIANNO","D 951","4084","01/08/2011","MOBILE","ELTRAFF SRL","VELOMATIC 512 D","512 D / 2F+ROE 3","736-813","","03/12/2025 13:13:19","03/12/2025 13:13:19"
"CMVAP243","CMVAP243","A290","20923","02/03/2007","FISSO/MOBILE","ELTRAFF","VELOMATIC","512D+","506/1086/1090","","12/11/2025 10:01:44","12/11/2025 10:01:44"
"CMVAP243","CMVAP243","A290","3248","13/06/2011","MOBILE","ELTRAFF","TELELASER","TRUSPEED","TS007206","","12/11/2025 10:01:44","12/11/2025 10:01:44"
"CMVAP248","COMUNE DI VENEGONO INFERIORE","L733","1824","20/03/2000","TELELASER","ELTRAFF SRL","ULTRALYTE","1","UL01148",".","30/10/2025 14:08:37","30/10/2025 14:08:37"
"CMVAP251","CMVAP25101","OLGIATE OLONA POLIZIA LOCALE","G028","3248","13/06/2011","MOBILE","ELTRAFF","TELELASER","TRUCAM HD","TC006497","02/12/2025 12:54:48","02/12/2025 12:54:48"
"CMVAP252","POLIZIA LOCALE DI CARDANO AL CAMPO","B754","3248","13/06/2011","MOBILE","ELTRAFF","TELELASER","TRUCAM HD","TC011192","Estensione di approvazione 0000242 del 05/07/2018","03/10/2025 12:38:01","03/10/2025 12:38:01"
"CMVAP267","VERGIATE POLIZIA MUNICIPALE","L765","3758","06/08/2014","RILEVATORE DI VELOCITA' IN MODALITA' ISTANTANEA","SODI SCIENTIFICA","AUTOVELOX 106","NON PRESENTE","953539","KM 0+600 SS 629 DIREZIONE SESTO CALENDE","18/10/2025 13:07:59","18/10/2025 13:07:59"
"CMVAP267","VERGIATE POLIZIA MUNICIPALE","L765","354","05/02/2003","RILEVATORE DI VELOCITA' IN MODALITA' ISTANTANEA","SODI SCIENTIFICA","AUTOVELOX 105SE","NON PRESENTE","936686","KM 1 +400 SS 629 DIREZIONE MERCALLO ATTUALMENTE NON FUNZIONANTE","18/10/2025 13:07:59","18/10/2025 13:07:59"
"CMVAP267","VERGIATE POLIZIA MUNICIPALE","L765","1323","08/03/2012","RILEVATORE DI VELOCITA'IN MODALITA' ISTANTANEA","SINTEL ITALIA","SCOUT SPEED","NON PRESENTE","4188","RILEVATORE DI VELOCITA' IN MODALITA' DINAMICA","18/10/2025 13:07:59","18/10/2025 13:07:59"
"CMVAP267","VERGIATE POLIZIA MUNICIPALE","L765","3248","13/06/2011","RILEVATORE DI VELOCITA' IN MODALITA' ISTANTANEA","ELTRAFF","TRUCAM","NON PRESENTE","5829","RILEVATORE MOBILE DI VELOCITA'","18/10/2025 13:07:59","18/10/2025 13:07:59"
"CMVAP295","Polizia Locale Comune di Leggiuno","E510","3248","0,569108796","Mobile","Eltraff","Telelaser Trucam","Trucam","TC003538","","11/12/2025 11:07:24","11/12/2025 11:07:24"
"CMVAP298","POLIZIA LOCALE LUINO","E734","3248","13/06/2011","MOBILE","ELTRAFF","TELELASER","TRUCAM HD","TC007970","","28/11/2025 12:24:22","28/11/2025 12:24:22"
"CMVBP200","Polizia Municipale Comune di Arizzano","A409","20923","20/03/2007","Velomatic (mobile)","Eltraff S.r.l.","Velomatic 512","2F","3050","noleggio","24/03/2026 13:16:21","24/03/2026 13:14:17"
"CMVBP202","CMVBP20201","A725","23985","18/06/2010","Dispositivo di misura della velocità istantanea","Sodi Scientifica S.r.l.","Autovelox 104/C-2","Autovelox 104/C-2","915773 ril 914207 elab","","20/11/2025 13:27:38","20/11/2025 13:27:38"
"CMVBP203","POLIZIA MUNICIPALE OMEGNA","G062","2483","10/11/1993","Rilevatore di velocità in modalità istantanea","Sodi Scientifica","Autovelox 104/C-2","Non presente","915780","","29/10/2025 11:17:52","29/10/2025 11:17:52"
"CMVBP208","polizia locale oggebbio","103049","2483","10;11;1993","autovelox","sodi  scientifica","104","c2","1593","","28/11/2025 08:59:17","28/11/2025 08:59:17"
"CMVBP209","Polizia locale comune di Cannero Riviera;","B610;","23985;","18/06/2010;","Postazione fissa;","PROJECT AUTOMATION;","PASVC;","Autovelox;","1810000459;","D. Dirigenziale n°1565 del 02/04/2014, LAT 101 Q034_2024_ACCR_VX SS 34 del Lago Maggiore KM 27+440 DIR. Cannobio;","01/12/2025 11:22:18","01/12/2025 11:14:32"
"CMVBP209","Polizia locale comune di Cannero Riviera;","B610;","23985;","18/06/2010;","Postazione fissa;","PROJECT AUTOMATION;","PASVC;","Autovelox;","1410005519;","D. Dirigenziale n°1565 del 02/04/2014, LAT 101 P020_2024_ACCR_VX SS 34 del Lago Maggiore KM 28+070 DIR. Verbania;","01/12/2025 11:22:18","01/12/2025 11:11:46"
"CMVBP215","POLIZIA LOCALE CREVOLADOSSOLA","D168","2483","DEL 10/11/1993","AUTOVELOX","SODI SCENTIFICA","MODELLO 104","C-2","RILEVATORE N. 918368","","29/10/2025 11:25:01","29/10/2025 11:25:01"
"CMVBP215","POLIZIA LOCALE CREVOLADOSSOLA","D168","1123","DEL 16/05/2005","AUTOVELOX","SODI SCENTIFICA","MODELLO 104","C-2","ELABORATORE/RILEVATORE N. 905455","","29/10/2025 11:25:01","29/10/2025 11:25:01"
"CMVBP216","POLIZIA LOCALE DI MASERA","F010","N. 2483","DEL 10/11/1993","AUTOVELOX","SODI SCIENTIFICA","104","C-2","RILEVATORE N.56528","DISPOSITIVO UTILIZZATO IN COMPROPRIETÀ CON IL COMUNE DI MONTECRESTESE","08/10/2025 09:00:42","08/10/2025 09:00:42"
"CMVBP216","POLIZIA LOCALE DI MASERA","F010","N. 1123","DEL 16/05/2005","AUTOVELOX","SODI SCIENTIFICA","104","C-2","ELABORATORE/RILEVATORE  N.54843","DISPOSITIVO UTILIZZATO IN COMPROPRIETÀ CON IL COMUNE DI MONTECRESTESE","08/10/2025 09:00:42","08/10/2025 09:00:42"
"CMVBP217","POLIZIA LOCALE COMUNE DI VILLADOSSOLA","L906","1123","16/05/2005","AUTOVELOX","SODI SCIENTIFICA SPA","104","C-2","909049 - 905521","","29/01/2026 16:30:55","29/01/2026 16:30:55"
"CMVBP224","Polizia Locale Comune di Craveggia","D134","530","28/01/2025","Misuratore della velocità istantanea","EngiNe","EnVES EVO MVDm 1507","2022","CBP3853201","","21/10/2025 15:38:52","21/10/2025 15:38:52"
"CMVBP224","Polizia Locale","d134","4668","28/07/2016","autovelox","EnVES","EVO","MVDm 1507","CBP3853201","rilevatore","22/10/2025 11:20:04","22/10/2025 11:20:04"
"CMVBP224","Polizia Locale","d134","288","1701/2018","autovelox","EnVES","EVO","MVDm 1507","AH0176H","elabopratore","22/10/2025 11:20:04","22/10/2025 11:20:04"
"CMVBP226","POLIZIA LOCALE COMUNE DI DRUOGNO","D374","2483","10/11/1993","AUTOVELOX","SODI SCIENTIFICA S.P.A.","104","C-2","915471","RILEVATORE","09/02/2026 15:20:12","04/12/2025 16:06:21"
"CMVBP226","POLIZIA LOCALE COMUNE DI DRUOGNO","D374","1123","16/05/2005","AUTOVELOX","SODI SCIENTIFICA S.P.A.","104","C-2","50168","ELEBORATORE ANALIZZATORE","09/02/2026 15:20:12","04/12/2025 16:06:21"
"CMVBP228","DMMB9T","POLIZIA LOCALE COMUNE DI TRONTANO","L450","1584","03/04/2014","AUTOVELOX","ENVES","EVO MVD","1309","CMP3915264","10/12/2025 11:50:31","10/12/2025 11:50:31"
"CMVBP230","Comando di PL di Stresa","I976","23985","18/06/2010","Velox mobile","Eltraff","TruCam","TrucamHD","TC008648","","02/12/2025 16:51:16","02/12/2025 16:51:16"
"CMVBP238","POLIZIA LOCALE DI MONTECRESTESE","F483","N. 2483","DEL 10/11/1993","AUTOVELOX","SODI SCENTIFICA","MODELLO 104","C-2","RILEVATORE N.56528","DISPOSITIVO UTILIZZATO IN COMPROPRIETÀ CON IL COMUNE DI MASERA","08/10/2025 09:31:40","08/10/2025 09:31:40"
"CMVBP238","POLIZIA LOCALE DI MONTECRESTESE","F483","N. 1123","DEL 16/05/2005","AUTOVELOX","SODI SCENTIFICA","MODELLO 104","C-2","ELABORATORE/RILEVATORE  N.54843","DISPOSITIVO UTILIZZATO IN COMPROPRIETÀ CON IL COMUNE DI MASERA","08/10/2025 09:31:40","08/10/2025 09:31:40"
"CMVCP001","COMUNE DI BIELLA POLIZIALOCALE","A859","3248","13/06/2011","TELELASER","ELTRAFF","TELELASER TRUCAM","TRUCAM","TC005058","","24/11/2025 09:18:03","24/11/2025 09:18:03"
"CMVCP002","POLIZIA LOCALE SANTHIA'","I337","1824","20/03/2000","MISURATORE VELOCITA' ISTANTANEA","ELTRAFF SRL","TELELASER ULTRALYTE","TELELASER ULTRALYTE","UL002903","","04/11/2025 12:08:54","04/11/2025 12:08:54"
"CMVCP005","COMANDO POLIZIA LOCALE VERCELLI","L750","3248","13/06/2011","TELELASER","ELTRAFF","TELELASER TRUCAM","NO","TC005065","","06/10/2025 11:19:11","06/10/2025 11:19:11"
"CMVCP006","POLIZIA LOCALE VALDILANA","M417","1824","20/03/2000","MOBILE","ELTRAFF","TELELASER","MICRODIGICAM","UL017795","","07/10/2025 10:55:38","07/10/2025 10:55:38"
"CMVCP009","Polizia locale comune di Pezzana","G528","4668","28/07/2016","mobile","ENGINE SRL","Enves EVO MVDm 1507","Enves EVO MVDm 1507","CMP3499088","S.P. 31 km 8+977 e 9+653 lato destro in direzione Casale M.to, km 9+348 e 10+172 lato sinistro in direzione Casale M.to","22/11/2025 13:10:53","22/11/2025 13:10:53"
"CMVCP009","Polizia locale comune di Pezzana","G528","4668","28/07/2016","mobile","ENGINE SRL","Enves EVO MVDm 1507","Enves EVO MVDm 1507","CMP3912264","S.P. 31 km 8+977 e 9+653 lato destro in direzione Casale M.to, km 9+348 e 10+172 lato sinistro in direzione Casale M.to","22/11/2025 13:10:53","22/11/2025 13:10:53"
"CMVCP010","Comune di Trino","L429","54","08/03/2021","MOBILE","ELTRAFF","VELOMATIC","512D2F","7793-7951","","15/10/2025 12:08:35","15/10/2025 12:08:35"
"CMVCP206","Comune di Tronzano Vercellese","L451","4668  e 288","28/07/2016   e  17/01/2018","MOBILE","EnVES","EVO MVDm 1507","P1365MKII","CMP3504088","","05/12/2025 09:21:51","12/11/2025 12:50:22"
"CMVCP206","Comune di Tronzano Vercellese","L451","4668  e 288","28/07/2016   e  17/01/2018","MOBILE","EnVES","EVO MVDm 1507","P1365MKII","CMP3507088","","05/12/2025 09:21:51","12/11/2025 12:50:22"
"CMVCP206","Comune di Tronzano Vercellese","L451","1824","20/03/2000","MOBILE","TELELASER","ULTRALYTE","ULTRALYTE","UL018115","","05/12/2025 09:21:51","28/11/2025 17:15:01"
"CMVCP209","Comune di Alice Castello","A198","4668  e 288","28/07/2016   e  17/01/2018","MOBILE","EnVES","EVO MVDm 1507","P1365MKII","CMP3504088","","05/12/2025 09:20:17","11/11/2025 13:48:32"
"CMVCP209","Comune di Alice Castello","A198","4668  e 288","28/07/2016   e  17/01/2018","MOBILE","EnVES","EVO MVDm 1507","P1365MKII","CMP3507088","","05/12/2025 09:20:17","11/11/2025 13:48:32"
"CMVCP209","Comune di Alice Castello","A198","1824","20/03/2000","MOBILE","TELELASER","ULTRALYTE","ULTRALYTE","UL018115","","05/12/2025 09:20:17","28/11/2025 16:06:53"
"CMVCP212","Comune di Bianzè","A847","4668  e 288","28/07/2016   e  17/01/2018","MOBILE","EnVES","EVO MVDm 1507","P1365MKII","CMP3504088","","05/12/2025 13:00:22","13/11/2025 13:50:13"
"CMVCP212","Comune di Bianzè","A847","4668  e 288","28/07/2016   e  17/01/2018","MOBILE","EnVES","EVO MVDm 1507","P1365MKII","CMP3507088","","05/12/2025 13:00:22","13/11/2025 13:50:13"
"CMVCP212","Comune di Bianzè","A847","1824","20/03/2000","MOBILE","TELELASER","ULTRALYTE","ULTRALYTE","UL018115","","05/12/2025 13:00:22","28/11/2025 18:03:36"
"CMVCP219","Polizia Locale di Collobiano","C884","288","17/01/18","Sistema rilevazione velocita' istantanea","Engine spa","Enves EVO MVDm 1507","Non presente","CMP3925444","Sistema a noleggio installato in modalit‡ presidiata temporanea. Localit‡ abituali: Via Roma, Collobiano","14/11/2025 15:05:55","14/11/2025 15:05:55"
"CMVCP219","Polizia Locale di Collobiano","C884","288","17/01/18","Sistema rilevazione velocita' istantanea","Engine spa","Enves EVO MVDm 1507","Non presente","CMP3326146","Sistema a noleggio installato in modalit‡ presidiata temporanea. Localit‡ abituali: Via Roma, Collobiano","14/11/2025 15:05:55","14/11/2025 15:05:55"
"CMVCP221","POLIZIA LOCALE DI VARALLO","L669","182","01/06/2020","Apparato di rilevazione della velocita istantanea","Engine spa","Enves EVO MVD 1505","Versione 1.0.5","CMP3641129","Varallo - Fr. Valmaggia civ.4 - SP 299 km 58 Direzione Alagna","31/10/2025 10:33:21","31/10/2025 10:33:21"
"CMVCP221","POLIZIA LOCALE DI VARALLO","L669","182","01/06/2020","Apparato di rilevazione della velocita istantanea","Engine spa","Enves EVO MVD 1505","Versione 1.0.5","CMP3650389","Varallo - Fr. Valmaggia civ.4 - SP 299 km 58 Direzione Varallo centro","31/10/2025 10:33:21","31/10/2025 10:33:21"
"CMVCP222","Comune di Crova","D187","4668  e 288","28/07/2016   e  17/01/2018","MOBILE","EnVES","EVO MVDm 1507","P1365MKII","CMP3504088","","05/12/2025 12:43:40","12/11/2025 12:47:21"
"CMVCP222","Comune di Crova","D187","4668  e 288","28/07/2016   e  17/01/2018","MOBILE","EnVES","EVO MVDm 1507","P1365MKII","CMP3507088","","05/12/2025 12:43:40","12/11/2025 12:47:21"
"CMVCP222","Comune di Crova","D187","1824","20/03/2000","MOBILE","TELELASER","ULTRALYTE","ULTRALYTE","UL018115","","05/12/2025 12:43:40","28/11/2025 17:52:42"
"CMVCP223","Comune di San Germano","H861","4668  e 288","28/07/2016   e  17/01/2018","MOBILE","EnVES","EVO MVDm 1507","P1365MKII","CMP3504088","","05/12/2025 12:45:22","13/11/2025 16:09:10"
"CMVCP223","Comune di San Germano","H861","4668  e 288","28/07/2016   e  17/01/2018","MOBILE","EnVES","EVO MVDm 1507","P1365MKII","CMP3507088","","05/12/2025 12:45:22","13/11/2025 16:09:10"
"CMVCP223","Comune di San Germano","H861","1824","20/03/2000","MOBILE","TELELASER","ULTRALYTE","ULTRALYTE","UL018115","","05/12/2025 12:45:22","28/11/2025 17:56:56"
"CMVCP231","Comune di Moncrivello","F342","4668  e 288","28/07/2016   e  17/01/2018","MOBILE","EnVES","EVO MVDm 1507","P1365MKII","CMP3504088","","05/12/2025 12:48:46","13/11/2025 13:43:12"
"CMVCP231","Comune di Moncrivello","F342","4668  e 288","28/07/2016   e  17/01/2018","MOBILE","EnVES","EVO MVDm 1507","P1365MKII","CMP3507088","","05/12/2025 12:48:46","13/11/2025 13:43:12"
"CMVCP231","Comune di Moncrivello","F342","1824","20/03/2000","MOBILE","TELELASER","ULTRALYTE","ULTRALYTE","UL018115","","05/12/2025 12:48:46","28/11/2025 18:01:43"
"CMVCP232","Comune di Salasco","H690","4668  e 288","28/07/2016   e  17/01/2018","MOBILE","EnVES","EVO MVDm 1507","P1365MKII","CMP3504088","","05/12/2025 12:51:58","13/11/2025 16:01:51"
"CMVCP232","Comune di Salasco","H690","4668  e 288","28/07/2016   e  17/01/2018","MOBILE","EnVES","EVO MVDm 1507","P1365MKII","CMP3507088","","05/12/2025 12:51:58","13/11/2025 16:01:51"
"CMVCP232","Comune di Salasco","H690","1824","20/03/2025","MOBILE","TELELASER","ULTRALYTE","ULTRALYTE","UL018115","","05/12/2025 12:51:58","28/11/2025 17:59:02"
"CMVCP233","Comune di Ronsecco","H549","4668  e 288","28/07/2016   e  17/01/2018","MOBILE","EnVES","EVO MVDm 1507","P1365MKII","CMP3504088","","05/12/2025 12:53:45","13/11/2025 16:04:19"
"CMVCP233","Comune di Ronsecco","H549","4668  e 288","28/07/2016   e  17/01/2018","MOBILE","EnVES","EVO MVDm 1507","P1365MKII","CMP3507088","","05/12/2025 12:53:45","13/11/2025 16:04:19"
"CMVCP233","Comune di Ronsecco","H549","1824","20/03/2020","MOBILE","TELELASER","ULTRALYTE","ULTRALYTE","UL018115","","05/12/2025 12:53:45","28/11/2025 17:54:33"
"CMVCP236","Comune di Sali Vercellese","H707","4668  e 288","28/07/2016   e  17/01/2018","MOBILE","EnVES","EVO MVDm 1507","P1365MKII","CMP3504088","","05/12/2025 09:22:45","28/11/2025 13:16:32"
"CMVCP236","Comune di Sali Vercellese","H707","4668  e 288","28/07/2016   e  17/01/2018","MOBILE","EnVES","EVO MVDm 1507","P1365MKII","CMP3507088","","05/12/2025 09:22:45","28/11/2025 13:16:32"
"CMVCP236","Comune di Sali Vercellese","h707","1824","20/03/2000","MOBILE","TELELASER","ULTRALYTE","ULTRALYTE","UL018115","","05/12/2025 09:22:45","28/11/2025 17:20:31"
"CMVEP000","VENEZIA POLIZIA MUNICIPALE","L736","3758","06/08/2014","rilevatore di velocità in modalità istantanea","Sodi Scientifica","Autovelox 106","non presente nel decreto","952030 - 952383","","08/10/2025 16:17:17","08/10/2025 16:17:17"
"CMVEP000","VENEZIA POLIZIA MUNICIPALE","L736","378","09/09/2021","dispositivo fisso velocità istantanea","Traffic Tecnology","TCS - Traffic Control System","non presente nel decreto","IMP.436210929-TCD.211279008-TCE.S10A11007326","","08/10/2025 16:17:17","08/10/2025 16:17:17"
"CMVEP000","VENEZIA POLIZIA MUNICIPALE","L736","378","09/09/2021","dispositivo fisso velocità istantanea","Traffic Tecnology","TCS - Traffic Control System","non presente nel decreto","IMP.436210926-TCD.2101260006-TCE.S10A11008023","","08/10/2025 16:17:17","08/10/2025 16:17:17"
"CMVEP000","VENEZIA POLIZIA MUNICIPALE","L736","378","09/09/2021","dispositivo fisso velocità istantanea","Traffic Tecnology","TCS - Traffic Control System","non presente nel decreto","IMP.436210925-TCD.1223033035-TCE.S10A11008540","","08/10/2025 16:17:17","08/10/2025 16:17:17"
"CMVEP000","VENEZIA POLIZIA MUNICIPALE","L736","378","09/09/2021","dispositivo fisso velocità istantanea","Traffic Tecnology","TCS - Traffic Control System","non presente nel decreto","IMP.436210930-TCD.211279003-TCE.S10A11008300","","08/10/2025 16:17:17","08/10/2025 16:17:17"
"CMVEP000","VENEZIA POLIZIA MUNICIPALE","L736","378","09/09/2021","dispositivo fisso velocità istantanea","Traffic Tecnology","TCS - Traffic Control System","non presente nel decreto","IMP.436210924-TCD.1223033039-TCE.S10A11004577","","08/10/2025 16:17:17","08/10/2025 16:17:17"
"CMVEP000","VENEZIA POLIZIA MUNICIPALE","L736","4199","08/09/1997","rilevatore di velocità in modalità istantanea","Eltraf","Telelaser","LTI 20-20","matr. 012087","","08/10/2025 16:17:17","08/10/2025 16:17:17"
"CMVEP000","VENEZIA POLIZIA MUNICIPALE","L736","3248","13/06/2011","rilevatore di velocità in modalità istantanea","Eltraf","Telelaser","TRUCAM","TC000952","","08/10/2025 16:17:17","08/10/2025 16:17:17"
"CMVEP000","VENEZIA POLIZIA MUNICIPALE","L736","3248","13/06/2011","rilevatore di velocità in modalità istantanea","Eltraf","Telelaser","TRUCAM","TC002438","","08/10/2025 16:17:17","08/10/2025 16:17:17"
"CMVEP000","VENEZIA POLIZIA MUNICIPALE","L736","3248","13/06/2011","rilevatore di velocità in modalità istantanea","Eltraf","Telelaser","TRUCAM","TC002440","","08/10/2025 16:17:17","08/10/2025 16:17:17"
"CMVEP000","VENEZIA POLIZIA MUNICIPALE","L736","3248","13/06/2011","rilevatore di velocità in modalità istantanea","Eltraf","Telelaser","TRUCAM","TC002441","","08/10/2025 16:17:17","08/10/2025 16:17:17"
"CMVEP000","VENEZIA POLIZIA MUNICIPALE","L736","3248","13/06/2011","rilevatore di velocità in modalità istantanea","Eltraf","Telelaser","TRUCAM","TC002444","","08/10/2025 16:17:17","08/10/2025 16:17:17"
"CMVEP000","VENEZIA POLIZIA MUNICIPALE","L736","3248","13/06/2011","rilevatore di velocità in modalità istantanea","Eltraf","Telelaser","TRUCAM","TC005818","","08/10/2025 16:17:17","08/10/2025 16:17:17"
"CMVEP000","VENEZIA POLIZIA MUNICIPALE","L736","3248","13/06/2011","rilevatore di velocità in modalità istantanea","Eltraf","Telelaser","TRUCAM HD","TC009521","","08/10/2025 16:17:17","08/10/2025 16:17:17"
"CMVEP000","VENEZIA POLIZIA MUNICIPALE","L736","3248","13/06/2011","rilevatore di velocità in modalità istantanea","Eltraf","Telelaser","TRUCAM HD","TC009527","","08/10/2025 16:17:17","08/10/2025 16:17:17"
"CMVEP000","VENEZIA POLIZIA MUNICIPALE","L736","3248","13/06/2011","rilevatore di velocità in modalità istantanea","Eltraf","Telelaser","TRUCAM HD","TC009523","","08/10/2025 16:17:17","08/10/2025 16:17:17"
"CMVEP000","VENEZIA POLIZIA MUNICIPALE","L736","3248","13/06/2011","rilevatore di velocità in modalità istantanea","Eltraf","Telelaser","TRUCAM HD","TC009529","","08/10/2025 16:17:17","08/10/2025 16:17:17"
"CMVEP000","VENEZIA POLIZIA MUNICIPALE","L736","5298","27/10/2011","dispositivo fisso velocità istantanea","Kria S.R.L.","T-EXSPEED V. 2.0","T-EXSPEED V. 2.0","matr. 002100","","08/10/2025 16:17:17","08/10/2025 16:17:17"
"CMVEP000","VENEZIA POLIZIA MUNICIPALE","L736","5298","27/10/2011","dispositivo fisso velocità istantanea","Kria S.R.L.","T-EXSPEED V. 2.0","T-EXSPEED V. 2.0","matr. 002101","","08/10/2025 16:17:17","08/10/2025 16:17:17"
"CMVEP000","VENEZIA POLIZIA MUNICIPALE","L736","3758","06/08/2014","rilevatore di velocità in modalità istantanea","Sodi Scientifica","Autovelox 106","non presente nel decreto","959178 - 958767","","08/10/2025 16:17:17","08/10/2025 16:17:17"
"CMVEP000","VENEZIA POLIZIA MUNICIPALE","L736","3758","06/08/2014","rilevatore di velocità in modalità istantanea","Sodi Scientifica","Autovelox 106","non presente nel decreto","958516 - 958072","","08/10/2025 16:17:17","08/10/2025 16:17:17"
"CMVEP000","VENEZIA POLIZIA MUNICIPALE","L736","3758","06/08/2014","rilevatore di velocità in modalità istantanea","Sodi Scientifica","Autovelox 106","non presente nel decreto","958525 - 958074","","08/10/2025 16:17:17","08/10/2025 16:17:17"
"CMVEP000","VENEZIA POLIZIA MUNICIPALE","L736","3758","06/08/2014","rilevatore di velocità in modalità istantanea","Sodi Scientifica","Autovelox 106","non presente nel decreto","958517 - 958075","","08/10/2025 16:17:17","08/10/2025 16:17:17"
"CMVEP000","VENEZIA POLIZIA MUNICIPALE","L736","3758","06/08/2014","rilevatore di velocità in modalità istantanea","Sodi Scientifica","Autovelox 106","non presente nel decreto","951049 - 950013","","08/10/2025 16:17:17","08/10/2025 16:17:17"
"CMVEP001","CHIOGGIA POLIZIA MUNICIPALE","C638","378","09/09/21","Dispositivo fisso velocità istantanea","Traffic Tecnology","TCS - Traffic Control System","Non presente nel decreto","IMP.362211209-TCD.2028005941-TCE.S10A11004576","","21/10/2025 09:48:44","21/10/2025 09:48:44"
"CMVEP001","CHIOGGIA POLIZIA MUNICIPALE","C638","378","09/09/21","Dispositivo fisso velocità istantanea","Traffic Tecnology","TCS - Traffic Control System","Non presente nel decreto","IMP.362211210-TCD.2028005949-TCE.S10A11004564","","21/10/2025 09:48:44","21/10/2025 09:48:44"
"CMVEP002","COMUNE DI JESOLO","C388","3248","13/06/2011 00:00","MOBILE","ELTRAFF","TELELASER","TRUCAM HD","TC008658","Estensione approvazione 242 del 05/07/2018","15/04/2026 11:29:04","10/10/2025 11:17:46"
"CMVEP002","COMUNE DI JESOLO","C388","3758","06/08/2014 00:00","MOBILE","SODI SCIENTIFICA","AUTOVELOX 106",".","94775-949094","","15/04/2026 11:29:04","29/11/2025 09:40:27"
"CMVEP002","COMUNE DI JESOLO","C388","1824","20/03/2000 00:00","MOBILE","ELTRAFF","TELELASER","MICRODIGICAM","UL012692","Estensione approvazione 534 del 05/05/2003","15/04/2026 11:29:04","10/10/2025 11:17:46"
"CMVEP003","POLIZIA LOCALE LIGNANO SABBIADORO","E584","2483","10/11/1993","AUTOVELOX","SODI SCIENTIFICA S.P.A.","AUTOVELOX 104/C - 2","AUTOVELOX","57455","","10/11/2025 11:00:05","10/11/2025 10:46:40"
"CMVEP003","POLIZIA LOCALE LIGNANO SABBIADORO","E584","1824","20/03/2000","TELELASER","ULTRALYTE","TELELASER","V04.01.IT","UL020689","","10/11/2025 11:00:05","10/11/2025 11:00:05"
"CMVEP004","Polizia Locale comune di San Donà di Piave","H823","3248","13/06/2011","MOBILE","ELTRAFF","TELELASER","TRUCAM","TC004737","","29/11/2025 13:21:15","06/11/2025 11:19:04"
"CMVEP004","Polizia Locale comune di San Donà di Piave","H823","271","11/07/2023","FISSO","SAFETY21 S.P.A.","VRS EVO 2","VERS-EVO-T12-5-RS4","709","Dec.sub.tit.n.227_04/07/2025 sr 43 11+480 JESOLO","29/11/2025 13:21:15","06/11/2025 11:19:04"
"CMVEP004","Polizia Locale comune di San Donà di Piave","H823","1323","08/03/2012","MOBILE","SINTEL Italia S.p.A.","Scout Speed","SCOUT IIS","4435","","29/11/2025 13:21:15","29/11/2025 13:21:15"
"CMVEP005","CORPO POLIZIA LOCALE PORTOGRUARESE (COMUNI DI PORTOGRUARO - CAPOFILA; CINTO CAOMAGGIORE; CONCORDIA SAGITTARIA; GRUARO; TEGLIO VENETO;","G914","20923","02/03/2007","FISSO/MOBILE","ELTRAFF","VELOMATIC","512D","1114-1120+522","Estensione di approvazione 103683 del 30/12/2010","31/10/2025 14:14:58","31/10/2025 14:14:58"
"CMVEP005","CORPO POLIZIA LOCALE PORTOGRUARESE (COMUNI DI PORTOGRUARO - CAPOFILA; CINTO CAOMAGGIORE; CONCORDIA SAGITTARIA; GRUARO; TEGLIO VENETO;","G914","20923","02/03/2007","FISSO/MOBILE","ELTRAFF","VELOMATIC","512D","1076-1091+485","Estensione di approvazione 5913 del 17/12/2014","31/10/2025 14:14:58","31/10/2025 14:14:58"
"CMVEP005","CORPO POLIZIA LOCALE PORTOGRUARESE (COMUNI DI PORTOGRUARO - CAPOFILA; CINTO CAOMAGGIORE; CONCORDIA SAGITTARIA; GRUARO; TEGLIO VENETO;","G914","20923","02/03/2007","FISSO/MOBILE","ELTRAFF","VELOMATIC","512D","7196+7162","Estensione di approvazione 5913 del 17/12/2014","31/10/2025 14:14:58","31/10/2025 14:14:58"
"CMVEP005","CORPO POLIZIA LOCALE PORTOGRUARESE (COMUNI DI PORTOGRUARO - CAPOFILA; CINTO CAOMAGGIORE; CONCORDIA SAGITTARIA; GRUARO; TEGLIO VENETO;","G914","3248","40707","MOBILE","ELTRAFF","TELELASER","TRUCAM","TC003512","","31/10/2025 14:14:58","31/10/2025 14:14:58"
"CMVEP005","CORPO POLIZIA LOCALE PORTOGRUARESE (COMUNI DI PORTOGRUARO - CAPOFILA; CINTO CAOMAGGIORE; CONCORDIA SAGITTARIA; GRUARO; TEGLIO VENETO;","G914","3248","40707","MOBILE","ELTRAFF","TELELASER","TRUCAM","TC004086","","31/10/2025 14:14:58","31/10/2025 14:14:58"
"CMVEP008","COMANDO POLIZIA LOCALE CAMONOGARA","B554","3248","13/06/2011","MOBILE","ELTRAFF","TELELASER","TRUCAM HD","TC007742","Estensione di approvazione 0000242 del 05/07/2018","09/10/2025 06:57:46","09/10/2025 06:57:46"
"CMVEP013","DM177K","UNIONE DEI COMUNI DEL MIRANESE -POLIZIA LOCALE","F241","242","05/07/2018","TELELASER","LASER TECNOLOGY INCORPORATED","TRUCAM","HD","TC007683","04/02/2026 13:32:07","04/02/2026 13:32:07"
"CMVEP013","DM177K","UNIONE DEI COMUNI DEL MIRANESE -POLIZIA LOCALE","F241","3248","13/06/2011","TELELASER","LASER TECNOLOGY INCORPORATED","TRUCAM","NORMALE","TC002433","04/02/2026 13:32:07","04/02/2026 13:32:07"
"CMVEP013","DM177K","UNIONE DEI COMUNI DEL MIRANESE -POLIZIA LOCALE","E980","3248","13/06/2011","TELELASER","LASER TECNOLOGY INCORPORATED","TRUCAM SRL","NORMALE","TC003514","04/02/2026 13:32:07","04/02/2026 13:32:07"
"CMVEP017","MUSILE DI PIAVE POLIZIA LOCALE","F826","342","02/10/2025","Dispositivo rilevamento velocità istantanea fisso","Safety21 S.p.A.","Velocar Red&Speed EVO-R","ND","268","Dec.App.n.4708_01/08/2016 Dec.sub.tit.n.227_04/07/2025 SS 14 29+731 MUSILE DI PIAVE","14/11/2025 13:50:19","14/11/2025 13:50:19"
"CMVEP017","MUSILE DI PIAVE POLIZIA LOCALE","F826","242","05/07/2018","mobile","ELTRAFF","telelaser","trucam  HD","TC0007752","Dec.App.n.3248_13/06/2011","14/11/2025 13:50:19","14/11/2025 13:50:19"
"CMVEP018","Polizia Locale comune di  Cavallino Treporti","M308","3248","13/06/2011","Mobile","Eltraff","Telelaser","Truspeed","TC003830","Telelaser  Truspeed","17/11/2025 09:53:56","17/11/2025 09:53:56"
"CMVEP200","POLIZIA LOCALE PIANIGA (VE)","G565","288","17/01/2018","rilevatore mobile di velocità","EngiNe","EnVES EVO","MVDm 1507","AM115H","estensione di approvazione con nuova tlecamera mod. AXIS P1365MKII del 17/01/2018 nr. prot. 288","28/11/2025 13:14:54","18/11/2025 12:13:37"
"CMVEP200","POLIZIA LOCALE PIANIGA (VE)","G565","4199","08/09/1997","mobile","Eltraff srl","Telelaser","LTI  20-20","1265","Estensione di approvazione 4353 del 15/09/1997","28/11/2025 13:14:54","18/11/2025 12:13:37"
"CMVEP201","POLIZIA LOCALE FOSSALTA DI PORTOGRUARO","D741","DECRETO 20923","02/03/2007","FISSO/MOBILE","ELTRAFF","VELOMATIC 512","512D","374-3105","","29/11/2025 09:36:37","29/11/2025 09:36:37"
"CMVEP201","POLIZIA LOCALE FOSSALTA DI PORTOGRUARO","D741","DECRETO 1824","20/03/2000","MOBILE","ELTRAFF","TELELASER","ULTRALYTE","UL005695","","29/11/2025 09:36:37","29/11/2025 09:36:37"
"CMVEP203","Comune di Eraclea","D415","5913","17/12/2014","mobile","Eltraff","Velomatic","512D","4223-4215","Estensione di approvazione 5913 del 17/12/2014","19/03/2026 14:47:31","02/12/2025 12:36:17"
"CMVEP203","Comune di Eraclea","D415","3248","13/06/2011","mobile","Eltraff","Telelaser","Trucam","TC005056","Decreto n. 40 del 17/02/26","19/03/2026 14:47:31","02/12/2025 12:36:17"
"CMVEP204","POLIZIA MUNICIPALE ANNONE VENETO","27001","3758","06/08/2014","Rilevatore di velocità in modalità istantanea","Sodi Scientifica","Autovelox 106","Non presente","956784","(rilevatore)","30/10/2025 12:22:14","30/10/2025 12:22:14"
"CMVEP205","polizia locale comune di stra","I965","242","05.07.2018","dispositivo misura velocità istantanea","eltraff","trucam hd","0","tc010188","nessuna","18/11/2025 15:33:51","18/11/2025 15:33:51"
"CMVEP210","POLIZIA LOCALE COMUNE DI CAVARZERE","C383","103683","30.12.2010","DISPOSITIVO MOBILE DELLA VELOCITA'","ELTRAFF","VELOMATIC","512D","4726/4691","SR 516 KM 36+200 MT BIDIREZIONALE","04/12/2025 09:47:26","30/10/2025 12:30:01"
"CMVEP210","POLIZIA LOCALE COMUNE DI CAVARZERE","C383","103683","30.12.2010","DISPOSITIVO MOBILE DELLA VELOCITA'","ELTRAFF","VELOMATIC","512D","4726/4691","SR 516 KM 38,900+10 MT BIDIREZIONALE","04/12/2025 09:47:26","30/10/2025 12:30:01"
"CMVEP212","Polizia Locale di Mira","F229","242","05/07/2018","Dispositivo di misura della velocit  istantanea","Laser Technology Incorporated","Telelaser TruCam HD","dato non disponibile","TC006548","","03/12/2025 12:51:24","03/12/2025 12:51:24"
"CMVEP212","Polizia Locale di Mira","F229","242","05/07/2018","Dispositivo di misura della velocit  istantanea","Laser Technology Incorporated","Telelaser TruCam HD","dato non disponibile","TC006541","","03/12/2025 12:51:24","03/12/2025 12:51:24"
"CMVEP213","POLIZIA LOCALE DI SANTA MARIA DI SALA - VE","I242","3248","13/06/2011","MISURATORE DI VELOCITA TELELASER","ELTRAFF","TELELASER","TRUCAM","TC001288","RILEVATORE AUTOMATICO MOBILE DI VELOCITà AVVICINAMENTO E ALLONTANAMENTO","03/11/2025 16:17:35","03/11/2025 16:17:35"
"CMVEP215","POLIZIA LOCALE","C422","242","05/07/2015","TELELASER","ELTRAFF","TRUCAM","HD","TC006550","","11/10/2025 08:39:54","11/10/2025 08:39:54"
"CMVEP217","POLIZIA MUNICIPALE MARCON","e936","3248","13/06/2011","mobile","eltraff","telelaser","trucam hd","tc008524","","03/10/2025 08:38:32","03/10/2025 08:38:32"
"CMVEP218","POLIZIA MUNICIPALE QUARTO D'ALTINO","H117","3248","13/06/2011","mobile","ELTRAFF SRL","TELELASER","TRUCAM","TC005035","","22/10/2025 18:34:05","22/10/2025 18:34:05"
"CMVEP218","POLIZIA MUNICIPALE QUARTO D'ALTINO","H117","3248","13/06/2011","mobile","ELTRAFF SRL","TELELASER","TRUCAM","TC003823","","22/10/2025 18:34:05","22/10/2025 18:34:05"
"CMVEP221","COMUNE DI CONA","C938","20923 5914","02 mar 07 e 17 dic 14","MISURA VELOCITA ISTANTANEA","ELTRAFF","VELOMATIC","512 D COMPLETO DI DISPOSITIVO 2F","447 922 923","ESTENS DI APPROV 5914 17 dic 14","24/10/2025 10:36:25","24/10/2025 10:36:25"
"CMVEP221","COMUNE DI CONA","C938","3248 242","13 giu 2011 e 05 lug 18","MISURA VELOCITA ISTANTANEA","ELTRAFF","TELELASER","TRUCAM HD","TC008540","ESTENS APPROV 242  05 lug 18","24/10/2025 10:36:25","24/10/2025 10:36:25"
"CMVEP222","Comune di Fossalta di Piave (VE) Polizia Locale","D740","3248","13/06/2011","mobile","ELTRAFF SRL","TELELASER","TRUCAM","TC005035","","27/10/2025 11:55:45","27/10/2025 11:55:45"
"CMVEP222","Comune di Fossalta di Piave (VE) Polizia Locale","D740","3248","13/06/2011","mobile","ELTRAFF SRL","TELELASER","TRUCAM","TC003823","","27/10/2025 11:55:45","27/10/2025 11:55:45"
"CMVEP223","Comune di Meolo (VE) Polizia Locale","F130","Decreto dirigenziale n. 356","18/08/2021","Dispositivo automatico fisso velocita’ istantanea","Maggioli S.P.A.","Autosc@n speed","Non presente","2022/0045","","25/10/2025 15:10:50","25/10/2025 15:10:50"
"CMVEP223","Comune di Meolo (VE) Polizia Locale","F130","3248","13/06/2011","mobile","ELTRAFF SRL","TELELASER","TRUCAM","TC005035","","25/10/2025 15:10:50","25/10/2025 15:10:50"
"CMVEP223","Comune di Meolo (VE) Polizia Locale","F130","3248","13/06/2011","mobile","ELTRAFF SRL","TELELASER","TRUCAM","TC003823","","25/10/2025 15:10:50","25/10/2025 15:10:50"
"CMVEP225","COMUNE DI CAMPOLONGO MAGGIORE","B546","4668","28/07/2016","DispositivoRilevazioneVelocitIstantaneaVeicoli","EngiNE","EnVES EVO MVDm 1507","EnVES EVO MVDm 1507","Laser CMP3553168","","20/10/2025 12:49:04","20/10/2025 12:49:04"
"CMVEP226","DISTRETTO POLIZIA LOCALE VENETO EST","I040","DECRETO DIRIGENZIALE 356","18/08/2021","DISPOSITIVO AUTOMATICO VELOCITA' ISTANTANEA","MAGGIOLI S.P.A.","AUTOSCAN SPEDD","NON PRESENTE","20210014","S.R. 74 KM 3+400 ENTRAMBE LE DIREZIONI","07/11/2025 09:12:05","29/10/2025 18:16:05"
"CMVEP226","DISTRETTO POLIZIA LOCALE VENETO EST","I040","DECRETO DIRIGENZIALE 356","18/08/2021","DISPOSITIVO AUTOMATICO VELOCITA' ISTANTANEA","MAGGIOLI S.P.A.","AUTOSCAN SPEDD","NON PRESENTE","20210015","S.R. 74 KM 10+050 DIREZIONE DA SAN MICHELE VERSO BIBIONE","07/11/2025 09:12:05","29/10/2025 18:16:05"
"CMVEP226","DISTRETTO POLIZIA LOCALE VENETO EST","I040","DECRETO DIRIGENZIALE 103683","30/12/2010","DISPOSITIVO AUTOMATICO VELOCITA' ISTANTANEA","ELTRAFF S.P.A.","VELOMATIC 512D","COMPLETO DI DISPOSITIVO 2D","4675-4625-4461","","07/11/2025 09:12:05","07/11/2025 09:12:05"
"CMVEP228","COMUNE DI VIGONOVO-POLIZIA LOCALE","L899","3248","13/06/2011","MOBILE","ELTRAFF","TELELASER","TRUSPEED","TS005648","","19/11/2025 10:30:14","19/11/2025 10:30:14"
"CMVEP229","Polizia metropolitana Citta metropolitana di Venezia","L736","3248","13/06/2011","Mobile","ELTRAFF","TeleLaser","Trucam HD","TC013156","","22/12/2025 08:57:28","22/12/2025 08:57:28"
"CMVIP000","POLIZIA LOCALE COMUNE DI VICENZA","L840","3248","13/06/2011","MOBILE","ELTRAFF","TELELASER","TRUCAM","TC004381","","16/10/2025 13:10:48","16/10/2025 13:10:48"
"CMVIP000","POLIZIA LOCALE COMUNE DI VICENZA","L840","5298","27/10/2011","FISSO","KRIA","T-EXSPEED V.2.0","'-","000245+002090","Estensione di approvazione n.4910 del 16/10/2014, n.5072 del 27/10/2014, n.7175 del 29/12/2016","16/10/2025 13:10:48","16/10/2025 13:10:48"
"CMVIP000","POLIZIA LOCALE COMUNE DI VICENZA","L840","5298","27/10/2011","FISSO","KRIA","T-EXSPEED V.2.0","'-","000244+002092","Estensione di approvazione n.4910 del 16/10/2014, n.5072 del 27/10/2014, n.7175 del 29/12/2016","16/10/2025 13:10:48","16/10/2025 13:10:48"
"CMVIP002","Consorzio di Polizia Locale Alto Vicentino - Arsiero A444","A444","APP. MIN 3248","13/06/2011","TELELASER","ELTRAFF","TELELASER","TELELASER TruCam","TC003606","","30/10/2025 13:36:20","30/10/2025 13:36:20"
"CMVIP002","Consorzio di Polizia Locale Alto Vicentino - Caltrano B433","B433","APP. MIN 3248","13/06/2011","TELELASER","ELTRAFF","TELELASER","TELELASER TruCam","TC003606","","30/10/2025 13:36:20","30/10/2025 13:36:20"
"CMVIP002","Consorzio di Polizia Locale Alto Vicentino - Costabissara D107","D107","APP. MIN 3248","13/06/2011","TELELASER","ELTRAFF","TELELASER","TELELASER TruCam","TC003606","","30/10/2025 13:36:20","30/10/2025 13:36:20"
"CMVIP002","Consorzio di Polizia Locale Alto Vicentino - Laghi E403","E403","APP. MIN 3248","13/06/2011","TELELASER","ELTRAFF","TELELASER","TELELASER TruCam","TC003606","","30/10/2025 13:36:20","30/10/2025 13:36:20"
"CMVIP002","Consorzio di Polizia Locale Alto Vicentino - Lastebasse E465","E465","APP. MIN 3248","13/06/2011","TELELASER","ELTRAFF","TELELASER","TELELASER TruCam","TC003606","","30/10/2025 13:36:20","30/10/2025 13:36:20"
"CMVIP002","Consorzio di Polizia Locale Alto Vicentino - Marano Vicentino E912","E912","APP. MIN 3248","13/06/2011","TELELASER","ELTRAFF","TELELASER","TELELASER TruCam","TC003606","","30/10/2025 13:36:20","30/10/2025 13:36:20"
"CMVIP002","Consorzio di Polizia Locale Alto Vicentino - Piovene Rocchette G694","G694","APP. MIN 3248","13/06/2011","TELELASER","ELTRAFF","TELELASER","TELELASER TruCam","TC003606","","30/10/2025 13:36:20","30/10/2025 13:36:20"
"CMVIP002","Consorzio di Polizia Locale Alto Vicentino - Pedemonte G406","G406","APP. MIN 3248","13/06/2011","TELELASER","ELTRAFF","TELELASER","TELELASER TruCam","TC003606","","30/10/2025 13:36:20","30/10/2025 13:36:20"
"CMVIP002","Consorzio di Polizia Locale Alto Vicentino - Posina G931","G931","APP. MIN 3248","13/06/2011","TELELASER","ELTRAFF","TELELASER","TELELASER TruCam","TC003606","","30/10/2025 13:36:20","30/10/2025 13:36:20"
"CMVIP002","Consorzio di Polizia Locale Alto Vicentino - San Vito di Leguzzano I401","I401","APP. MIN 3248","13/06/2011","TELELASER","ELTRAFF","TELELASER","TELELASER TruCam","TC003606","","30/10/2025 13:36:20","30/10/2025 13:36:20"
"CMVIP002","Consorzio di Polizia Locale Alto Vicentino - Santorso I353","I353","APP. MIN 3248","13/06/2011","TELELASER","ELTRAFF","TELELASER","TELELASER TruCam","TC003606","","30/10/2025 13:36:20","30/10/2025 13:36:20"
"CMVIP002","Consorzio di Polizia Locale Alto Vicentino - Schio I531","I531","APP. MIN 3248","13/06/2011","TELELASER","ELTRAFF","TELELASER","TELELASER TruCam","TC003606","","30/10/2025 13:36:20","30/10/2025 13:36:20"
"CMVIP002","Consorzio di Polizia Locale Alto Vicentino - Torrebelvicino L248","L248","APP. MIN 3248","13/06/2011","TELELASER","ELTRAFF","TELELASER","TELELASER TruCam","TC003606","","30/10/2025 13:36:20","30/10/2025 13:36:20"
"CMVIP002","Consorzio di Polizia Locale Alto Vicentino - Tonezza del Cimone D717","D717","APP. MIN 3248","13/06/2011","TELELASER","ELTRAFF","TELELASER","TELELASER TruCam","TC003606","","30/10/2025 13:36:20","30/10/2025 13:36:20"
"CMVIP002","Consorzio di Polizia Locale Alto Vicentino - Valdastico L554","L554","APP. MIN 3248","13/06/2011","TELELASER","ELTRAFF","TELELASER","TELELASER TruCam","TC003606","","30/10/2025 13:36:20","30/10/2025 13:36:20"
"CMVIP002","Consorzio di Polizia Locale Alto Vicentino - Valli del Pasubio L624","L624","APP. MIN 3248","13/06/2011","TELELASER","ELTRAFF","TELELASER","TELELASER TruCam","TC003606","","30/10/2025 13:36:20","30/10/2025 13:36:20"
"CMVIP002","Consorzio di Polizia Locale Alto Vicentino - Velo d'Astico L723","L723","APP. MIN 3248","13/06/2011","TELELASER","ELTRAFF","TELELASER","TELELASER TruCam","TC003606","","30/10/2025 13:36:20","30/10/2025 13:36:20"
"CMVIP002","Consorzio di Polizia Locale Alto Vicentino - Arsiero A444","A444","APP. MIN 3248","13/06/2011","TELELASER","ELTRAFF","TELELASER","TELELASER TruCam","TC006397","","30/10/2025 13:36:20","30/10/2025 13:36:20"
"CMVIP002","Consorzio di Polizia Locale Alto Vicentino - Caltrano B433","B433","APP. MIN 3248","13/06/2011","TELELASER","ELTRAFF","TELELASER","TELELASER TruCam","TC006397","","30/10/2025 13:36:20","30/10/2025 13:36:20"
"CMVIP002","Consorzio di Polizia Locale Alto Vicentino - Costabissara D107","D107","APP. MIN 3248","13/06/2011","TELELASER","ELTRAFF","TELELASER","TELELASER TruCam","TC006397","","30/10/2025 13:36:20","30/10/2025 13:36:20"
"CMVIP002","Consorzio di Polizia Locale Alto Vicentino - Laghi E403","E403","APP. MIN 3248","13/06/2011","TELELASER","ELTRAFF","TELELASER","TELELASER TruCam","TC006397","","30/10/2025 13:36:20","30/10/2025 13:36:20"
"CMVIP002","Consorzio di Polizia Locale Alto Vicentino - Lastebasse E465","E465","APP. MIN 3248","13/06/2011","TELELASER","ELTRAFF","TELELASER","TELELASER TruCam","TC006397","","30/10/2025 13:36:20","30/10/2025 13:36:20"
"CMVIP002","Consorzio di Polizia Locale Alto Vicentino - Marano Vicentino E912","E912","APP. MIN 3248","13/06/2011","TELELASER","ELTRAFF","TELELASER","TELELASER TruCam","TC006397","","30/10/2025 13:36:20","30/10/2025 13:36:20"
"CMVIP002","Consorzio di Polizia Locale Alto Vicentino - Piovene Rocchette G694","G694","APP. MIN 3248","13/06/2011","TELELASER","ELTRAFF","TELELASER","TELELASER TruCam","TC006397","","30/10/2025 13:36:20","30/10/2025 13:36:20"
"CMVIP002","Consorzio di Polizia Locale Alto Vicentino - Pedemonte G406","G406","APP. MIN 3248","13/06/2011","TELELASER","ELTRAFF","TELELASER","TELELASER TruCam","TC006397","","30/10/2025 13:36:20","30/10/2025 13:36:20"
"CMVIP002","Consorzio di Polizia Locale Alto Vicentino - Posina G931","G931","APP. MIN 3248","13/06/2011","TELELASER","ELTRAFF","TELELASER","TELELASER TruCam","TC006397","","30/10/2025 13:36:20","30/10/2025 13:36:20"
"CMVIP002","Consorzio di Polizia Locale Alto Vicentino - San Vito di Leguzzano I401","I401","APP. MIN 3248","13/06/2011","TELELASER","ELTRAFF","TELELASER","TELELASER TruCam","TC006397","","30/10/2025 13:36:20","30/10/2025 13:36:20"
"CMVIP002","Consorzio di Polizia Locale Alto Vicentino - Santorso I353","I353","APP. MIN 3248","13/06/2011","TELELASER","ELTRAFF","TELELASER","TELELASER TruCam","TC006397","","30/10/2025 13:36:20","30/10/2025 13:36:20"
"CMVIP002","Consorzio di Polizia Locale Alto Vicentino - Schio I531","I531","APP. MIN 3248","13/06/2011","TELELASER","ELTRAFF","TELELASER","TELELASER TruCam","TC006397","","30/10/2025 13:36:20","30/10/2025 13:36:20"
"CMVIP002","Consorzio di Polizia Locale Alto Vicentino - Torrebelvicino L248","L248","APP. MIN 3248","13/06/2011","TELELASER","ELTRAFF","TELELASER","TELELASER TruCam","TC006397","","30/10/2025 13:36:20","30/10/2025 13:36:20"
"CMVIP002","Consorzio di Polizia Locale Alto Vicentino - Tonezza del Cimone D717","D717","APP. MIN 3248","13/06/2011","TELELASER","ELTRAFF","TELELASER","TELELASER TruCam","TC006397","","30/10/2025 13:36:20","30/10/2025 13:36:20"
"CMVIP002","Consorzio di Polizia Locale Alto Vicentino - Valdastico L554","L554","APP. MIN 3248","13/06/2011","TELELASER","ELTRAFF","TELELASER","TELELASER TruCam","TC006397","","30/10/2025 13:36:20","30/10/2025 13:36:20"
"CMVIP002","Consorzio di Polizia Locale Alto Vicentino - Valli del Pasubio L624","L624","APP. MIN 3248","13/06/2011","TELELASER","ELTRAFF","TELELASER","TELELASER TruCam","TC006397","","30/10/2025 13:36:20","30/10/2025 13:36:20"
"CMVIP002","Consorzio di Polizia Locale Alto Vicentino - Velo d'Astico L723","L723","APP. MIN 3248","13/06/2011","TELELASER","ELTRAFF","TELELASER","TELELASER TruCam","TC006397","","30/10/2025 13:36:20","30/10/2025 13:36:20"
"CMVIP003","POLIZIA_LOCALE_UNIONE_MONTANA_BASSANESE","M423","1883","29/03/2013","FISSO-RADAR","ENGINE","ENVES_EVO_MVD_1605","NON_PRESIDIATO","0x00032BBC","Decreto_di_estensione_di_approvazione_0000550_del 23-12-2021","22/10/2025 10:10:42","22/10/2025 10:10:42"
"CMVIP003","POLIZIA_LOCALE_UNIONE_MONTANA_BASSANESE","M423","1824","20/03/2000","MOBILE-LASER","ELTRAFF","Telelaser","Ultralyte","UL002870","","22/10/2025 10:10:42","22/10/2025 10:10:42"
"CMVIP003","POLIZIA_LOCALE_UNIONE_MONTANA_BASSANESE","A703","1824","20/03/2000","MOBILE-LASER","ELTRAFF","Telelaser","Ultralyte","UL006610","Cod_catastale_Ente_Capofila_Bassano del Grappa(VI)","22/10/2025 10:10:42","22/10/2025 10:10:42"
"CMVIP003","POLIZIA_LOCALE_UNIONE_MONTANA_BASSANESE","A703","3248","13/06/2011","MOBILE-LASER","ELTRAFF","Telelaser","Truecam_HD","TC010145","Cod_catastale_Ente_Capofila_Bassano del Grappa(VI)–Decreto-estensione_approvazione_242_del_05-07-2018","22/10/2025 10:10:42","22/10/2025 10:10:42"
"CMVIP003","POLIZIA_LOCALE_UNIONE_MONTANA_BASSANESE","A703","3758","06/08/2014","MOBILE-LASER","SODI_SCIENTIFICA","Autovelox","106","950487-950729","Cod_catastale_Ente_Capofila_Bassano del Grappa(VI)–Decreto-estensione_approvazione_554_del_24-12-2021","22/10/2025 10:10:42","22/10/2025 10:10:42"
"CMVIP003","POLIZIA_LOCALE_COMUNE_DI_ROMANO_D_EZZELINO","H512","3248","13/06/2011","MOBILE-LASER","ELTRAFF","Telelaser","TRUCAM_HD","TC010705","Decreto-estensione_approvazione_0000242_del_05-07-2018","22/10/2025 10:10:42","22/10/2025 10:10:42"
"CMVIP003","POLIZIA_LOCALE_COMUNE_DI_ROMANO_D_EZZELINO","H512","1883","29/03/2013","MOBILE-RADAR","ENGINE","ENVES_EVO_MVD_1605","PRESIDIATO","0x00032B91","Decreto-estensione_approvazione_000550_del_23-12-2021","22/10/2025 10:10:42","22/10/2025 10:10:42"
"CMVIP004","DISTRETTO PL VI4A-COMANDO DI ARZIGNANO","A459","3248","13/06/2011","TELELASER","ELTRAFF SRL","TRUCAM","TRC-MU02-06-IT","TC004924","","21/10/2025 11:50:52","21/10/2025 11:50:52"
"CMVIP005","Polizia Locale ""dei Castelli"" - Montecchio Maggiore","F464","3248","13/06/2011","Mobile","ELTRAFF","TELELASER","TRUCAM HD","TC013154","in servizio convenzionato coi comuni di Brendola e Sarego","19/11/2025 16:18:06","19/11/2025 16:18:06"
"CMVIP005","Polizia Locale ""dei Castelli"" - Montecchio Maggiore","F464","288","17/01/2018","Mobile","CI.TI.ESSE","AUTOVELOX","EnVES EVO MVDm 1507","AM1474H/CMP3666389","in servizio convenzionato coi comuni di Brendola e Sarego","19/11/2025 16:18:06","19/11/2025 16:18:06"
"CMVIP006","CMVIP006","POLIZIA LOCALE COMUNE DI LONIGO","E682","20923","02/03/2007","FISSO/MOBILE","ELTRAFF","VELOMATIC","512D","292/326/456/5413","10/11/2025 08:40:16","10/11/2025 08:40:16"
"CMVIP006","CMVIP006","POLIZIA LOCALE COMUNE DI LONIGO","E682","3248","13/06/2011","MOBILE","ELTRAFF","TELELASER","TRUCAM HD","TC009502","10/11/2025 08:40:16","10/11/2025 08:40:16"
"CMVIP007","COMUNE DI MALO - POLIZIA MUN.LE","E864","20923","02/03/2007","FISSO/MOBILE","ELTRAFF","VELOMATIC","512","269-500-501","","28/11/2025 13:34:20","28/11/2025 13:34:20"
"CMVIP007","COMUNE DI MALO - POLIZIA MUN.LE","E864","4199","08/09/1997","MOBILE","ELTRAFF","TELELASER","LTI 20-20","13153","","28/11/2025 13:34:20","28/11/2025 13:34:20"
"CMVIP007","COMUNE DI MALO - POLIZIA MUN.LE","E864","1824","20/03/2000","MOBILE","ELTRAFF","TELELASER","MICRODIGICAM","UL022529","","28/11/2025 13:34:20","28/11/2025 13:34:20"
"CMVIP008","POLIZIA LOCALE","L297","3248","13/06/2011","MOBILE","ELTRAFF","TELELASER","TRUCAM","TC004727","","18/11/2025 11:40:58","18/11/2025 11:40:58"
"CMVIP009","CONSORZIO DI POLIZIA LOCALE VALLE AGNO","L551","6511","21.11.2012","mobile","VIZIER","2M","VIZIER2M","1304032","Comuni in Consorzio: Valdagno, Recoaro Terme e Cornedo Vicentino - Comuni in Convenzione: Brogliano","01/12/2025 16:40:43","01/12/2025 16:40:43"
"CMVIP012","CONSORZIO POLIZIA LOCALE NORDEST VICENTINO","non applicabile","1824","20/03/2000","MOBILE","ELTRAFF","TELELASER","ULTRALYTE","UL002873","Bolz.V. Bressanvido Calvene Carrè Chiuppano Dueville Fara V. Lugo di V. Mont.P. Montic.C.O. Sarcedo Sandrigo Thiene Villaverla Zanè Zugliano LusianaC.","24/11/2025 09:08:11","24/11/2025 09:08:11"
"CMVIP012","CONSORZIO POLIZIA LOCALE NORDEST VICENTINO","non applicabile","1824","20/03/2000","MOBILE","ELTRAFF","TELELASER","ULTRALYTE","UL019391","Bolz.V. Bressanvido Calvene Carrè Chiuppano Dueville Fara V. Lugo di V. Mont.P. Montic.C.O. Sarcedo Sandrigo Thiene Villaverla Zanè Zugliano LusianaC.","24/11/2025 09:08:11","24/11/2025 09:08:11"
"CMVIP012","CONSORZIO POLIZIA LOCALE NORDEST VICENTINO","non applicabile","3248","13/06/2011","MOBILE","ELTRAFF","TELELASER","TRUCAM","TC002058","Bolz.V. Bressanvido Calvene Carrè Chiuppano Dueville Fara V. Lugo di V. Mont.P. Montic.C.O. Sarcedo Sandrigo Thiene Villaverla Zanè Zugliano LusianaC.","24/11/2025 09:08:11","24/11/2025 09:08:11"
"CMVIP012","CONSORZIO POLIZIA LOCALE NORDEST VICENTINO","non applicabile","3248","13/06/2011","MOBILE","ELTRAFF","TELELASER","TRUCAM","TC006393","Bolz.V. Bressanvido Calvene Carrè Chiuppano Dueville Fara V. Lugo di V. Mont.P. Montic.C.O. Sarcedo Sandrigo Thiene Villaverla Zanè Zugliano LusianaC.","24/11/2025 09:08:11","24/11/2025 09:08:11"
"CMVIP012","CONSORZIO POLIZIA LOCALE NORDEST VICENTINO","non applicabile","29830","03/04/2008","MOBILE","LINDBLAD & PIANA SRL","TRAFFIPATROL","XR","507-207/11143","Bolz.V. Bressanvido Calvene Carrè Chiuppano Dueville Fara V. Lugo di V. Mont.P. Montic.C.O. Sarcedo Sandrigo Thiene Villaverla Zanè Zugliano LusianaC.","24/11/2025 09:08:11","24/11/2025 09:08:11"
"CMVIP012","CONSORZIO POLIZIA LOCALE NORDEST VICENTINO","non applicabile","29830","03/04/2008","MOBILE","LINDBLAD & PIANA SRL","TRAFFIPATROL","XR","507-207/11144","Bolz.V. Bressanvido Calvene Carrè Chiuppano Dueville Fara V. Lugo di V. Mont.P. Montic.C.O. Sarcedo Sandrigo Thiene Villaverla Zanè Zugliano LusianaC.","24/11/2025 09:08:11","24/11/2025 09:08:11"
"CMVIP012","CONSORZIO POLIZIA LOCALE NORDEST VICENTINO","H580","3248","13/06/2011","MOBILE","ELTRAFF","TELELASER","TRUCAM","TC004105","Rossano Veneto","24/11/2025 09:08:11","24/11/2025 09:08:11"
"CMVIP012","CONSORZIO POLIZIA LOCALE NORDEST VICENTINO","E970","3248","13/06/2011","MOBILE","ELTRAFF","TELELASER","TRUCAM","TC004106","Marostica","24/11/2025 09:08:11","24/11/2025 09:08:11"
"CMVIP012","CONSORZIO POLIZIA LOCALE NORDEST VICENTINO","A954","48","01/03/2021","FISSO","SAFETY21","AGUIA RED&SPEED","AGUIA-T5-5-R","16277","Bolzano Vicentino","24/11/2025 09:08:11","24/11/2025 09:08:11"
"CMVIP017","Polizia Locale comune di Camisano Vicentino","B485","1824","20/03/2000","MOBILE","ELTRAFF","TELELASER","ULTRALYTE","UL021465","circolare interministeriale MIT e MINT 13.12.2013,circolareMINT21/07/2017)","19/11/2025 08:29:07","19/11/2025 08:29:07"
"CMVIP017","Polizia Locale comune di Camisano Vicentino","B485","20923","02/03/2007","FISSO/MOBILE","ELTRAFF","VELOMATIC","512D+","64-288-289","Estensione di approvazione 0000054 del 08/03/2021","19/11/2025 08:29:07","19/11/2025 08:29:07"
"CMVIP027","POLIZIA LOCALE COMUNE DI LONGARE","E671","3248","13/06/2011","MOBILE","ELTRAFF","TELELASER","TRUCAM","TC004116","","11/11/2025 14:44:27","06/10/2025 07:44:38"
"CMVIP027","POLIZIA LOCALE COMUNE DI LONGARE","E671","3248","13/06/2011","MOBILE","ELTRAFF","TELELASER","TRUCAM HD","TC008487","","11/11/2025 14:44:27","06/10/2025 07:44:38"
"CMVIP208","POLIZIA LOCALE COMUNE DI GALLIO","D882","4199","08/09/1997","MOBILE","ELTRAFF","TELELASER","LTI 20-20","13128","","11/10/2025 08:03:48","11/10/2025 08:03:48"
"CMVIP234","Unione dei Comuni di Caldogno Costabissara e Isola Vicentina","B403","n. 288 e n. 4668","17.01.2018 e 28.07.2016","MOBILE","Enves","EVO MVDm 1507","EVO MVDm 1507","CMP3667389 rilevatore laser  AH0295H","","08/10/2025 05:32:12","08/10/2025 05:32:12"
"CMVIP241","UNIONE DEI COMUNI BASSO VICENTINO - POLIZIA LOCALE","02493028","3248","13/06/2011","MOBILE","ELTRAFF","TELELASER","TRUCAM","TC004715","ENTE CAPOFILA COMUNI ASSOCIATI AGUGLIARO ALBETTONE ASIGLIANO VENETO BARBARANO MOSSANO CAMPIGLIA DEI BERICI NOVENTA VICENTINA POJANA MAGGIORE SOSSANO","27/11/2025 17:05:23","27/11/2025 17:05:23"
"CMVRP000","COMUNE DI VERONA","L781","549","21/12/2021","postazione fissa","Project Automation","K53800_SPEED","K53800_SPEED","PASPEEDn22023121172","","03/10/2025 07:42:51","03/10/2025 07:42:51"
"CMVRP000","COMUNE DI VERONA","L781","380","26/07/2024","postazione mobile","Sodi Scientifica","Autovelox 106","Autovelox 106","956777","","03/10/2025 07:42:51","03/10/2025 07:42:51"
"CMVRP000","COMUNE DI VERONA","L781","380","26/07/2024","postazione mobile","Sodi Scientifica","Autovelox 106","Autovelox 106","946841","","03/10/2025 07:42:51","03/10/2025 07:42:51"
"CMVRP000","COMUNE DI VERONA","L781","242","05/07/2018","postazione mobile","Eltraff","Telelaser TruCam","Telelaser TruCam HD","TC010695","","03/10/2025 07:42:51","03/10/2025 07:42:51"
"CMVRP001","Comune di Bussolengo – Comando di Polizia Locale","Bussolengo → B296","PROT. 103683MIN. INF. TR.","30/12/2010","AUTOVELOX MOBILE","ELTRAFF S.R.L.","VELOMATIC 512 BIDIREZIONALE","N.N.","11488","CERT. R324_2025.-ACCR_VX","25/11/2025 10:24:26","25/11/2025 10:24:26"
"CMVRP001","Comune di Bussolengo – Comando di Polizia Locale","Bussolengo → B296","PROT. 1824 MIN. LAV. PUBBLICI","20/03/2020","TELELASER","ELTRAFF S.R.L.","TELELASER ULTRALYTE","N.N.","5693","","25/11/2025 10:24:26","25/11/2025 10:24:26"
"CMVRP001","Comune di Bussolengo – Comando di Polizia Locale","Bussolengo → B296","PROT. 2483 MIN. LAV. PUBBLICI","10/1171993","AUTOVELOX","SODI SCIENTIFICA","AUTOVELOX 104C/2","104/L","31458/31547","","25/11/2025 10:24:26","25/11/2025 10:24:26"
"CMVRP003","POLIZIA LOCALE VILLAFRANCA DI VERONA","L949","5367/19 DEL PREFETTO DI VERONA","01/02/2023","POSTAZIONE FISSA PER IL CONTROLLO DELLA VELOCITA'","AGUIA RED & SPEED","AGUIA-T5-5-R","1.0","16350","km 9+85 strada morenica","23/10/2025 08:53:32","23/10/2025 08:53:32"
"CMVRP004","CEREA POLIZIA MUNICIPALE","C498","3248; 242","13/06/2011; 05/07/2018","TELELASER","ELTRAFF S.R.L.","TELELASER TRUCAM HD","TELELASER TRUCAM HD","TC010685","","11/12/2025 17:55:23","11/12/2025 17:55:23"
"CMVRP006","POLIZIA LOCALE PESCANTINA","G481","3248","13/06/2011","MOBILE","ELTRAFF","TELELASER","TRUCAM","TC004059","","10/10/2025 09:27:14","10/10/2025 09:27:14"
"CMVRP007","CORPO POLIZIA MUNICIPALE - SOMMACAMPAGNA VR","I821","3248","13/06/2011","MOBILE","ELTRAFF","TELELASER","TRUCAM HD","TC008170","Estensione di approvazione 0000242 del 05/07/2018","16/10/2025 09:23:14","16/10/2025 09:23:14"
"CMVRP007","CORPO POLIZIA MUNICIPALE - SOMMACAMPAGNA VR","I821","3758","06/08/2014","FISSO","SODI SCIENTIFICA SRL","AUTOVELOX","106","947451","CPU MATR. 949091","16/10/2025 09:23:14","16/10/2025 09:23:14"
"CMVRP008","LEGNAGO POLIZIA MUNICIPALE","E512","4708","01/08/2016","FISSO","VELOCAR RED&SPEED","EVO","R","286","ubicazione: SR 10 KM 334+400 DIR. VR -decr. Pref VR 105808 del 20/12/2022 - ultima revisione effettuata il 28/08/2025","21/10/2025 18:59:50","21/10/2025 18:59:50"
"CMVRP008","LEGNAGO POLIZIA MUNICIPALE","E512","5913","17/12/2014","MOBILE","VELOMATIC","512","D","5793","ultima revisione effettuata il 30/11/2024","21/10/2025 18:59:50","21/10/2025 18:59:50"
"CMVRP008","LEGNAGO POLIZIA MUNICIPALE","E512","288","17/01/2018","MOBILE","ENVES","EVO","MVDM","CMP3766520","attualmente non utilizzato - ultima revisione effettuata il 21/03/2024","21/10/2025 18:59:50","21/10/2025 18:59:50"
"CMVRP008","LEGNAGO POLIZIA MUNICIPALE","E512","3248","13/06/2011","MOBILE","TRU-CAM","/","/","TC001996","ultima taratura effettuata il 02/08/2025","21/10/2025 18:59:50","21/10/2025 18:59:50"
"CMVRP008","LEGNAGO POLIZIA MUNICIPALE","E512","3248","13/06/2011","MOBILE","TRU-CAM","HD","/","TC008504","ultima taratura effettuata il 31/05/2025","21/10/2025 18:59:50","21/10/2025 18:59:50"
"CMVRP009","BOVOLONE POLIZIA MUNICIPALE","B107","3248","40707","MOBILE","ELTRAFF","TELELASER","TRUCAM","TC003831","","28/10/2025 12:22:56","28/10/2025 12:22:56"
"CMVRP009","BOVOLONE POLIZIA MUNICIPALE","B107","4164","40758","FISSO","SODI SCIENTIFICA","MISURATORE DI VELOCITA'","AUTOSTOP HD","943661","944382_elaboratore/analizzatore","28/10/2025 12:22:56","28/10/2025 12:22:56"
"CMVRP009","BOVOLONE POLIZIA MUNICIPALE","B107","20923","39143","FISSO/MOBILE","ELTRAFF","VELOMATIC","512D","163-1017-1029","Estensione di approvazione 103683 del 30/12/2010","28/10/2025 12:22:56","28/10/2025 12:22:56"
"CMVRP011","POLIZIA LOCALE CASTEL D'AZZANO ENTE CAPOFILA","C078","DECRETO N;1824","20;03;2000","MISURATORE DI VELOCITA' DI VEICOLI","ELTRAFF","TELELASER","ULTRALYTE","N.UL014718","","30/10/2025 13:03:27","30/10/2025 13:03:27"
"CMVRP011","POLIZIA LOCALE CASTEL D'AZZANO ENTE CAPOFILA","C078","DECRETO N;128","23;03;2023","DISPOSITIVO DI MISURA DELLA VELOCITA'","ENGINE","ENVES EVO","MVDm1507","N.CMP3829181","","30/10/2025 13:03:27","30/10/2025 13:03:27"
"CMVRP011","POLIZIA LOCALE CASTEL D'AZZANO ENTE CAPOFILA","C078","DECRETO N;1123","16;05;2005","DISPOSITIVO DI MISURA DELLA VELOCITA'","AUTOVELOX","104","C2","N.42421","","30/10/2025 13:03:27","30/10/2025 13:03:27"
"CMVRP011","POLIZIA LOCALE CASTEL D'AZZANO ENTE CAPOFILA","C078","DECRETO N;903","27;06;2006","DISPOSITIVO DI MISURA DELLA VELOCITA'","AUTOVELOX","104","E","N.932493","","30/10/2025 13:03:27","30/10/2025 13:03:27"
"CMVRP012","Polizia Locale Comune di Sona","I826","6099","18/11/2015","Dispositivo rilevamento velocità istantanea fisso","Safety21 S.p.A.","Velocar Red&Speed EVO","VRS-EVO-L1","155","Dec.App.n.814_24/02/2005 Dec.sub tit.n.227_04/07/2025 SR 11 ""PADANA SUPERIORE"" 288+650","27/11/2025 15:35:34","23/10/2025 11:07:21"
"CMVRP012","Polizia Locale Comune di Sona","I826","3248","13/06/2011","Mobile","Eltraff","Telelaser","Trucam","TC004114","","27/11/2025 15:35:34","27/11/2025 15:35:34"
"CMVRP013","Polizia Locale Comune di Peschiera del Garda","G489","242","05/07/2018","telelaser","Laser Technology Incorporated","TRUCAM HD","TC100-1.19-42","TC008197","","20/04/2026 09:23:20","20/04/2026 09:23:20"
"CMVRP015","Polizia Locale Unione dei Comuni Adige Guà","H048","20923","02/03/2007","Mobile","Eltraff","Velomatic","512D","5168+5175","ESTEN. APP. 103683 del 30/12/2010","02/12/2025 08:38:39","02/12/2025 07:43:10"
"CMVRP015","Polizia Locale Unione dei Comuni Adige Guà","H048","1824","20/03/2000","Mobile","Eltraff","Telelaser","Ultralyte","UL004120","ESTEN. APP. 534 del 08/05/2003","02/12/2025 08:38:39","02/12/2025 07:43:10"
"CMVRP015","Polizia Locale Minerbe","F218","4708","01/08/2016","Fisso","Velocar","Red&Spees","EVO-R","520","Conferma app. 342 del 2/10/2025","02/12/2025 08:38:39","02/12/2025 07:43:10"
"CMVRP016","Polizia Locale comune San Martino Buon Albergo","I003","3248","13/06/2011","mobile","eltraff","telelaser","trucam hd","TC007762","Estensione di approvazione 0000242 del 05/07/2018","28/11/2025 10:02:07","28/11/2025 10:02:07"
"CMVRP018","POLIZIA MUNICIPALE DI SAN GIOVANNI LUPATOTO","H924","271","11/07/2023","Dispositivo rilevamento velocità istantanea fisso","VELOCAR","VRS EVO 2","VRS-EVO-T12-5-RS4","650","SS 434 ""TRANSPOLESANA"" 5+375 DIREZIONE LEGNAGO","29/10/2025 10:00:28","29/10/2025 10:00:28"
"CMVRP019","POLIZIA MUNICIPALE-UNIONE COMUNI VERONA EST","C897","3248","13/06/2011","MOBILE","ELTRAFF","TELELASER","TRUCAM HD","TC007077","ESTENSIONE DI APPROVAZIONE 0000242 DEL 05/07/2018","11/10/2025 07:32:56","11/10/2025 07:32:56"
"CMVRP019","POLIZIA MUNICIPALE - UNIONE COMUNI VERONA EST","C897","1824","20/03/2000","MOBILE","ELTRAFF","TELELASER","ULTRALYTE","UL007244","DURATA VENTENNALE(CIRC.MIT E MINT 13.12.2013,CIRC. MINT 21/07/2017)","11/10/2025 07:32:56","11/10/2025 07:32:56"
"CMVRP021","COMUNE DI GARDA","D915","N. 378","09/09/2021","Dispositivo fisso velocità istantanea","Traffic tecnology spa","TCS - TRAFFIC CONTROL SYSTEM","Non presente nel decreto","IMP.464210608-TCD.2101260009-TCE.S10A11004578","POSTAZIONE KM 57.400 CON RILEVAMENTO DIREZIONE GARDA CENTRO","09/10/2025 14:40:11","09/10/2025 14:40:11"
"CMVRP021","COMUNE DI GARDA","D915","N. 378","09/09/2021","Dispositivo fisso velocità istantanea","Traffic tecnology spa","TCS - TRAFFIC CONTROL SYSTEM","Non presente nel decreto","IMP.464210607-TCD.2101260002-TCE.S10A11004552","POSTAZIONE KM 57.400 CON RILEVAMENTO DIREZIONE TORRI DEL BENACO","09/10/2025 14:40:11","09/10/2025 14:40:11"
"CMVRP022","CMVR002201","POLIZIA LOCALE DEL COMUNE DI CASTELNUOVO DEL GARDA","C225","1824","20/03/2000","MOBILE","ELTRAFF","TELELASER","ULTRALYTE","UL004658","27/11/2025 15:39:34","27/11/2025 15:39:34"
"CMVRP022","CMVR002201","POLIZIA LOCALE DEL COMUNE DI CASTELNUOVO DEL GARDA","C225","1012","25/02/1997","MOBILE","SODI SCIENTIFICA S.R.L.","AUTOVELOX","104/C-2","51901(rilevatore)+50139(elaboratore/analizzatore)","27/11/2025 15:39:34","27/11/2025 15:39:34"
"CMVRP200","Polizia Locale di Affi","13","3248","13/06/2011","telelaser","Laser Technology Incorporated","TRUCAM","versione V.04     TC100-1.19-7/R2.8.12","TC003230","","13/11/2025 11:21:46","13/11/2025 11:21:46"
"CMVRP203","POLIZIA LOCALE ALBAREDO D'ADIGE","A137","534","08/05/2003","MOBILE","ELTRAFF","TELELASER","ULTRALYTE","UL015849","","16/10/2025 09:19:13","16/10/2025 09:19:13"
"CMVRP205","polizia locale comune di cavaion veronese","C370","11/Y-2025","18/04/2025","mobile","sodi scientifica","autovelox","106","959520","","17/11/2025 12:19:41","17/11/2025 12:19:41"
"CMVRP206","POLIZIA LOCALE COMUNE DI RONCO ALL'ADIGE","H540","3248","13/06/2011","MOBILE","ELTRAFF","TELELASER","TRUCAM HD","TC006660","ESTENSIONE DI APPROVAZIONE 0000242 DEL 05/07/2018","13/10/2025 08:11:29","13/10/2025 08:11:29"
"CMVRP208","POLIZIA LOCALE ZEVIO (VR) CMVR005701","M172","3248","13/06/2011","AUTOVELOX TELELASER","ELTRAFF","TELELASER TRUCAM","TC-100-1.9-7/R2.8.12","TC003574","DISPOSITIVO DI PROPRIETA DEL COMUNE DI ZEVIO (VR)","04/11/2025 13:57:14","04/11/2025 13:57:14"
"CMVRP210","Polizia Locale di Caprino Veronese","B709","1824","20.03.2000","mobile","eltraff","telelaser ultralyte","ultralyte con microdigicam","UL022017-MV001403","Estensione di approvazione 534 del 08.05.200","28/11/2025 10:42:27","28/11/2025 10:42:27"
"CMVRP214","Comune di Torri del Benaco","L287","378","09/09/2021","Misuratore fisso velocità istantanea","Traffic Tecnology","Traffic Tecnology System: mod. TCS-TCD1.0","Non presente nel decreto","IMP.535230414 - TCD.1223033025 - TCE.S10A11008546","SR 249 Gardesana Orientale km 67+975 direzione Brenzone sul Garda","08/10/2025 14:46:06","08/10/2025 14:46:06"
"CMVRP214","Comune di Torri del Benaco","L287","378","09/09/2021","Misuratore fisso velocità istantanea","Traffic Tecnology","Traffic Tecnology System: mod. TCS-TCD1.0","Non presente nel decreto","IMP.535211214 - TCD.211279006 - TCE.S10A11006928","SR 249 Gardesana Orientale km 67+975","08/10/2025 14:46:06","08/10/2025 14:46:06"
"CMVRP216","POLIZIA MUNICIPALE VILLA BARTOLOMEA","L912","3758","06/08/2014","Misuratore di velocità","Sodi Scientifica SRL","Autovelox 106","Premium Colore","949799","SS 434","11/11/2025 08:23:24","11/11/2025 08:23:24"
"CMVRP217","Polizia Locale Isola della Scala","E349","3758","06/08/2014","Velox","Sodi Scientifica S.p.A.","Autovelox","106","950726","","03/11/2025 11:04:44","03/11/2025 11:04:44"
"CMVRP217","Polizia Locale Isola della Scala","E349","242","05/07/2018","Telelaser","Eltraff srl","Telelaser Trucam","HD","TC004407","","03/11/2025 11:04:44","03/11/2025 11:04:44"
"CMVRP222","COMUNE DI CASALEONE (VR)","B886","1824","20/03/2000","MOBILE","ELTRAFF","TELELASER","ULTRLYTE","UL023813","","28/11/2025 09:14:20","28/11/2025 09:14:20"
"CMVRP227","POLIZIA LOCALE SOAVE (VR)","I775","20923","02/03/2007","FISSO/MOBILE","ELTRAFF","VELOMATIC","512D","5051/5046/5039","Estensione di approvazione 103683 del 30/12/2010","21/11/2025 11:51:59","21/11/2025 11:51:59"
"CMVRP227","POLIZIA LOCALE SOAVE (VR)","I775","3248","13/06/2011","MOBILE","ELTRAFF","TELELASER","TRUSPEED","TS005867","","21/11/2025 11:51:59","21/11/2025 11:51:59"
"CMVRP231","COMUNE DI GREZZANA","E171","356","18/08/2021","dispositivo automatico velocità istantanea","Maggioli S.p.A.","Autosc@n Speed","non presente","2024 0100","","18/11/2025 08:50:04","18/11/2025 08:50:04"
"CMVRP231","COMUNE DI GREZZANA","E171","3758","06/08/2014","rilevatore di velocità  in modalità istantanea","Sodi Scientifica","Autovelox 106","non presente","956793","","18/11/2025 08:50:04","08/10/2025 15:04:40"
"CMVRP231","COMUNE DI GREZZANA","E171","3248","13/06/2011","rilevatore di velocità  in modalità istantanea","ELTRAFF","Telelaser","Trucam HD","TC011177","","18/11/2025 08:50:04","08/10/2025 15:04:40"
"CMVRP234","COMUNE DI SANT'AMBROGIO ID VALPOLICELAL POLIZIA LOCALE","I259","1824","20/03/2000","MOBILE","ELTRAFF","TELELASER","ULTRALYTE","17542","CONTESTAZIONE IMMEDIATA","27/11/2025 08:42:18","25/11/2025 16:00:44"
"CMVRP234","COMUNE DI SANT'AMBROGIO DI VALPOLICELLA POLIZIA LOCALE","I259","1123","16/05/2005","MOBILE","SODI SCIENTIFICA","AUTOVELOX","104/C-2","1658","FOTOCAMERA MATR. 1625 ATTUALMENTE NON I USO","27/11/2025 08:42:18","25/11/2025 16:00:44"
"CMVRP245","POLIZIA MUNICIPALE DI SANGUINETTO","H944","4708","01/08/2016","FISSO","VELOCAR","AUTOVELOX","Velocar Red&Speed EVO-R","456","","24/10/2025 08:40:57","24/10/2025 08:40:57"
"CMVRP245","POLIZIA MUNICIPALE DI SANGUINETTO","H944","3248","13/06/2011","MOBILE","ELTRAFF","TELELASER","TRUCAM HD","TC008512","Estensione di approvazione 0000242 del 05/07/2018","24/10/2025 08:40:57","24/10/2025 08:40:57"
"CMVRP255","POLIZIA LOCALE DEL COMUNE DI COLOGNA VENETA","C890","3248","13/06/2011","MOBILE","ELTRAFF","TELELASER","TRUCAM HD","TC011167","estensione di approvazione n. 242 del 5/07/2018","12/11/2025 16:05:07","12/11/2025 16:05:07"
"CMVTP002","Comune di Tarquinia Polizia Locale","D024","3758","06/08/2014","Rilevatore di Velocità in Modalità Istantanea","Sodi Scientifica","Autovelox 106","Non Presente","953521","","30/10/2025 13:30:57","30/10/2025 13:25:47"
"CMVTP002","Comune di Tarquinia Polizia Locale","D024","4671","28/07/2016","Ril. Tratte di Vel. Media in Modalità Presidiata","Celeritas","Celeritas Evo 1506","Non Presente","AM1123H","Installato in Strada Vic. dell'Acquetta Lato Tarquinia","30/10/2025 13:30:57","30/10/2025 13:30:57"
"CMVTP002","Comune di Tarquinia Polizia Locale","D024","4671","28/07/2016","Ril. Tratte di Vel. Media in Modalità Presidiata","Celeritas","Celeritas Evo 1506","Non Presente","AL1009H","Installato in Strada Vic. dell'Acquetta Lato S.S. 1 bis Aurelia","30/10/2025 13:30:57","30/10/2025 13:30:57"
"CMVTP002","Comune di Tarquinia Polizia Locale","D024","1824","20/03/2000","TeleLaser in Modalità di rilevamento Presidiata","Eltraff","Laser Technology","Non Presente","UL024349","","30/10/2025 13:30:57","30/10/2025 13:30:57"
"CMVTP004","POLIZIA LOCALE COMUNE DI RONCIGLIONE","H534","3758","06/08/14","RILEVATORE DI VELOCITà IN MODALITà ISTANTANEA","SODI SCIENTIFICA","AUTOVELOX 106","NON PRESENTE","952666","","26/11/2025 12:44:04","26/11/2025 12:43:10"
"CMVTP004","POLIZIA LOCALE COMUNE DI RONCIGLIONE","H534","4164","03/08/11","RILEVATORE DI VELOCITà IN MODALITà ISTANTANEA","SODI SCIENTIFICA","AUTOSTOP HD","NON PRESENTE","961263","NOLEGGIO","26/11/2025 12:44:04","26/11/2025 12:43:10"
"CMVTP004","POLIZIA LOCALE COMUNE DI RONCIGLIONE","H534","4164","03/08/11","RILEVATORE DI VELOCITà IN MODALITà ISTANTANEA","SODI SCIENTIFICA","AUTOSTOP HD","NON PRESENTE","961264","NOLEGGIO","26/11/2025 12:44:04","26/11/2025 12:43:10"
"CMVTP005","COMUNE DI ORTE-COMANDO POLIZIA LOCALE","G135","183","01/06/2020","misuratore di velocità veicoli - sensore radar","EnVES EVO","MVD 1605","DISPOSITIVO MOBILE","0x00032A40","nessuna","07/11/2025 11:51:20","07/11/2025 11:51:20"
"CMVTP005","COMUNE DI ORTE-COMANDO POLIZIA LOCALE","G135","183","01/06/2020","misuratore di velocità veicoli - sensore radar","EnVES EVO","MVD 1605","DISPOSITIVO MOBILE","0x00032A40","nessuna","07/11/2025 11:51:20","07/11/2025 11:51:20"
"CMVTP014","POLIZIA LOCALE Comune di Montalto di Castro","F419","Decreto n. 3248","13/06/2011","Mobile","ELTRAFF","TELELASER","TRUCAM HD","TC005850","","24/10/2025 12:09:36","24/10/2025 12:09:36"
"CMVTP014","POLIZIA LOCALE Comune di Montalto di Castro","F419","Decreto n. 80","21/02/2024","Mobile","Sodi Scientifica","AUTOVELOX","106","Rilevatore 946438 CPU 947090","KM 114+900 SS 1 Aurelia dir. Nord KM 120+950","24/10/2025 12:09:36","24/10/2025 12:09:36"
"CMVTP014","POLIZIA LOCALE Comune di Montalto di Castro","F419","Decreto n. 80","21/02/2024","Mobile","Sodi Scientifica","AUTOVELOX","106","Rilevatore 953504 CPU 954715","KM 114+900 SS 1 Aurelia dir. Nord KM 120+950","24/10/2025 12:09:36","24/10/2025 12:09:36"
"CMVTP204","Polizia Locale - Comune di Nepi","F868","54","08/03/2021","Misura della velocità istantanea di veicoli","Eltraff","Velomatic 512D","Velomatic 512D","7625 -7792.","","07/10/2025 09:20:53","07/10/2025 09:20:53"
"CMVTP204","Polizia Locale - Comune di Nepi","F868","54","08/03/2021","Misura della velocità istantanea di veicoli","Eltraff","Velomatic 512D","Velomatic 512D","4053 - 4099.","","07/10/2025 09:20:53","07/10/2025 09:20:53"
"CMVTP204","Polizia Locale - Comune di Nepi","F868","54","08/03/2021","Misura della velocità istantanea di veicoli","Eltraff","Velomatic 512D","Velomatic 512D","1810 - 1835.","","07/10/2025 09:20:53","07/10/2025 09:20:53"
"CMVTP205","Polizia Municipale Comune di Soriano nel Cimino","I855","3758-2014","06-08-2014","Dispositivo rilevamento velocità istantanea mobile","Sodi scientifica srl","Autovelox 106","Non-presente","Rilevatore 955408 – CPU 956831","","08/11/2025 09:03:01","08/11/2025 09:03:01"
"CMVTP205","Polizia Municipale Comune di Soriano nel Cimino","I855","354-2003 e 1122-2005","05-02-2003 e 16-05-2005","Misuratore di velocita","Sodi scientifica srl","Autovelox 105-SE","Non-presente","Rilevatore 936683 – CPU 934193","","08/11/2025 09:03:01","08/11/2025 09:03:01"
"CMVTP206","Polizia_Locale_Comune_Montefiascone","F499","48","01/03/2021","Dispositivo_rilevamento_velocita_istantanea_fisso","Safety21_S.p.A.","AGUIA_Red_&_Speed","AGUIA-T5-5-R","16278","Dec.sub.tit.n.227_04/07/2025_S.P._7_COMMENDA_4+315","12/11/2025 12:52:49","12/11/2025 12:52:49"
"CMVTP210","Polizia Locale Comune di Vitorchiano (VT)","M086","3248","13/06/2011","mobile, a velocità istantanea","ELTRAFF","Tele Laser Tru-cam","Telelaser Tru-Cam","TC001302","","27/11/2025 09:27:53","27/11/2025 09:27:53"
"CMVTP210","Polizia Locale Comune di Vitorchiano (VT)","M086","3758","06/08/2014","mobile, a velocità istantanea","SODI Scientifica","Autovelox 106","Autovelox 106","947165","","27/11/2025 09:27:53","27/11/2025 09:27:53"
"CMVTP210","Polizia Locale Comune di Vitorchiano (VT)","M086","3758","06/08/2014","mobile, a velocità istantanea","SODI Scientifica","Autovelox 106","Autovelox 106","955408","","27/11/2025 09:27:53","27/11/2025 09:27:53"
"CMVTP217","POLIZIA LOCALE COMUNE DI VASANELLO","CMVTP21701","367","29/09/2025","APPARECCHIATURA ELETTRONICA MOBILE","SODI SCENTIFICA","AUTOVELOX 106","Autovelox106_04/02/25_955408","956831","dispositivo mobile","01/12/2025 14:53:41","01/12/2025 14:53:41"
"CMVTP217","POLIZIA LOCALE COMUNE DI VASANELLO","CMVTP21701","367","29/09/2025","APPARECCHIATURA ELETTRONICA MOBILE","SODI SCENTIFICA","AUTOVELOX 106","Autovelox106_04/02/25_955408","956831","dispositivo mobile","01/12/2025 14:53:41","01/12/2025 14:53:41"
"CMVTP223","polizia provinciale di Viterbo","nd","20923","02.03.2007","fisso-mobile","eltraff","velomatic","512d","7163-7208","estensione di approvazione 5913 del 17.12.2014","28/11/2025 11:36:41","28/11/2025 11:36:41"
"CMVTP227","COMUNE DI BASSANO IN TEVERINA (VT) - POLIZIA LOCALE","A706","3758 DEL 06,08,2014","3758 DEL 06,08,2014","mobile","SODI SCIENTIFICA","Autovelox 106","Autovelox 106_04-02-25_955408","955408","dispositivo mobile per il controllo elettronico violazioni della velocità","21/11/2025 12:11:27","21/11/2025 12:11:27"
"CMVTP227","COMUNE DI BASSANO IN TEVERINA (VT) - POLIZIA LOCALE","A706","3758 DEL 06,08,2014","3758 DEL 06,08,2014","mobile","SODI SCIENTIFICA","Autovelox 106","Autovelox 106_04-02-25_955408","955408","dispositivo mobile per il controllo elettronico violazioni della velocità","21/11/2025 12:11:27","21/11/2025 12:11:27"
"CMVTP228","COMUNE DI BAGNOREGIO- UFFICIO POLIZIA LOCALE","A577","183","01/06/2020","Autovelox","Engine S.r.l.","Enves EVO MWD","1605","0X00032BCF","","13/11/2025 13:38:10","13/11/2025 13:38:10"
"CMVTP234","CMVTP23401","POLIZIA LOCALE COMUNE DI MONTE ROMANO","F603","380","26/07/2024","RILEVAMENTO PUNTUALE IN POSTAZIONE FISSA","SODI","AUTOVELOX","106 BIDI","959318","28/11/2025 18:39:32","28/11/2025 18:39:32"
"CMVTP234","CMVTP23401","POLIZIA LOCALE COMUNE DI MONTE ROMANO","F603","380","26/07/2024","RILEVAMENTO PUNTUALE IN POSTAZIONE FISSA","SODI","AUTOVELOX","106 BIDI","956836","28/11/2025 18:39:32","28/11/2025 18:39:32"
"CMVTP234","CMVTP23401","POLIZIA LOCALE COMUNE DI MONTE ROMANO","F603","20923","02/03/2007","FISSO/MOBILE","ELTRAFF","VELOMATIC","512D","5044 - 5047","28/11/2025 18:39:32","28/11/2025 18:39:32"
"CMVVP210","Comando di Polizia Locale di Pizzo(VV)","F537","5298-4910-5072-7175","27/10/2011-16/10/2014-27/10/2014-29/12/2016","AUTOVELOX FISSO RILEVAZIONE VELOCITA MEDIA","KRIA","T-EXSPEED","2.0","2126(AU)286(EU)","S.P. 95 EX S.S. 522 dal km 2 + 030","28/11/2025 13:19:34","28/11/2025 13:19:34"
"CMVVP210","Comando di Polizia Locale di Pizzo(VV)","F537","5298-4910-5072-7175","27/10/2011-16/10/2014-27/10/2014-29/12/2016","AUTOVELOX FISSO RILEVAZIONE VELOCITA MEDIA","KRIA","T-EXSPEED","2.0","2128(AU)290(EU)","S.P. 95 EX S.S. 522 dal km 3 + 010","28/11/2025 13:19:34","28/11/2025 13:19:34"
"CPSPP200","CAPITANERIA DI PORTO - GUARDIA COSTIERA LA SPEZIA","E463","4199","08/09/1997","rivelatore di velocità in modalità istantanea","ELTRAFF","Telelaser","LTI 20-20","matr. 013210","","12/03/2026 10:23:34","12/03/2026 10:23:33"
"MIRM0001","PROV CC RAVENNA","ND","1824","20/03/2000","MOBILE","ELTRAFF","TELELASER","MICRODIGICAM","UL022525","Estensione di approvazione 534 del 08/05/2003","11/12/2025 14:36:42","11/12/2025 14:36:42"
"PRPOP200","POLIZIA PROVINCIALE DI PRATO","G999","1824","20/03/2000","TELELASER ULTRALYTE","ELTRAFF S.R.L.","ULTRALYTE","TELELASER","UL009963","","28/10/2025 09:14:35","28/10/2025 09:14:35"
"PRPZP200","polizia provinciale di potenza","g942","3248","13/06/2011","mobile","eltraff","telelaser","trucam hd","TC010172","Estensione di approvazione 0000242 del 05/07/2018","22/10/2025 11:45:45","22/10/2025 11:45:45"
"PVAPP200","COMANDO POLIZIA PROVINCIALE DI ASCOLI PICENO","A462","342","02/10/2025","dispositivo rilevatore velocita' istantanea fisso","Safety21 S.p.A.","Velocar Red&Speed EVO-R","ND","454","Dec.App.n.4708_01/08/2016 Dec.sub.tit.n.227_04/07/2025 SP 227 Raccordo Ascoli Mare-Porto d'Ascoli al km 0+768 direzione Martinsicuro","28/10/2025 09:58:39","28/10/2025 09:58:39"
"PVAPP200","COMANDO POLIZIA PROVINCIALE DI ASCOLI PICENO","A462","342","02/10/2025","dispositivo rilevatore velocita' istantanea fisso","Safety21 S.p.A.","Velocar Red&Speed EVO-R","ND","455","Dec.App.n.4708_01/08/2016 Dec.sub.tit.n.227_04/07/2025 SP 227 Raccordo Ascoli Mare-Porto d'Ascoli al km 1+757 direzione Porto d'Ascoli","28/10/2025 09:58:39","28/10/2025 09:58:39"
"PVATP200","POLIZIA PROVINCIALE DI ASTI","A479","550","23/12/2021","Dispositivo rilevamento velocità istantanea fisso","Engine S.p.A.","EnVES EVO MVD 1605","ND","AM1416H-0x000399DF","S.P. 28 di Valle Belbo km 21+208 dir. Nizza Monferrato","03/11/2025 17:13:05","03/11/2025 17:13:05"
"PVATP200","POLIZIA PROVINCIALE DI ASTI","A479","550","23/12/2021","Dispositivo rilevamento velocità istantanea fisso","Engine S.p.A.","EnVES EVO MVD 1605","ND","AQ1942H-0x000399EB","S.P. 58 Asti-Alba km 8+696 dir. Asti","03/11/2025 17:13:05","03/11/2025 17:13:05"
"PVATP200","POLIZIA PROVINCIALE DI ASTI","A479","555","24/12/2021","Dispositivo rilevamento velocità istantanea fisso","Engine S.p.A.","CELERITAS MVD 2020","ND","AP0136K-0x0003A2D0","S.S. 231 km 4+100 dir. Alba","03/11/2025 17:13:05","03/11/2025 17:13:05"
"PVATP200","POLIZIA PROVINCIALE DI ASTI","A479","555","24/12/2021","Dispositivo rilevamento velocità istantanea fisso","Engine S.p.A.","CELERITAS MVD 2020","ND","AN0077K-0x0003A2FE","S.S. 231 km 3+800 dir. Casale Monferrato","03/11/2025 17:13:05","03/11/2025 17:13:05"
"PVATP200","POLIZIA PROVINCIALE DI ASTI","A479","555","24/12/2021","Dispositivo rilevamento velocità istantanea fisso","Engine S.p.A.","CELERITAS MVD 2020","ND","AN0064K-0x0003A2CE","S.P. 29/A del Colle di Cadibona km 5+015 dir. Villanova d'Asti","03/11/2025 17:13:05","03/11/2025 17:13:05"
"PVATP200","POLIZIA PROVINCIALE DI ASTI","A479","555","24/12/2021","Dispositivo rilevamento velocità istantanea fisso","Engine S.p.A.","CELERITAS MVD 2020","ND","AN0062K-0x0003A217","S.P. 29/A del Colle di Cadibona Km 5+920 dir. Poirino","03/11/2025 17:13:05","03/11/2025 17:13:05"
"PVATP200","POLIZIA PROVINCIALE DI ASTI","A479","290","25/07/2023","Dispositivo rilevamento velocità media","Engine S.p.A.","CELERITAS MVD 2022","ND","non applicabile","S.S. 456 del Turchino dir. Asti: Portale 1 km 24+580 (ID AP0165K); Portale 2 km 23+555 (ID AP0168K)","03/11/2025 17:13:05","03/11/2025 17:13:05"
"PVATP200","POLIZIA PROVINCIALE DI ASTI","A479","290","25/07/2023","Dispositivo rilevamento velocità media","Engine S.p.A.","CELERITAS MVD 2022","ND","non applicabile","S.S. 456 del Turchino dir. Nizza Monferrato: Portale 1 km 23+555 (ID AP0166K); Portale 2 km 24+580 (ID AP0167K)","03/11/2025 17:13:05","03/11/2025 17:13:05"
"PVATP200","POLIZIA PROVINCIALE DI ASTI","A479","290","25/07/2023","Dispositivo rilevamento velocità media","Engine S.p.A.","CELERITAS MVD 2022","ND","non applicabile","S.P. 458 di Casalborgone dir. Asti: Portale 1 km 41+940 (ID AQ0228K); Portale 2 km 43+350 (ID AQ0232K)","03/11/2025 17:13:05","03/11/2025 17:13:05"
"PVATP200","POLIZIA PROVINCIALE DI ASTI","A479","290","25/07/2023","Dispositivo rilevamento velocità media","Engine S.p.A.","CELERITAS MVD 2022","ND","non applicabile","S.P. 458 di Casalborgone dir. Casalborgone: Portale 1 km 43+350 (ID AQ0229K); Portale 2 km 41+940 (ID AP0174K)","03/11/2025 17:13:05","03/11/2025 17:13:05"
"PVATP200","POLIZIA PROVINCIALE DI ASTI","A479","550","23/12/2021","Dispositivo rilevamento velocità istantanea mobile","Engine S.p.A.","EnVES EVO MVD 1605","ND","AN1638H-0x00039A50","","03/11/2025 17:13:05","03/11/2025 17:13:05"
"PVATP200","POLIZIA PROVINCIALE DI ASTI","A479","242","05/07/2018","Dispositivo rilevamento velocità istantanea mobile","Eltraff S.r.l.","Telelaser Tru-Cam","Telelaser TruCam HD","TC012992","","03/11/2025 17:13:05","03/11/2025 17:13:05"
"PVBAP200","polizia metropolitana di bari","l571","n°3758","06.08.2014","rilevatore di velocità in modalità instantanea","sodi scientifica","autovelox","106","rilevatore n°958774 e cpu °959169","","07/10/2025 06:30:20","07/10/2025 06:30:20"
"PVBOP200","Città metropolitana di Bologna","F083","549","21/12/2021","Dispositivo fisso misura velocità istantanea","Project Automation SpA","K53800_SPEED","non presente","PASPEEDn22024011202","Autorizzato con decreto del Prefetto di Bologna n. 2666 del 09/01/2026 su S.S. 253bis Trasversale di Pianura km 39+457 dir. Ravenna","15/01/2026 15:59:52","15/01/2026 15:59:52"
"PVBOP200","Città metropolitana di Bologna","F083","549","21/12/2021","Dispositivo fisso misura velocità istantanea","Project Automation SpA","K53800_SPEED","non presente","PASPEEDn22023030928","Autorizzato con decreto del Prefetto di Bologna n. 2666 del 09/01/2026 su S.S. 253bis Trasversale di Pianura km 40+760 dir. Bologna","15/01/2026 15:59:52","23/10/2025 13:13:45"
"PVBOP200","Città metropolitana di Bologna","F083","549","21/12/2021","Dispositivo fisso misura velocità istantanea","Project Automation SpA","K53800_SPEED","non presente","PASPEEDn22023030924","Autorizzato con decreto del Prefetto di Bologna n. 2666 del 09/01/2026 su SS 253 San Vitale km 20+020 dir. Ravenna","15/01/2026 15:59:52","23/10/2025 13:13:45"
"PVBOP200","Città metropolitana di Bologna","E289","549","21/12/2021","Dispositivo fisso misura velocità istantanea","Project Automation SpA","K53800_SPEED","non presente","PASPEEDn22023010811","Autorizzato con decreto del Prefetto di Bologna n. 2666 del 09/01/2026 su SP610 Selice o Montanara km 22+212 dir. Imola","15/01/2026 15:59:52","23/10/2025 13:13:45"
"PVBOP200","Città metropolitana di Bologna","A944","549","21/12/2021","Dispositivo fisso misura velocità istantanea","Project Automation SpA","K53800_SPEED","non presente","PASPEEDn22023030926","Autorizzato con decreto del Prefetto di Bologna n. 2666 del 09/01/2026 su SS 569 di Vignola km 41+720 dir. Bologna","15/01/2026 15:59:52","23/10/2025 13:13:45"
"PVBOP200","Città metropolitana di Bologna","M185","549","21/12/2021","Dispositivo fisso misura velocità istantanea","Project Automation SpA","K53800_SPEED","non presente","PASPEEDn22023030920","Autorizzato con decreto del Prefetto di Bologna n. 2666 del 09/01/2026 su SS 569 di Vignola km 40+745 dir. Valsamoggia","15/01/2026 15:59:52","23/10/2025 13:13:45"
"PVBOP200","Città metropolitana di Bologna","E289","549","21/12/2021","Dispositivo fisso misura velocità istantanea","Project Automation SpA","K53800_SPEED","non presente","PASPEEDn22023030929","Autorizzato con decreto del Prefetto di Bologna n. 2666 del 09/01/2026 su SP 610 Selice o Montanara km 22+833 dir. Argenta","15/01/2026 15:59:52","23/10/2025 13:13:45"
"PVBOP200","Città metropolitana di Bologna","B399","549","21/12/2021","Dispositivo fisso misura velocità istantanea","Project Automation SpA","K53800_SPEED","non presente","PASPEEDn22023030930","Autorizzato con decreto del Prefetto di Bologna n. 2666 del 09/01/2026 su SS 568 di Crevalcore km 33+934 dir. San Giovanni in Persiceto","15/01/2026 15:59:52","23/10/2025 13:13:45"
"PVBOP200","Città metropolitana di Bologna","I191","549","21/12/2021","Dispositivo fisso misura velocità istantanea","Project Automation SpA","K53800_SPEED","non presente","PASPEEDn22023030813","Autorizzato con decreto del Prefetto di Bologna n .2666 del 09/01/2026 su SP 255 di San Matteo della Decima km 16+160 dir. Sant'Agata Bolognese","15/01/2026 15:59:52","23/10/2025 13:13:45"
"PVBOP200","Città metropolitana di Bologna","A785","549","21/12/2021","Dispositivo fisso misura velocità istantanea","Project Automation SpA","K53800_SPEED","non presente","PASPEEDn22023030917","Autorizzato con decreto del Prefetto di Bologna n. 2666 del 09/01/2026 su SP 45 Saliceto km 6+660 dir. Bentivoglio","15/01/2026 15:59:52","10/11/2025 16:06:09"
"PVBOP200","Città metropolitana di Bologna","I110","549","21/12/2021","Dispositivo fisso misura velocità istantanea","Project Automation SpA","K53800_SPEED","non presente","PASPEEDn22023010809","Autorizzato con decreto del Prefetto di Bologna n. 2666 del 09/01/2026 su SP 4  Galliera km 18+742 dir. San Pietro in Casale","15/01/2026 15:59:52","23/10/2025 13:13:45"
"PVBOP200","Città metropolitana di Bologna","G467","549","21/12/2021","Dispositivo fisso misura velocità istantanea","Project Automation SpA","K53800_SPEED","non presente","PASPEEDn22023030814","Autorizzato con decreto del Prefetto di Bologna n. 2666 del 09/01/2026 su SP 255 di San Matteo della Decima km 32+764 dir. Cento","15/01/2026 15:59:52","23/10/2025 13:13:45"
"PVBOP200","Città metropolitana di Bologna","A392","549","21/12/2021","Dispositivo fisso misura velocità istantanea","Project Automation SpA","K53800_SPEED","non presente","PASPEEDn22023010810","Autorizzato con decreto del Prefetto di Bologna n. 2666 del 09/01/2026 su SP 42 Centese km 5+984 dir. Castello d'Argile","15/01/2026 15:59:52","23/10/2025 13:13:45"
"PVBOP200","Città metropolitana di Bologna","B249","549","21/12/2021","Dispositivo fisso misura velocità istantanea","Project Automation SpA","K53800_SPEED","non presente","PASPEEDn22023010812","Autorizzato con decreto del Prefetto di Bologna n. 2666 del 09/01/2026 su SP 6 Zenzalino km 6+872 dir. Molinella","15/01/2026 15:59:52","23/10/2025 13:13:45"
"PVBOP200","Città metropolitana di Bologna","B249","549","21/12/2021","Dispositivo fisso misura velocità istantanea","Project Automation SpA","K53800_SPEED","non presente","PASPEEDn22023030915","Autorizzato con decreto del Prefetto di Bologna n. 2666 del 09/01/2026 su SP 6 Zenzalino km 6+181 dir. Budrio","15/01/2026 15:59:52","23/10/2025 13:13:45"
"PVBOP200","Città metropolitana di Bologna","C292","549","21/12/2021","Dispositivo fisso misura velocità istantanea","Project Automation SpA","K53800_SPEED","non presente","PASPEEDn22023121185","Autorizzato con decreto del Prefetto di Bologna n. 2666 del 09/01/2026 su SS 253 San Vitale km 12+006 dir. Medicina","15/01/2026 15:59:52","10/11/2025 16:06:09"
"PVBOP200","Città metropolitana di Bologna","D668","549","21/12/2021","Dispositivo fisso misura velocità istantanea","Project Automation SpA","K53800_SPEED","non presente","PASPEEDn22023030921","Autorizzato con decreto del Prefetto di Bologna n. 2666 del 09/01/2026 su SP 610 Selice o Montanara km 47+123 dir. Fontanelice","15/01/2026 15:59:52","23/10/2025 13:13:45"
"PVCNP200","Provincia di Cuneo","D205","555","24/12/2021","Apparato rilevamento velocità istantanea","EngiNe S.p.A. 53040 Rapolano Terme (SI)","CELERITAS MVD 2020","ENG AI Classifier release 1.1.0","0x0004403E fino al 29/1/26, 0x000A2D3 dal 2/2/26","Versione dispositivo con IA su chip di accelerazione neurale su sistema di elaborazione VistaEnVES09-4KM-CTX","09/02/2026 14:44:22","09/02/2026 14:44:22"
"PVCRP200","Polizia Locale Provincia di Cremona","D150","549","21/12/2021","Fisso","PROJECT AUTOMATION","AUTOVELOX","K53800_SPEED PASPEED","22024011203","Bidirezionale","27/10/2025 17:38:24","27/10/2025 17:38:24"
"PVCRP200","Polizia Locale Provincia di Cremona","D150","1565","02/04/2014","Fisso","PROJECT AUTOMATION","AUTOVELOX","PASVC","1510019058","Monodirezionale","27/10/2025 17:38:24","27/10/2025 17:38:24"
"PVCRP200","Polizia Locale Provincia di Cremona","D150","1565","02/04/2014","Fisso","PROJECT AUTOMATION","AUTOVELOX","PASVC","1510019066","Monodirezionale","27/10/2025 17:38:24","27/10/2025 17:38:24"
"PVCRP200","Polizia Locale Provincia di Cremona","D150","1565","02/04/2014","Fisso","PROJECT AUTOMATION","AUTOVELOX","PASVC","1410005524","Monodirezionale","27/10/2025 17:38:24","27/10/2025 17:38:24"
"PVCRP200","Polizia Locale Provincia di Cremona","D150","1565","02/04/2014","Fisso","PROJECT AUTOMATION","AUTOVELOX","PASVC","1510019038","Monodirezionale","27/10/2025 17:38:24","27/10/2025 17:38:24"
"PVCRP200","Polizia Locale Provincia di Cremona","D150","5913","17/12/2014","Mobile","ELTRAFF","AUTOVELOX","VELOMATIC 512D","4607(ROE) – 4609(RVC) – 4610(MVAS)","Bidirezionale","27/10/2025 17:38:25","27/10/2025 17:38:25"
"PVFEP200","Polizia Provinciale Ferrara","D548","3338","31/05/2017","Velocitˆ Media Fisso","Movyon","SICVe-PM","UEL6 - Spire","Non applicabile","SP15 ""del mare"" dal Km 13+190 al Km 15+990 Direzione Est","04/11/2025 18:16:59","03/11/2025 09:10:24"
"PVFEP200","Polizia Provinciale Ferrara","D548","3338","31/05/2017","Velocitˆ Media Fisso","Movyon","SICVe-PM","UEL6 - Spire","Non applicabile","SP15 ""del mare"" dal Km 15+990 al Km 13+190 Direzione Ovest","04/11/2025 18:16:59","03/11/2025 09:10:24"
"PVFEP200","Polizia Provinciale Ferrara","D548","3338","31/05/2017","Velocitˆ Media Fisso","Movyon","SICVe-PM","UEL6 - Spire","Non applicabile","SP2  ""di Copparo""  Km 4+770 al Km 6+670 Direzione Est","04/11/2025 18:16:59","03/11/2025 09:10:24"
"PVFEP200","Polizia Provinciale Ferrara","D548","3338","31/05/2017","Velocitˆ Media Fisso","Movyon","SICVe-PM","UEL6 - Spire","Non applicabile","SP2  ""di Copparo""  Km  6+670  al Km 4+770 Direzione Ovest","04/11/2025 18:16:59","03/11/2025 09:10:24"
"PVFEP200","Polizia Provinciale Ferrara","A965","3338","31/05/2017","Velocitˆ Media Fisso","Movyon","SICVe-PM","UEL6 - Spire","Non applicabile","SP9  ""Bondeno-Casumaro""  Km 1+440 al Km 2+800 Direzione Sud","04/11/2025 18:16:59","03/11/2025 09:10:24"
"PVFEP200","Polizia Provinciale Ferrara","A965","3338","31/05/2017","Velocitˆ Media Fisso","Movyon","SICVe-PM","UEL6 - Spire","Non applicabile","SP9  ""Bondeno-Casumaro""  Km 2+800 al Km 1+440 Direzione Nord","04/11/2025 18:16:59","03/11/2025 09:10:24"
"PVFEP200","Polizia Provinciale Ferrara","E320","3338","31/05/2017","Velocitˆ Media Fisso","Movyon","SICVe-PM","UEL6 - Spire","Non applicabile","SP60  ""Gran Linea""  Km 1+500 al Km 3+260 Direzione Est","04/11/2025 18:16:59","03/11/2025 09:10:24"
"PVFEP200","Polizia Provinciale Ferrara","E320","3338","31/05/2017","Velocitˆ Media Fisso","Movyon","SICVe-PM","UEL6 - Spire","Non applicabile","SP60  ""Gran Linea""  Km 3+260 al Km 1+500 Direzione Ovest","04/11/2025 18:16:59","03/11/2025 09:10:24"
"PVFEP200","Polizia Provinciale Ferrara","D548","3338","31/05/2017","Velocitˆ Puntuale Fisso","Movyon","SICVe-PM","UEL3 - Spire","UEL3-0EC68A (UEL3) + 145793 (URV)","P69  ""Virgiliana""  Km 60-600 - Est-Ovest","04/11/2025 18:16:59","03/11/2025 09:10:24"
"PVFEP200","Polizia Provinciale Ferrara","D548","3338","31/05/2017","Velocitˆ Puntuale Fisso","Movyon","SICVe-PM","UEL6 - Spire","UEL6-4AFECE (UEL6) + 1401003192 (URV)","SP25  ""Poggio Renatico - Santa Maria Codifiume""  Km 7-290 - Nord","04/11/2025 18:16:59","03/11/2025 09:10:24"
"PVFIP000","Città Metropolitana di Firenze","D612","3758","06.08.14","Rilevatore di velocità in modalità istantanea","Sodi Scientifica","Autovelox 106","non presente","Rilevatore 956754 - 956756 CPU 958093","","14/11/2025 09:13:31","10/10/2025 16:05:14"
"PVFIP000","Città Metropolitana di Firenze","D612","3758","06.08.14","Rilevatore di velocità in modalità istantanea","Sodi Scientifica","Autovelox 106","SE","Rilevatore959582 - 959599 CPU 961483","","14/11/2025 09:13:31","14/11/2025 09:13:31"
"PVFIP000","Città Metropolitana di Firenze","D612","3758","06.08.14","Rilevatore di velocità in modalità istantanea","Sodi Scientifica","Autovelox 106","non presente","Rilevatore 956776 - 956757 CPU 957931","","14/11/2025 09:13:31","10/10/2025 16:05:14"
"PVFIP000","Città Metropolitana di Firenze","D612","3758","06.08.14","Rilevatore di velocità in modalità istantanea","Sodi Scientifica","Autovelox 106","SE","Rilevatore 960478 - 960479 CPU 961481","","14/11/2025 09:13:31","14/11/2025 09:13:31"
"PVFIP000","Città Metropolitana di Firenze","D612","20923","02.03.07","fisso/mobile","Eltraff","Velomatic","512D+","7646 - 7724","Estensione di approvazione 0000054 del 08/03/2021","14/11/2025 09:13:31","14/11/2025 09:13:31"
"PVFIP000","Città Metropolitana di Firenze","D612","4199","08.09.97","mobile","Eltraff","Telelaser","LTI 20-20","013215/1206","Estensione di approvazione 4353 del 15/09/1997","14/11/2025 09:13:31","10/10/2025 16:05:14"
"PVFIP000","Città Metropolitana di Firenze","D612","1824","20.03.00","mobile","Eltraff","Telelaser","Microdigicam","UL007306/MV000141","","14/11/2025 09:13:31","10/10/2025 16:05:14"
"PVFOP001","PROVINCIA_DI_FORLI_CESENA-POLIZIA_PROVINCIALE","D704","549","21/12/2021","Fisso","PROJECT_AUTOMATION_S.P.A.","K53800_SPEED","non presente","PASPEEDn22022030414","non presenti","31/10/2025 12:46:53","31/10/2025 12:46:53"
"PVFOP001","PROVINCIA_DI_FORLI_CESENA-POLIZIA_PROVINCIALE","D704","549","21/12/2021","Fisso","PROJECT_AUTOMATION_S.P.A.","K53800_SPEED","non presente","PASPEEDn22022030414","non presenti","31/10/2025 12:46:53","31/10/2025 12:46:53"
"PVFOP001","PROVINCIA_DI_FORLI_CESENA-POLIZIA_PROVINCIALE","D704","549","21/12/2021","Fisso","PROJECT_AUTOMATION_S.P.A.","K53800_SPEED","non presente","PASPEEDn22023121178","non presenti","31/10/2025 12:46:53","31/10/2025 12:46:53"
"PVFOP001","PROVINCIA_DI_FORLI_CESENA-POLIZIA_PROVINCIALE","D704","549","21/12/2021","Fisso","PROJECT_AUTOMATION_S.P.A.","K53800_SPEED","non presente","PASPEEDn22023121187","non presenti","31/10/2025 12:46:53","31/10/2025 12:46:53"
"PVFOP001","PROVINCIA_DI_FORLI_CESENA-POLIZIA_PROVINCIALE","D704","549","21/12/2021","Fisso","PROJECT_AUTOMATION_S.P.A.","K53800_SPEED","non presente","PASPEEDn22023121188","non presenti","31/10/2025 12:46:53","31/10/2025 12:46:53"
"PVGRP200","PROVINCIA DI GROSSETO 2 - POLIZIA PROV.LE","E202","3758","06/08/2014","RILEVATORE MOBILE","SODI SCIENTIFICA s.r.l.","AUTOVELOX","106","956752","CONFERMA DI APPROVAZIONE 476 09/12/2025","23/02/2026 13:20:02","06/10/2025 08:55:51"
"PVGRP200","PROVINCIA DI GROSSETO 2 - POLIZIA PROV.LE","E202","3758","06/08/2014","CPU MOBILE","SODI SCIENTIFICA s.r.l.","AUTOVELOX","106","957936","CONFERMA DI APPROVAZIONE 476 09/12/2025","23/02/2026 13:20:02","06/10/2025 08:55:51"
"PVGRP200","PROVINCIA DI GROSSETO 2 - POLIZIA PROV.LE","E202","3758","06/08/2014","RILEVATORE MOBILE","SODI SCIENTIFICA s.r.l.","AUTOVELOX","106","951197","CONFERMA DI APPROVAZIONE 476 09/12/2025","23/02/2026 13:20:02","06/10/2025 08:55:51"
"PVGRP200","PROVINCIA DI GROSSETO 2 - POLIZIA PROV.LE","E202","3758","06/08/2014","CPU MOBILE","SODI SCIENTIFICA s.r.l.","AUTOVELOX","106","950250","CONFERMA DI APPROVAZIONE 476 09/12/2025","23/02/2026 13:20:02","06/10/2025 08:55:51"
"PVGRP200","PROVINCIA DI GROSSETO 2 - POLIZIA PROV.LE","E202","20923","02/03/2007","RILEVATORE MOBILE","ELTRAFF s.r.l.","VELOMATIC","512 D","897","CONFERMA DI APPROVAZIONE 39 17/02/2026","23/02/2026 13:20:02","06/10/2025 08:55:51"
"PVGRP200","PROVINCIA DI GROSSETO 2 - POLIZIA PROV.LE","E202","20923","02/03/2007","UNITA’ DI COMANDO MVAS MOBILE","ELTRAFF s.r.l.","VELOMATIC","512 D","1107","CONFERMA DI APPROVAZIONE 39 17/02/2026","23/02/2026 13:20:02","06/10/2025 08:55:51"
"PVGRP200","PROVINCIA DI GROSSETO 2 - POLIZIA PROV.LE","E202","3758","06/08/2014","RILEVATORE MOBILE","SODI SCIENTIFICA s.r.l.","AUTOVELOX","105","941013","ESTENSIONE DI APPROVAZIONE 80 DEL 21/02/2024. ATTUALMENTE COMODATO D’USO GRATUITO ALL’ENTE COMUNE DI GAVORRANO","23/02/2026 13:20:02","06/10/2025 08:55:51"
"PVGRP200","PROVINCIA DI GROSSETO 2 - POLIZIA PROV.LE","E202","3758","06/08/2014","CPU MOBILE","SODI SCIENTIFICA s.r.l.","AUTOVELOX","105","941401","ESTENSIONE DI APPROVAZIONE 80 DEL 21/02/2024. ATTUALMENTE COMODATO D’USO GRATUITO ALL’ENTE COMUNE DI GAVORRANO","23/02/2026 13:20:02","06/10/2025 08:55:51"
"PVGRP200","PROVINCIA DI GROSSETO 2 - POLIZIA PROV.LE","E202","1824","20/03/2000","RILEVATORE MOBILE","ELTRAFF s.r.l.","TELELASER","ULTRALYTE","UL006178","","23/02/2026 13:20:02","06/10/2025 08:55:51"
"PVLTP200","POLIZIA PROVINCIALE DI LATINA","E472","290","25/07/2023","Apparato di rilevamento di velocita' istantanea","EngiNe S.p.A.","CELERITAS MVD 2022","'-","0X0004403B","Spigno Saturnia SR 630 Ausonia KM 26+890 direzione Cassino","15/10/2025 09:47:13","15/10/2025 09:47:13"
"PVLTP200","POLIZIA PROVINCIALE DI LATINA","E472","290","25/07/2023","Apparato di rilevamento di velocita' istantanea","EngiNe S.p.A.","CELERITAS MVD 2022","'-","0X00044039","Sabaudia SP 46 Litoranea KM 10+200 direzione Latina","15/10/2025 09:47:13","15/10/2025 09:47:13"
"PVLTP200","POLIZIA PROVINCIALE DI LATINA","E472","290","25/07/2023","Apparato di rilevamento di velocita' istantanea","EngiNe S.p.A.","CELERITAS MVD 2022","'-","0X00043FEF","Latina SP 46 Litoranea KM 7+700 direzione Sabaudia","15/10/2025 09:47:13","15/10/2025 09:47:13"
"PVMBP200","PROVINCIA DI MONZA E BRIANZA","F704E","549","21/12/2021","Dispos. di rilevam. Infraz. ai limiti max. di vel.","Project Automation S.p.A.","K53800_SPEED","n.a","PASPEEDn22023010801","n.a","28/10/2025 10:00:17","28/10/2025 10:00:17"
"PVMEP200","PROVINCIA DI MESSINA - POLIZIA PROVINCIALE","F158","80","21/02/2024","AUTOVELOX MOBILE","SODI SCIENTIFICA SRL","AUTOVELOX 106","106","958578","","28/11/2025 15:24:53","28/11/2025 15:24:53"
"PVMEP200","PROVINCIA DI MESSINA - POLIZIA PROVINCIALE","F158","325","27/09/2019","AUTOVELOX MOBILE","SODI SCIENTIFICA SRL","AUTOVELOX 106","106","954628","","28/11/2025 15:24:53","28/11/2025 15:24:53"
"PVMNP200","PROVINCIA DI MANTOVA - POLIZIA PROVINCIALE","E897","236","05/06/2023","FISSO","KRIA","T-EXSPEED 4,0","089089051321AA0","4410174","","21/10/2025 12:45:44","21/10/2025 12:45:44"
"PVMNP200","PROVINCIA DI MANTOVA - POLIZIA PROVINCIALE","E897","236","05/06/2023","FISSO","KRIA","T-EXSPEED 4,0","089089051321AA0","4410175","","21/10/2025 12:45:44","21/10/2025 12:45:44"
"PVMNP200","PROVINCIA DI MANTOVA - POLIZIA PROVINCIALE","E897","236","05/06/2023","FISSO","KRIA","T-EXSPEED 4,0","089089051321AA0","4410178","","21/10/2025 12:45:44","21/10/2025 12:45:44"
"PVMNP200","PROVINCIA DI MANTOVA - POLIZIA PROVINCIALE","E897","236","05/06/2023","FISSO","KRIA","T-EXSPEED 4,0","089089051321AA0","4410183","","21/10/2025 12:45:44","21/10/2025 12:45:44"
"PVMSP000","Polizia Provinciale di Massa Carrara (MS)","ND","288","17/01/2018","Dispositivo rilevamento velocità istantanea","Engine S.p.A.","EnVes EVO MVD","1507","CMP3765520","trattasi di apparecchiatura utilizza in modalità mobile.","17/11/2025 12:23:23","17/11/2025 12:23:23"
"PVPCP000","PROVINCIA DI PIACENZA POLIZIA PROVINCIALE","G535","103683","30/12/2010","RILEVATORE VELOCITA'","ELTRAFF","VELOMATIC 512D","MONODIREZIONALE","00724-00808","","21/10/2025 16:10:43","21/10/2025 16:10:43"
"PVPCP000","PROVINCIA DI PIACENZA POLIZIA PROVINCIALE","G535","5913","17/11/2014","RILEVATORE VELOCITA'","ELTRAFF","VELOMATIC 512D 2F","BIDIREZIONALE","6528-6694","","21/10/2025 16:10:43","21/10/2025 16:10:43"
"PVPCP000","PROVINCIA DI PIACENZA POLIZIA PROVINCIALE","G535","1824","20/03/2000","RILEVATORE VELOCITA'","ELTRAFF","TELELASER ULTRALYTE","CON MICRO DIGI-CAM MATR. MV001283","UL004765","","21/10/2025 16:10:43","21/10/2025 16:10:43"
"PVPCP000","PROVINCIA DI PIACENZA POLIZIA PROVINCIALE","G535","1323","08/03/2012","RILEVATORE VELOCITA'","SINTEL ITALIA SPA","SCOUT SPEED","CON TELECAMERA MOD. UI-2240SE-M-GL","4100","","21/10/2025 16:10:43","21/10/2025 16:10:43"
"PVPSP000","Polizia Locale Provinciale Provincia Pesaro Urbino","41","1824","20/03/2000","mobile","eltraff","telelaser","microdigicam","ul012682","Estensione di approvazione 534 del 08/05/2003","28/11/2025 07:25:58","28/11/2025 07:25:58"
"PVRAP001","POLIZIA LOCALE PROVINCIA DI RAVENNA","E730","6099","18/11/2015","misuratore di velocità automatico fisso","Safety21 S.p.A.","Velocar RedSpeed EVO","VRS-EVO-L1","252","decreto approvazione 814 del 24-02-2015 e decreto 227 del 04/07/2025","24/11/2025 10:34:25","05/11/2025 11:55:09"
"PVRAP001","POLIZIA LOCALE PROVINCIA DI RAVENNA","E730","6099","18/11/2015","misuratore di velocità automatico fisso","Safety21 S.p.A.","Velocar RedSpeed EVO","VRS-EVO-L1","251","decreto approvazione 814 del 24-02-2015 e decreto 227 del 04/07/2025","24/11/2025 10:34:25","05/11/2025 11:55:09"
"PVRAP001","POLIZIA LOCALE PROVINCIA DI RAVENNA","E730","6099","18/11/2015","misuratore di velocità automatico fisso","Safety21 S.p.A.","Velocar RedSpeed EVO","VRS-EVO-L1","177","decreto approvazione 814 del 24-02-2015 e decreto 227 del 04/07/2025","24/11/2025 10:34:25","05/11/2025 11:55:09"
"PVRAP001","POLIZIA LOCALE PROVINCIA DI RAVENNA","D458","6099","18/11/2015","misuratore di velocità automatico fisso","Safety21 S.p.A.","Velocar RedSpeed EVO","VRS-EVO-L1","222","decreto approvazione 814 del 24-02-2015 e decreto 227 del 04/07/2025","24/11/2025 10:34:25","05/11/2025 11:55:09"
"PVRAP001","POLIZIA LOCALE PROVINCIA DI RAVENNA","A191","342","02/10/2025","misuratore di velocità automatico fisso","Safety21 S.p.A.","Velocar RedSpeed EVO-R","EVO-R","300","decreto approvazione 4708 del 01/08/2016 e decreto 227 del 04/07/2025","24/11/2025 10:34:25","05/11/2025 11:55:09"
"PVRAP001","POLIZIA LOCALE PROVINCIA DI RAVENNA","H199","342","02/10/2025","misuratore di velocità automatico fisso","Safety21 S.p.A.","Velocar RedSpeed EVO-R","EVO-R","461","decreto approvazione 4708 del 01/08/2016 e decreto 227 del 04/07/2025","24/11/2025 10:34:25","05/11/2025 11:55:09"
"PVRAP001","POLIZIA LOCALE PROVINCIA DI RAVENNA","E730","48","01/03/2021","misuratore di velocità automatico fisso","Safety21 S.p.A.","AGUIA Red & Speed","AGUIA-T5-5-R","16424","decreto 227 del 04/07/2025","24/11/2025 10:34:25","05/11/2025 11:55:09"
"PVRAP001","POLIZIA LOCALE PROVINCIA DI RAVENNA","C065","48","01/03/2021","misuratore di velocità automatico fisso","Safety21 S.p.A.","AGUIA Red & Speed","AGUIA-T5-5-R","16425","decreto 227 del 04/07/2025","24/11/2025 10:34:25","05/11/2025 11:55:09"
"PVRAP001","POLIZIA LOCALE PROVINCIA DI RAVENNA","E730","48","01/03/2021","misuratore di velocità automatico fisso","Safety21 S.p.A.","AGUIA Red & Speed","AGUIA-T5-5-R","16449","decreto 227 del 04/07/2025","24/11/2025 10:34:25","05/11/2025 11:55:09"
"PVRAP001","POLIZIA LOCALE PROVINCIA DI RAVENNA","H199","442","24/01/2018","misuratore di velocità automatico fisso","Project Automation","PASVC","PASVC","1610014141","decreto approvazione 1565 del 02-04-2014","24/11/2025 10:34:25","05/11/2025 11:55:09"
"PVRAP001","POLIZIA LOCALE PROVINCIA DI RAVENNA","D121","442","24/01/2018","misuratore di velocità automatico fisso","Project Automation","PASVC","PASVC","1410005460","decreto approvazione 1565 del 02-04-2014","24/11/2025 10:34:25","05/11/2025 11:55:09"
"PVRAP001","POLIZIA LOCALE PROVINCIA DI RAVENNA","A547","442","24/01/2018","misuratore di velocità automatico fisso","Project Automation","PASVC","PASVC","1510019096","decreto approvazione 1565 del 02-04-2014","24/11/2025 10:34:25","05/11/2025 11:55:09"
"PVRAP001","POLIZIA LOCALE PROVINCIA DI RAVENNA","H199","549","21/12/2021","misuratore di velocità automatico fisso","Project Automation","K53800_SPEED","K53800_SPEED","PASPEEDn22023010806","","24/11/2025 10:34:25","05/11/2025 11:55:09"
"PVRAP001","POLIZIA LOCALE PROVINCIA DI RAVENNA","A547","549","21/12/2021","misuratore di velocità automatico fisso","Project Automation","K53800_SPEED","K53800_SPEED","PASPEEDn22023121183","","24/11/2025 10:34:25","05/11/2025 11:55:09"
"PVRAP001","POLIZIA LOCALE PROVINCIA DI RAVENNA","H199","549","21/12/2021","misuratore di velocità automatico fisso","Project Automation","K53800_SPEED","K53800_SPEED","PASPEEDn22023010807","","24/11/2025 10:34:25","05/11/2025 11:55:09"
"PVRAP001","POLIZIA LOCALE PROVINCIA DI RAVENNA","PVRAP001","288","17/01/2018","misuratore di velocità automatico","EngiNe","EnVES EVO","MVDm 1507","CMP3564168","decreto approvazione 4668 del 28-07-2016","24/11/2025 10:34:25","05/11/2025 11:55:09"
"PVRAP001","POLIZIA LOCALE PROVINCIA DI RAVENNA","PVRAP001","1824","20/03/2000","misuratore di velocità manuale","ELTRAFF","TELELASER","ULTRALYTE","UL004086","","24/11/2025 10:34:25","05/11/2025 11:55:09"
"PVRAP001","POLIZIA LOCALE PROVINCIA DI RAVENNA","PVRAP001","1824","20/03/2000","misuratore di velocità manuale","ELTRAFF","TELELASER","ULTRALYTE","UL023378","","24/11/2025 10:34:25","05/11/2025 11:55:09"
"PVREP200","Polizia Locale della Provincia di Reggio Emilia;","0;","242;","05/07/2018;","mobile;","ELTRAFF s.r.l.;","TELELASER TruCamHD;","TELELASER TruCamHD;","TC007233;","","09/12/2025 12:01:39","09/12/2025 12:01:39"
"PVRIP200","POLIZIA PROVINCIALE RIETI","NON APPLICABILE","DECRETO DIRIGENZIALE n.356","18/08/2021","dispositivo automatico velocità istantanea","Maggioli s.p.a.","Autosc@n Speed","non presente","2022.0054","","08/10/2025 11:26:27","08/10/2025 11:26:27"
"PVRMP001","Polizia Locale della Città Metropolitana di Roma","H501","1565","41731","Autovelox Fisso","Project Automation S.p.A.","PASVC","PASVC","1610014137","","05/11/2025 13:20:25","05/11/2025 13:20:25"
"PVRMP001","Polizia Locale della Città Metropolitana di Roma","H501","1565","41731","Autovelox Fisso","Project Automation S.p.A.","PASVC","PASVC","2110000809","","05/11/2025 13:20:25","05/11/2025 13:20:25"
"PVRMP001","Polizia Locale della Città Metropolitana di Roma","H501","1565","41731","Autovelox Fisso","Project Automation S.p.A.","PASVC","PASVC","1810000248","","05/11/2025 13:20:25","05/11/2025 13:20:25"
"PVRMP001","Polizia Locale della Città Metropolitana di Roma","H501","1565","41731","Autovelox Fisso","Project Automation S.p.A.","PASVC","PASVC","1810000246","","05/11/2025 13:20:25","05/11/2025 13:20:25"
"PVRMP001","Polizia Locale della Città Metropolitana di Roma","H501","20923","39143","Autovelox Mobile","Eltraff S.r.l.","Velomatic","512 D+","7423-7266","Estensione di approvazione 0000054 del 08/03/2021","05/11/2025 13:20:25","05/11/2025 13:20:25"
"PVRMP001","Polizia Locale della Città Metropolitana di Roma","H501","20923","39143","Autovelox Mobile","Eltraff S.r.l.","Velomatic","512 D+","7411-7424","Estensione di approvazione 0000054 del 08/03/2021","05/11/2025 13:20:25","05/11/2025 13:20:25"
"PVRMP001","Polizia Locale della Città Metropolitana di Roma","H501","20923","39143","Autovelox Mobile","Eltraff S.r.l.","Velomatic","512 D+","7412-7425","Estensione di approvazione 0000054 del 08/03/2021","05/11/2025 13:20:25","05/11/2025 13:20:25"
"PVRMP001","Polizia Locale della Città Metropolitana di Roma","H501","20923","39143","Autovelox Mobile","Eltraff S.r.l.","Velomatic","512 D+","7413-7427","Estensione di approvazione 0000054 del 08/03/2021","05/11/2025 13:20:25","05/11/2025 13:20:25"
"PVRMP001","Polizia Locale della Città Metropolitana di Roma","H501","354","37657","Autovelox Mobile","Sodi Scientifica S.p.A.","Autovelox 105 SE","105 SE","944717","","05/11/2025 13:20:25","05/11/2025 13:20:25"
"PVRMP001","Polizia Locale della Città Metropolitana di Roma","H501","354","37657","Autovelox Mobile","Sodi Scientifica S.p.A.","Autovelox 105 SE","105 SE","944722","","05/11/2025 13:20:25","05/11/2025 13:20:25"
"PVRMP001","Polizia Locale della Città Metropolitana di Roma","H501","354","37657","Autovelox Mobile","Sodi Scientifica S.p.A.","Autovelox 105 SE","105 SE","909852","","05/11/2025 13:20:25","05/11/2025 13:20:25"
"PVRMP001","Polizia Locale della Città Metropolitana di Roma","H501","354","37657","Autovelox Mobile","Sodi Scientifica S.p.A.","Autovelox 105 SE","105 SE","914268","","05/11/2025 13:20:25","05/11/2025 13:20:25"
"PVRMP001","Polizia Locale della Città Metropolitana di Roma","H501","354","37657","Autovelox Mobile","Sodi Scientifica S.p.A.","Autovelox 105 SE","105 SE","922543","","05/11/2025 13:20:25","05/11/2025 13:20:25"
"PVRMP001","Polizia Locale della Città Metropolitana di Roma","H501","354","37657","Autovelox Mobile","Sodi Scientifica S.p.A.","Autovelox 105 SE","105 SE","922544","","05/11/2025 13:20:25","05/11/2025 13:20:25"
"PVRMP001","Polizia Locale della Città Metropolitana di Roma","H501","1824","36605","Telelaser","Eltraff S.r.l.","Ultralyte","Micodigicam","16469","Estensione di approvazione 534 del 08/05/2003","05/11/2025 13:20:25","05/11/2025 13:20:25"
"PVRMP001","Polizia Locale della Città Metropolitana di Roma","H501","1824","36605","Telelaser","Eltraff S.r.l.","Ultralyte","Micodigicam","16466","Estensione di approvazione 534 del 08/05/2003","05/11/2025 13:20:25","05/11/2025 13:20:25"
"PVRMP001","Polizia Locale della Città Metropolitana di Roma","H501","1824","36605","Telelaser","Eltraff S.r.l.","Ultralyte","Micodigicam","16471","Estensione di approvazione 534 del 08/05/2003","05/11/2025 13:20:25","05/11/2025 13:20:25"
"PVRMP001","Polizia Locale della Città Metropolitana di Roma","H501","3248","40707","Telelaser","Eltraff S.r.l.","Trucam","Trucam","3598","","05/11/2025 13:20:25","05/11/2025 13:20:25"
"PVRMP001","Polizia Locale della Città Metropolitana di Roma","H501","3248","40707","Telelaser","Eltraff S.r.l.","Trucam","Trucam","3597","","05/11/2025 13:20:25","05/11/2025 13:20:25"
"PVRMP001","Polizia Locale della Città Metropolitana di Roma","H501","3248","40707","Telelaser","Eltraff S.r.l.","Trucam","Trucam","3596","","05/11/2025 13:20:25","05/11/2025 13:20:25"
"PVRMP001","Polizia Locale della Città Metropolitana di Roma","H501","3248","40707","Telelaser","Eltraff S.r.l.","Trucam","HD","9475","Estensione di approvazione 0000242 del 05/07/2018","05/11/2025 13:20:25","05/11/2025 13:20:25"
"PVRMP001","Polizia Locale della Città Metropolitana di Roma","H501","3248","40707","Telelaser","Eltraff S.r.l.","Trucam","HD","9477","Estensione di approvazione 0000242 del 05/07/2018","05/11/2025 13:20:25","05/11/2025 13:20:25"
"PVRMP001","Polizia Locale della Città Metropolitana di Roma","H501","1565","41731","Autovelox Fisso","Project Automation S.p.A.","PASVC","PASVC","1710015357","","05/11/2025 13:20:25","05/11/2025 13:20:25"
"PVRMP001","Polizia Locale della Città Metropolitana di Roma","H501","1565","41731","Autovelox Fisso","Project Automation S.p.A.","PASVC","PASVC","1510040014","","05/11/2025 13:20:25","05/11/2025 13:20:25"
"PVRMP001","Polizia Locale della Città Metropolitana di Roma","H501","1565","41731","Autovelox Fisso","Project Automation S.p.A.","PASVC","PASVC","1510040016","","05/11/2025 13:20:25","05/11/2025 13:20:25"
"PVRMP001","Polizia Locale della Città Metropolitana di Roma","H501","1565","41731","Autovelox Fisso","Project Automation S.p.A.","PASVC","PASVC","1810000252","","05/11/2025 13:20:25","05/11/2025 13:20:25"
"PVSVP000","Provincia di Savona","I480","236","05/06/2023","Dispositivo rilevamento velocità istantanea fisso","KRIA","T-EXSPEED","T-EXSPEED","4410134","SP 29 km 149+500 Dir Altare Decreto Prefettizio 20950 del 02/08/2017","09/10/2025 11:23:21","09/10/2025 11:23:21"
"PVSVP000","Provincia di Savona","I480","236","05/06/2023","Dispositivo rilevamento velocità istantanea fisso","KRIA","T-EXSPEED","T-EXSPEED","4410134","SP 29 km 149+500 Dir Altare Decreto Prefettizio 20950 del 02/08/2017","09/10/2025 11:23:21","09/10/2025 11:23:21"
"PVSVP000","Provincia di Savona","I480","236","05/06/2023","Dispositivo rilevamento velocità istantanea fisso","KRIA","T-EXSPEED","T-EXSPEED","4410224","Sp 29 km 147+300 Dir Altare Decreto Prefettizio 20950 del 02/08/2017","09/10/2025 11:23:21","09/10/2025 11:23:21"
"PVSVP000","Provincia di Savona","I480","236","05/06/2023","Dispositivo rilevamento velocità istantanea fisso","KRIA","T-EXSPEED","T-EXSPEED","4410229","Sp 29 km 140+600 Dir Savona Decreto Prefettizio 20950 del 02/08/2017","09/10/2025 11:23:21","09/10/2025 11:23:21"
"PVSVP000","Provincia di Savona","I480","236","05/06/2023","Dispositivo rilevamento velocità istantanea fisso","KRIA","T-EXSPEED","T-EXSPEED","4410226","Sp 42 km 002+100 Dir Carcare Decreto Prefettizio 24446 del 14/09/2012","09/10/2025 11:23:21","09/10/2025 11:23:21"
"PVSVP000","Provincia di Savona","I480","236","05/06/2023","Dispositivo rilevamento velocità istantanea fisso","KRIA","T-EXSPEED","T-EXSPEED","4410227","Sp 42 km 003+987 Dir Cengio Decreto Prefettizio 24446 del 14/09/2012","09/10/2025 11:23:21","09/10/2025 11:23:21"
"PVSVP000","Provincia di Savona","I480","236","05/06/2023","Dispositivo rilevamento velocità istantanea fisso","KRIA","T-EXSPEED","T-EXSPEED","4410230","SP 06 Km 004+355 Dir Albenga Decreto Prefettizio 24446 del 14/09/2012","09/10/2025 11:23:21","09/10/2025 11:23:21"
"PVSVP200","Provincia di Savona","I480","236","05/06/2023","AUTOVELOX - VELOCITA' ISTANTANEA – FISSO","KRIA","T-EXSPEED","T-EXSPEED","4410134","SP 29 km 149+500 Dir Altare - Decreto Prefettizio n. 20950 del 02/08/2017","23/10/2025 08:35:29","23/10/2025 08:35:29"
"PVSVP200","Provincia di Savona","I480","236","05/06/2023","AUTOVELOX - VELOCITA' ISTANTANEA – FISSO","KRIA","T-EXSPEED","T-EXSPEED","4410224","Sp 29 km 147+300 Dir Altare - Decreto Prefettizio n. 20950 del 02/08/2017","23/10/2025 08:35:29","23/10/2025 08:35:29"
"PVSVP200","Provincia di Savona","I480","236","05/06/2023","AUTOVELOX - VELOCITA' ISTANTANEA – FISSO","KRIA","T-EXSPEED","T-EXSPEED","4410229","Sp 29 km 140+600 Dir Savona - Decreto Prefettizio n. 20950 del 02/08/2017","23/10/2025 08:35:29","23/10/2025 08:35:29"
"PVSVP200","Provincia di Savona","I480","236","05/06/2023","AUTOVELOX - VELOCITA' ISTANTANEA – FISSO","KRIA","T-EXSPEED","T-EXSPEED","4410226","Sp 42 km 2+100 Dir Carcare - Decreto Prefettizio n. 24446 del 14/09/2012","23/10/2025 08:35:29","23/10/2025 08:35:29"
"PVSVP200","Provincia di Savona","I480","236","05/06/2023","AUTOVELOX - VELOCITA' ISTANTANEA – FISSO","KRIA","T-EXSPEED","T-EXSPEED","4410227","Sp 42 km 3+987 Dir Cengio - Decreto Prefettizio n. 24446 del 14/09/2012","23/10/2025 08:35:29","23/10/2025 08:35:29"
"PVSVP200","Provincia di Savona","I480","236","05/06/2023","AUTOVELOX - VELOCITA' ISTANTANEA – FISSO","KRIA","T-EXSPEED","T-EXSPEED","4410230","SP 06 Km. 4+355 Dir Albenga - Decreto Prefettizio n. 24446 del 14/09/2012","23/10/2025 08:35:29","23/10/2025 08:35:29"
"PVSVP200","Provincia di Savona","I480","236","05/06/2023","AUTOVELOX - VELOCITA' ISTANTANEA – FISSO","KRIA","T-EXSPEED","T-EXSPEED","4410231","SP 60 Km. 2+601 Dir Toirano - Decreto Prefettizio n. 24446 del 14/09/2012","23/10/2025 08:35:29","23/10/2025 08:35:29"
"PVTOP000","Corpo di Polizia Locale della Città Metropolitana di Torino","Non applicabile","3758","06/08/2014","Autovelox mobile","SODI Scientifica","Autovelox 106","Bidirezionale","955381 (Rilevatore) 957371 (CPU)","Ult. dcr approvazione 5478 (18/11/14), 2405 (25/05/15) 3299 (06/07/15) 684 (08/02/16) 1276 (06/03/17) 4630 (19/07/17) 143 (22/05/18) 325 (27/09/19)","27/11/2025 10:44:43","27/11/2025 10:44:43"
"PVVCP200","Provincia di Vercelli - PVVCP200","L750","555","24/12/2021","Dispositivo rilevamento velocità istantanea fisso","Engine S.p.A.","CELERITAS MVD 2020","ND","AP0158K-0x00043EA0","S.P. 594 Destra Sesia km 5+038 dir. Gattinara - noleggio","27/11/2025 14:31:55","26/11/2025 13:51:12"
"PVVCP200","Provincia di Vercelli - PVVCP200","L750","555","24/12/2021","Dispositivo rilevamento velocità istantanea fisso","Engine S.p.A.","CELERITAS MVD 2020","ND","AN0069K-0x00043EA4","S.P. 594 Destra Sesia km 5+038 dir. Vercelli - noleggio","27/11/2025 14:31:55","26/11/2025 13:51:12"
"PVVCP200","Provincia di Vercelli - PVVCP200","L750","555","24/12/2021","Dispositivo rilevamento velocità istantanea fisso","Engine S.p.A.","CELERITAS MVD 2020","ND","AM0030K-0x00043EAB","S.P. 142 del Biellese km 24+321 dir. Gattinara - noleggio","27/11/2025 14:31:55","26/11/2025 13:51:12"
"PVVCP200","Provincia di Vercelli - PVVCP200","L750","555","24/12/2021","Dispositivo rilevamento velocità istantanea fisso","Engine S.p.A.","CELERITAS MVD 2020","ND","AN0081K-0x00043ED8","S.P. 142 del Biellese km 24+675 dir. Biella - noleggio","27/11/2025 14:31:55","26/11/2025 13:51:12"
"PVVCP200","Provincia di Vercelli - PVVCP200","L750","555","24/12/2021","Dispositivo rilevamento velocità istantanea fisso","Engine S.p.A.","CELERITAS MVD 2020","ND","AM0048K-0x00043EA1","S.P. 299 di Alagna km 43+745 dir. Gattinara - noleggio","27/11/2025 14:31:55","26/11/2025 13:51:12"
"PVVCP200","Provincia di Vercelli - PVVCP200","L750","555","24/12/2021","Dispositivo rilevamento velocità istantanea fisso","Engine S.p.A.","CELERITAS MVD 2020","ND","AN0097K-0x00043EA5","S.P. 299 di Alagna km 43+745 dir. Varallo - noleggio","27/11/2025 14:31:55","26/11/2025 13:51:12"
"PVVCP200","Provincia di Vercelli - PVVCP200","L750","555","24/12/2021","Dispositivo rilevamento velocità istantanea fisso","Engine S.p.A.","CELERITAS MVD 2020","ND","AN0102K-0x00043ED9","S.P. 455 di Pontestura km 8+712 dir. Trino - noleggio","27/11/2025 14:31:55","26/11/2025 13:51:12"
"PVVCP200","Provincia di Vercelli - PVVCP200","L750","555","24/12/2021","Dispositivo rilevamento velocità istantanea fisso","Engine S.p.A.","CELERITAS MVD 2020","ND","AM0038K-0x00043E9E","S.P. 455 di Pontestura km 7+065 dir. Vercelli - noleggio","27/11/2025 14:31:55","26/11/2025 13:51:12"
"PVVCP200","Provincia di Vercelli - PVVCP200","L750","555","24/12/2021","Dispositivo rilevamento velocità istantanea fisso","Engine S.p.A.","CELERITAS MVD 2020","ND","AL0024K-0x00043ED6","S.P. 1 delle Grange km 23+267 dir. Crescentino - noleggio","27/11/2025 14:31:55","26/11/2025 13:51:12"
"PVVCP200","Provincia di Vercelli - PVVCP200","L750","555","24/12/2021","Dispositivo rilevamento velocità istantanea fisso","Engine S.p.A.","CELERITAS MVD 2020","ND","AM0045K-0x00043EA6","S.P. 1 delle Grange km 22+023 dir. Vercelli - noleggio","27/11/2025 14:31:55","26/11/2025 13:51:12"
"PVVCP200","Provincia di Vercelli - PVVCP200","L750","555","24/12/2021","Dispositivo rilevamento velocità istantanea fisso","Engine S.p.A.","CELERITAS MVD 2020","ND","AN0080K-0x00043EAA","S.P. 230 di Massazza km 32+771 dir. Vercelli - noleggio","27/11/2025 14:31:55","26/11/2025 13:51:12"
"PVVCP200","Provincia di Vercelli - PVVCP200","L750","555","24/12/2021","Dispositivo rilevamento velocità istantanea fisso","Engine S.p.A.","CELERITAS MVD 2020","ND","AN0110K-0x00043EA3","S.P. 11 Padana Superiore km 67+805 dir. Vercelli - noleggio","27/11/2025 14:31:55","26/11/2025 13:51:12"
"PVVCP200","Provincia di Vercelli - PVVCP200","L750","555","24/12/2021","Dispositivo rilevamento velocità istantanea fisso","Engine S.p.A.","CELERITAS MVD 2020","ND","AM0049K-0x00043EA2","S.P. 11 Padana Superiore km 67+805 dir. Santhià - noleggio","27/11/2025 14:31:55","26/11/2025 13:51:12"
"PVVCP200","Provincia di Vercelli - PVVCP200","L750","555","24/12/2021","Dispositivo rilevamento velocità istantanea fisso","Engine S.p.A.","CELERITAS MVD 2020","ND","AN0091K-0x00043EA8","S.P. 31 del Monferrato km 10+567 dir. Monferrato - noleggio","27/11/2025 14:31:55","26/11/2025 13:51:12"
"PVVCP200","Provincia di Vercelli - PVVCP200","L750","4020","21/06/2017","Dispositivo rilevamento velocità istantanea fisso","Engine S.p.A.","EnVES EVO MVD 1605","ND","AL0945H-0x00039A1B","S.P. 31 del Monferrato km 10+731 dir. Vercelli - noleggio","27/11/2025 14:31:55","26/11/2025 13:51:12"
"PVVCP200","Provincia di Vercelli - PVVCP200","L750","552","23/12/2021","Dispositivo rilevamento velocità istantanea media","Engine S.p.A.","CELERITAS EVO 1506","ND","non applicabile","S.P. 31 bis del Monferrato dir. Crescentino: Portale 1 km 18+565 (ID AP1845H); Portale 2 km 16+531 (ID AP1846H) - noleggio","27/11/2025 14:31:55","26/11/2025 13:51:12"
"PVVCP200","Provincia di Vercelli - PVVCP200","L750","552","23/12/2021","Dispositivo rilevamento velocità istantanea media","Engine S.p.A.","CELERITAS EVO 1506","ND","non applicabile","S.P. 31 bis del Monferrato dir. Trino: Portale 1 km 16+531 (ID AP1846H); Portale 2 km 18+565 (ID AP1845H) - noleggio","27/11/2025 14:31:55","26/11/2025 13:51:12"
"Z2RMP000","POLIZIA STRADALE","Z2RMP000","3248","13/06/2011","rilevatore di velocità in modalità istantanea","Eltraff S.r.l.","TRUCAM","TRUCAM","TC004928","","20/04/2026 15:44:22","12/11/2025 16:22:37"
"Z2RMP000","POLIZIA STRADALE","Z2RMP000","3999","24/12/2004","FISSO - Velocità media","Movyon SpA","SICVe","SICVe","non applicabile","A1, AUTOSTRADA MILANO - ROMA - NAPOLI TRATTA FIDENZA DIR SUD (km89+150) - ALL A15 A1 N DIR SUD (km99+450) DIREZIONE SUD","20/04/2026 15:44:22","12/11/2025 16:22:37"
"Z2RMP000","POLIZIA STRADALE","Z2RMP000","3248","13/06/2011","rilevatore di velocità in modalità istantanea","Eltraff S.r.l.","TRUCAM","TRUCAM","TC004929","","20/04/2026 15:44:22","12/11/2025 16:22:37"
"Z2RMP000","POLIZIA STRADALE","Z2RMP000","305","20/06/2024","FISSO - Velocità media","Movyon SpA","Tutor 3.0","Tutor 3.0","non applicabile","A1, AUTOSTRADA MILANO - ROMA - NAPOLI TRATTA ALL A15 A1 S DIR SUD (km 103+400) - PARMA DIR SUD (km 109+200) DIREZIONE SUD","20/04/2026 15:44:22","12/11/2025 16:22:37"
"Z2RMP000","POLIZIA STRADALE","Z2RMP000","3248","13/06/2011","rilevatore di velocità in modalità istantanea","Eltraff S.r.l.","TRUCAM","TRUCAM","TC004819","","20/04/2026 15:44:22","12/11/2025 16:22:37"
"Z2RMP000","POLIZIA STRADALE","Z2RMP000","305","20/06/2024","FISSO - Velocità media","Movyon SpA","Tutor 3.0","Tutor 3.0","non applicabile","A1, AUTOSTRADA MILANO - ROMA - NAPOLI TRATTA PARMA DIR SUD (km 109+200) - CAMPEGINE DIR SUD (km 122+350) DIREZIONE SUD","20/04/2026 15:44:22","12/11/2025 16:22:37"
"Z2RMP000","POLIZIA STRADALE","Z2RMP000","3248","13/06/2011","rilevatore di velocità in modalità istantanea","Eltraff S.r.l.","TRUCAM","TRUCAM","TC009410","","20/04/2026 15:44:22","12/11/2025 16:22:37"
"Z2RMP000","POLIZIA STRADALE","Z2RMP000","305","20/06/2024","FISSO - Velocità media","Movyon SpA","Tutor 3.0","Tutor 3.0","non applicabile","A1, AUTOSTRADA MILANO - ROMA - NAPOLI TRATTA CAMPEGINE DIR SUD (km 122+350) - REGGIO EMILIA DIR SUD (km 135+850) DIREZIONE SUD","20/04/2026 15:44:22","12/11/2025 16:22:37"
"Z2RMP000","POLIZIA STRADALE","Z2RMP000","3248","13/06/2011","rilevatore di velocità in modalità istantanea","Eltraff S.r.l.","TRUCAM","TRUCAM","TC009951","","20/04/2026 15:44:22","12/11/2025 16:22:37"
"Z2RMP000","POLIZIA STRADALE","Z2RMP000","305","20/06/2024","FISSO - Velocità media","Movyon SpA","Tutor 3.0","Tutor 3.0","non applicabile","A1, AUTOSTRADA MILANO - ROMA - NAPOLI TRATTA MODENA NORD DIR SUD (km 158+528) - MODENA SUD DIR SUD (km 169+050) DIREZIONE SUD","20/04/2026 15:44:22","12/11/2025 16:22:37"
"Z2RMP000","POLIZIA STRADALE","Z2RMP000","3248","13/06/2011","rilevatore di velocità in modalità istantanea","Eltraff S.r.l.","TRUCAM","TRUCAM","TC005804","","20/04/2026 15:44:22","12/11/2025 16:22:37"
"Z2RMP000","POLIZIA STRADALE","Z2RMP000","305","20/06/2024","FISSO - Velocità media","Movyon SpA","Tutor 3.0","Tutor 3.0","non applicabile","A1, AUTOSTRADA MILANO - ROMA - NAPOLI TRATTA MODENA SUD DIR SUD (km 169+050) - ALL A14 A1 N DIR SUD (km 186+830) DIREZIONE SUD","20/04/2026 15:44:22","12/11/2025 16:22:37"
"Z2RMP000","POLIZIA STRADALE","Z2RMP000","3248","13/06/2011","rilevatore di velocità in modalità istantanea","Eltraff S.r.l.","TRUCAM","TRUCAM","TC005805","","20/04/2026 15:44:22","12/11/2025 16:22:37"
"Z2RMP000","POLIZIA STRADALE","Z2RMP000","3999","24/12/2004","FISSO - Velocità media","Movyon SpA","SICVe","SICVe","non applicabile","A1, AUTOSTRADA MILANO - ROMA - NAPOLI TRATTA SANTA LUCIA NORD DIR SUD (km 264+940) - SANTA LUCIA SUD DIR SUD (km 272+698) DIREZIONE SUD","20/04/2026 15:44:22","12/11/2025 16:22:37"
"Z2RMP000","POLIZIA STRADALE","Z2RMP000","3248","13/06/2011","rilevatore di velocità in modalità istantanea","Eltraff S.r.l.","TRUCAM","TRUCAM","TC004742","","20/04/2026 15:44:22","12/11/2025 16:22:37"
"Z2RMP000","POLIZIA STRADALE","Z2RMP000","305","20/06/2024","FISSO - Velocità media","Movyon SpA","Tutor 3.0","Tutor 3.0","non applicabile","A1, AUTOSTRADA MILANO - ROMA - NAPOLI TRATTA MONTE SAN SAVINO DIR SUD (km 369+450) - VALDICHIANA DIR SUD (km 383+950) DIREZIONE SUD","20/04/2026 15:44:22","12/11/2025 16:22:37"
"Z2RMP000","POLIZIA STRADALE","Z2RMP000","3248","13/06/2011","rilevatore di velocità in modalità istantanea","Eltraff S.r.l.","TRUCAM","TRUCAM","TC005743","","20/04/2026 15:44:22","12/11/2025 16:22:37"
"Z2RMP000","POLIZIA STRADALE","Z2RMP000","305","20/06/2024","FISSO - Velocità media","Movyon SpA","Tutor 3.0","Tutor 3.0","non applicabile","A1, AUTOSTRADA MILANO - ROMA - NAPOLI TRATTA VALDICHIANA DIR SUD (km 383+950) - CHIUSI DIR SUD (km 408+950) DIREZIONE SUD","20/04/2026 15:44:22","12/11/2025 16:22:37"
"Z2RMP000","POLIZIA STRADALE","Z2RMP000","3248","13/06/2011","rilevatore di velocità in modalità istantanea","Eltraff S.r.l.","TRUCAM","TRUCAM","TC005744","","20/04/2026 15:44:22","12/11/2025 16:22:37"
"Z2RMP000","POLIZIA STRADALE","Z2RMP000","3999","24/12/2004","FISSO - Velocità media","Movyon SpA","SICVe","SICVe","non applicabile","A1, AUTOSTRADA MILANO - ROMA - NAPOLI TRATTA ORTE DIR SUD (km 489+900) - PONZANO ROMANO DIR SUD (km 512+900) DIREZIONE SUD","20/04/2026 15:44:22","12/11/2025 16:22:37"
"Z2RMP000","POLIZIA STRADALE","Z2RMP000","3248","13/06/2011","rilevatore di velocità in modalità istantanea","Eltraff S.r.l.","TRUCAM","TRUCAM","TC005854","","20/04/2026 15:44:22","12/11/2025 16:22:37"
"Z2RMP000","POLIZIA STRADALE","Z2RMP000","3999","24/12/2004","FISSO - Velocità media","Movyon SpA","SICVe","SICVe","non applicabile","A1, AUTOSTRADA MILANO - ROMA - NAPOLI TRATTA PONZANO ROMANO DIR SUD (km 512+900) - ALL RAC RM-N A1 N DIR SUD (km 527+600) DIREZIONE SUD","20/04/2026 15:44:22","12/11/2025 16:22:37"
"Z2RMP000","POLIZIA STRADALE","Z2RMP000","3248","13/06/2011","rilevatore di velocità in modalità istantanea","Eltraff S.r.l.","TRUCAM","TRUCAM","TC004741","","20/04/2026 15:44:22","12/11/2025 16:22:37"
"Z2RMP000","POLIZIA STRADALE","Z2RMP000","3999","24/12/2004","FISSO - Velocità media","Movyon SpA","SICVe","SICVe","non applicabile","A1, AUTOSTRADA MILANO - ROMA - NAPOLI TRATTA ALL A24 A1 S DIR SUD (km 564+000) - ALL RAC RM-S A1 N DIR SUD (km 574+000) DIREZIONE SUD","20/04/2026 15:44:22","12/11/2025 16:22:37"
"Z2RMP000","POLIZIA STRADALE","Z2RMP000","3248","13/06/2011","rilevatore di velocità in modalità istantanea","Eltraff S.r.l.","TRUCAM","TRUCAM","TC007986","","20/04/2026 15:44:22","12/11/2025 16:22:37"
"Z2RMP000","POLIZIA STRADALE","Z2RMP000","3999","24/12/2004","FISSO - Velocità media","Movyon SpA","SICVe","SICVe","non applicabile","A1, AUTOSTRADA MILANO - ROMA - NAPOLI TRATTA ALL RAC RM-S A1 S DIR SUD (km 579+750) - COLLEFERRO DIR SUD (km 589+170) DIREZIONE SUD","20/04/2026 15:44:22","12/11/2025 16:22:37"
"Z2RMP000","POLIZIA STRADALE","Z2RMP000","3248","13/06/2011","rilevatore di velocità in modalità istantanea","Eltraff S.r.l.","TRUCAM","TRUCAM","TC008247","","20/04/2026 15:44:22","12/11/2025 16:22:37"
"Z2RMP000","POLIZIA STRADALE","Z2RMP000","3999","24/12/2004","FISSO - Velocità media","Movyon SpA","SICVe","SICVe","non applicabile","A1, AUTOSTRADA MILANO - ROMA - NAPOLI TRATTA COLLEFERRO DIR SUD (km 589+170) - ANAGNI DIR SUD (km 602+900) DIREZIONE SUD","20/04/2026 15:44:22","12/11/2025 16:22:37"
"Z2RMP000","POLIZIA STRADALE","Z2RMP000","3248","13/06/2011","rilevatore di velocità in modalità istantanea","Eltraff S.r.l.","TRUCAM","TRUCAM","TC006309","","20/04/2026 15:44:22","12/11/2025 16:22:37"
"Z2RMP000","POLIZIA STRADALE","Z2RMP000","3999","24/12/2004","FISSO - Velocità media","Movyon SpA","SICVe","SICVe","non applicabile","A1, AUTOSTRADA MILANO - ROMA - NAPOLI TRATTA ANAGNI DIR SUD (km 602+900) - FERENTINO DIR SUD (km 616+500) DIREZIONE SUD","20/04/2026 15:44:22","12/11/2025 16:22:37"
"Z2RMP000","POLIZIA STRADALE","Z2RMP000","3248","13/06/2011","rilevatore di velocità in modalità istantanea","Eltraff S.r.l.","TRUCAM","TRUCAM","TC005752","","20/04/2026 15:44:22","12/11/2025 16:22:37"
"Z2RMP000","POLIZIA STRADALE","Z2RMP000","3999","24/12/2004","FISSO - Velocità media","Movyon SpA","SICVe","SICVe","non applicabile","A1, AUTOSTRADA MILANO - ROMA - NAPOLI TRATTA FROSINONE DIR SUD (km 622+500) - CEPRANO DIR SUD (km 640+800) DIREZIONE SUD","20/04/2026 15:44:22","12/11/2025 16:22:37"
"Z2RMP000","POLIZIA STRADALE","Z2RMP000","3248","13/06/2011","rilevatore di velocità in modalità istantanea","Eltraff S.r.l.","TRUCAM","TRUCAM","TC007303","","20/04/2026 15:44:22","12/11/2025 16:22:37"
"Z2RMP000","POLIZIA STRADALE","Z2RMP000","305","20/06/2024","FISSO - Velocità media","Movyon SpA","Tutor 3.0","Tutor 3.0","non applicabile","A1, AUTOSTRADA MILANO - ROMA - NAPOLI TRATTA PONTECORVO DIR SUD (km 656+700) - CASSINO DIR SUD -M (km 668+570) DIREZIONE SUD","20/04/2026 15:44:22","12/11/2025 16:22:37"
"Z2RMP000","POLIZIA STRADALE","Z2RMP000","3248","13/06/2011","rilevatore di velocità in modalità istantanea","Eltraff S.r.l.","TRUCAM","TRUCAM","TC005851","","20/04/2026 15:44:22","12/11/2025 16:22:37"
"Z2RMP000","POLIZIA STRADALE","Z2RMP000","305","20/06/2024","FISSO - Velocità media","Movyon SpA","Tutor 3.0","Tutor 3.0","non applicabile","A1, AUTOSTRADA MILANO - ROMA - NAPOLI TRATTA CASSINO DIR SUD -M (km 668+570) - SAN VITTORE DIR SUD (km 675+900) DIREZIONE SUD","20/04/2026 15:44:22","12/11/2025 16:22:37"
"Z2RMP000","POLIZIA STRADALE","Z2RMP000","3248","13/06/2011","rilevatore di velocità in modalità istantanea","Eltraff S.r.l.","TRUCAM","TRUCAM","TC005851","","20/04/2026 15:44:22","12/11/2025 16:22:37"
"Z2RMP000","POLIZIA STRADALE","Z2RMP000","305","20/06/2024","FISSO - Velocità media","Movyon SpA","Tutor 3.0","Tutor 3.0","non applicabile","A1, AUTOSTRADA MILANO - ROMA - NAPOLI TRATTA SAN VITTORE DIR SUD (km 675+900) - CAIANELLO DIR SUD (km 696+700) DIREZIONE SUD","20/04/2026 15:44:22","12/11/2025 16:22:37"
"Z2RMP000","POLIZIA STRADALE","Z2RMP000","3248","13/06/2011","rilevatore di velocità in modalità istantanea","Eltraff S.r.l.","TRUCAM","TRUCAM","TC005847","","20/04/2026 15:44:22","12/11/2025 16:22:37"
"Z2RMP000","POLIZIA STRADALE","Z2RMP000","305","20/06/2024","FISSO - Velocità media","Movyon SpA","Tutor 3.0","Tutor 3.0","non applicabile","A1, AUTOSTRADA MILANO - ROMA - NAPOLI TRATTA CAPUA DIR SUD (km 717+450) - SM CAPUAVETERE DIR SUD (km 727+950) DIREZIONE SUD","20/04/2026 15:44:22","12/11/2025 16:22:37"
"Z2RMP000","POLIZIA STRADALE","Z2RMP000","3248","13/06/2011","rilevatore di velocità in modalità istantanea","Eltraff S.r.l.","TRUCAM","TRUCAM","TC005729","","20/04/2026 15:44:22","12/11/2025 16:22:37"
"Z2RMP000","POLIZIA STRADALE","Z2RMP000","305","20/06/2024","FISSO - Velocità media","Movyon SpA","Tutor 3.0","Tutor 3.0","non applicabile","A1, AUTOSTRADA MILANO - ROMA - NAPOLI TRATTA SM CAPUAVETERE DIR SUD (km 727+950) - CASERTA NORD DIR SUD (km 732+890) DIREZIONE SUD","20/04/2026 15:44:22","12/11/2025 16:22:37"
"Z2RMP000","POLIZIA STRADALE","Z2RMP000","3248","13/06/2011","rilevatore di velocità in modalità istantanea","Eltraff S.r.l.","TRUCAM","TRUCAM","TC007309","","20/04/2026 15:44:22","12/11/2025 16:22:37"
"Z2RMP000","POLIZIA STRADALE","Z2RMP000","305","20/06/2024","FISSO - Velocità media","Movyon SpA","Tutor 3.0","Tutor 3.0","non applicabile","A1 D18NRD, DIRAMAZIONE A1 NORD FIANO - ROMA TRATTA CASTELNUOVO DI PORTO DIR SUD (km 7+800) - SETTEBAGNI DIR SUD (km17+900) DIREZIONE SUD","20/04/2026 15:44:22","12/11/2025 16:22:37"
"Z2RMP000","POLIZIA STRADALE","Z2RMP000","3248","13/06/2011","rilevatore di velocità in modalità istantanea","Eltraff S.r.l.","TRUCAM","TRUCAM","TC009954","","20/04/2026 15:44:22","12/11/2025 16:22:37"
"Z2RMP000","POLIZIA STRADALE","Z2RMP000","305","20/06/2024","FISSO - Velocità media","Movyon SpA","Tutor 3.0","Tutor 3.0","non applicabile","A1 D19SUD, DIRAMAZIONE A1 SUD SAN CESAREO - ROMA TRATTA SAN CESAREO DIR NORD (km 3+700) - MONTEPORZIO DIR NORD (km 9+200) DIREZIONE NORD","20/04/2026 15:44:22","12/11/2025 16:22:37"
"Z2RMP000","POLIZIA STRADALE","Z2RMP000","3248","13/06/2011","rilevatore di velocità in modalità istantanea","Eltraff S.r.l.","TRUCAM","TRUCAM","TC005523","","20/04/2026 15:44:22","12/11/2025 16:22:37"
"Z2RMP000","POLIZIA STRADALE","Z2RMP000","305","20/06/2024","FISSO - Velocità media","Movyon SpA","Tutor 3.0","Tutor 3.0","non applicabile","A1 D19SUD, DIRAMAZIONE A1 SUD SAN CESAREO - ROMA TRATTA MONTEPORZIO DIR SUD (km11+880) - SAN CESAREO DIR SUD (km 3+720) DIREZIONE SUD","20/04/2026 15:44:22","12/11/2025 16:22:37"
"Z2RMP000","POLIZIA STRADALE","Z2RMP000","3248","13/06/2011","rilevatore di velocità in modalità istantanea","Eltraff S.r.l.","TRUCAM","TRUCAM","TC004717","","20/04/2026 15:44:22","12/11/2025 16:22:37"
"Z2RMP000","POLIZIA STRADALE","Z2RMP000","3999","24/12/2004","FISSO - Velocità media","Movyon SpA","SICVe","SICVe","non applicabile","A1 VAR, VARIANTE DI VALICO TRATTA FIRENZUOLA DIR NORD (km27+620) - BADIA DIR NORD (km18+890) DIREZIONE NORD","20/04/2026 15:44:22","12/11/2025 16:22:37"
"Z2RMP000","POLIZIA STRADALE","Z2RMP000","3248","13/06/2011","rilevatore di velocità in modalità istantanea","Eltraff S.r.l.","TRUCAM","TRUCAM","TC005748","","20/04/2026 15:44:22","12/11/2025 16:22:37"
"Z2RMP000","POLIZIA STRADALE","Z2RMP000","3999","24/12/2004","FISSO - Velocità media","Movyon SpA","SICVe","SICVe","non applicabile","A1 VAR, VARIANTE DI VALICO TRATTA BADIA DIR SUD (km19+000) - FIRENZUOLA DIR SUD (km27+650) DIREZIONE SUD","20/04/2026 15:44:22","12/11/2025 16:22:37"
"Z2RMP000","POLIZIA STRADALE","Z2RMP000","3248","13/06/2011","rilevatore di velocità in modalità istantanea","Eltraff S.r.l.","TRUCAM","TRUCAM","TC005750","","20/04/2026 15:44:22","12/11/2025 16:22:37"
"Z2RMP000","POLIZIA STRADALE","Z2RMP000","3999","24/12/2004","FISSO - Velocità media","Movyon SpA","SICVe","SICVe","non applicabile","A10, AUTOSTRADA GENOVA - VENTIMIGLIA TRATTA ALBISOLA DIR EST (km38+700) - CELLE LIGURE DIR EST (km33+890) DIREZIONE EST","20/04/2026 15:44:22","12/11/2025 16:22:37"
"Z2RMP000","POLIZIA STRADALE","Z2RMP000","3248","13/06/2011","rilevatore di velocità in modalità istantanea","Eltraff S.r.l.","TRUCAM","TRUCAM","TC005749","","20/04/2026 15:44:22","12/11/2025 16:22:37"
"Z2RMP000","POLIZIA STRADALE","Z2RMP000","3999","24/12/2004","FISSO - Velocità media","Movyon SpA","SICVe","SICVe","non applicabile","A10, AUTOSTRADA GENOVA - VENTIMIGLIA TRATTA CELLE LIGURE DIR OVEST (km31+590) - ALBISOLA DIR OVEST (km36+050) DIREZIONE OVEST","20/04/2026 15:44:22","12/11/2025 16:22:37"
"Z2RMP000","POLIZIA STRADALE","Z2RMP000","3248","13/06/2011","rilevatore di velocità in modalità istantanea","Eltraff S.r.l.","TRUCAM","TRUCAM","TC005808","","20/04/2026 15:44:22","12/11/2025 16:22:37"
"Z2RMP000","POLIZIA STRADALE","Z2RMP000","305","20/06/2024","FISSO - Velocità media","Movyon SpA","Tutor 3.0","Tutor 3.0","non applicabile","A11, AUTOSTRADA FIRENZE - PISA NORD (FIRENZE MARE) TRATTA PRATO OVEST DIR EST (km18+300) - PRATO EST DIR EST (km 9+550) DIREZIONE EST","20/04/2026 15:44:22","12/11/2025 16:22:37"
"Z2RMP000","POLIZIA STRADALE","Z2RMP000","3248","13/06/2011","rilevatore di velocità in modalità istantanea","Eltraff S.r.l.","TRUCAM","TRUCAM","TC004809","","20/04/2026 15:44:22","12/11/2025 16:22:37"
"Z2RMP000","POLIZIA STRADALE","Z2RMP000","305","20/06/2024","FISSO - Velocità media","Movyon SpA","Tutor 3.0","Tutor 3.0","non applicabile","A11, AUTOSTRADA FIRENZE - PISA NORD (FIRENZE MARE) TRATTA PISTOIA DIR EST (km28+450) - PRATO OVEST DIR EST (km18+300) DIREZIONE EST","20/04/2026 15:44:22","12/11/2025 16:22:37"
"Z2RMP000","POLIZIA STRADALE","Z2RMP000","3248","13/06/2011","rilevatore di velocità in modalità istantanea","Eltraff S.r.l.","TRUCAM","TRUCAM","TC005747","","20/04/2026 15:44:22","12/11/2025 16:22:37"
"Z2RMP000","POLIZIA STRADALE","Z2RMP000","305","20/06/2024","FISSO - Velocità media","Movyon SpA","Tutor 3.0","Tutor 3.0","non applicabile","A11, AUTOSTRADA FIRENZE - PISA NORD (FIRENZE MARE) TRATTA MONTECATINI DIR EST (km40+500) - PISTOIA DIR EST (km28+450) DIREZIONE EST","20/04/2026 15:44:22","12/11/2025 16:22:37"
"Z2RMP000","POLIZIA STRADALE","Z2RMP000","3248","13/06/2011","rilevatore di velocità in modalità istantanea","Eltraff S.r.l.","TRUCAM","TRUCAM","TC003919","","20/04/2026 15:44:22","12/11/2025 16:22:37"
"Z2RMP000","POLIZIA STRADALE","Z2RMP000","305","20/06/2024","FISSO - Velocità media","Movyon SpA","Tutor 3.0","Tutor 3.0","non applicabile","A11, AUTOSTRADA FIRENZE - PISA NORD (FIRENZE MARE) TRATTA PRATO EST DIR OVEST (km 7+250) - PRATO OVEST DIR OVEST (km15+900) DIREZIONE OVEST","20/04/2026 15:44:22","12/11/2025 16:22:37"
"Z2RMP000","POLIZIA STRADALE","Z2RMP000","3248","13/06/2011","rilevatore di velocità in modalità istantanea","Eltraff S.r.l.","TRUCAM","TRUCAM","TC005857","","20/04/2026 15:44:22","12/11/2025 16:22:37"
"Z2RMP000","POLIZIA STRADALE","Z2RMP000","305","20/06/2024","FISSO - Velocità media","Movyon SpA","Tutor 3.0","Tutor 3.0","non applicabile","A11, AUTOSTRADA FIRENZE - PISA NORD (FIRENZE MARE) TRATTA PRATO OVEST DIR OVEST (km15+900) - PISTOIA DIR OVEST (km26+100) DIREZIONE OVEST","20/04/2026 15:44:22","12/11/2025 16:22:37"
"Z2RMP000","POLIZIA STRADALE","Z2RMP000","3248","13/06/2011","rilevatore di velocità in modalità istantanea","Eltraff S.r.l.","TRUCAM","TRUCAM","TC005856","","20/04/2026 15:44:22","12/11/2025 16:22:37"
"Z2RMP000","POLIZIA STRADALE","Z2RMP000","3999","24/12/2004","FISSO - Velocità media","Movyon SpA","SICVe","SICVe","non applicabile","A13, AUTOSTRADA BOLOGNA - PADOVA TRATTA ARCOVEGGIO DIR NORD (km 1+470) - BOLOGNA INTERPORTO DIR NORD (km 6+500) DIREZIONE NORD","20/04/2026 15:44:22","12/11/2025 16:22:37"
"Z2RMP000","POLIZIA STRADALE","Z2RMP000","3248","13/06/2011","rilevatore di velocità in modalità istantanea","Eltraff S.r.l.","TRUCAM","TRUCAM","TC005746","","20/04/2026 15:44:22","12/11/2025 16:22:37"
"Z2RMP000","POLIZIA STRADALE","Z2RMP000","3999","24/12/2004","FISSO - Velocità media","Movyon SpA","SICVe","SICVe","non applicabile","A13, AUTOSTRADA BOLOGNA - PADOVA TRATTA BOLOGNA INTERPORTO DIR NORD (km 6+500) - ALTEDO DIR NORD (km19+800) DIREZIONE NORD","20/04/2026 15:44:22","12/11/2025 16:22:37"
"Z2RMP000","POLIZIA STRADALE","Z2RMP000","3248","13/06/2011","rilevatore di velocità in modalità istantanea","Eltraff S.r.l.","TRUCAM","TRUCAM","TC005737","","20/04/2026 15:44:22","12/11/2025 16:22:37"
"Z2RMP000","POLIZIA STRADALE","Z2RMP000","3999","24/12/2004","FISSO - Velocità media","Movyon SpA","SICVe","SICVe","non applicabile","A13, AUTOSTRADA BOLOGNA - PADOVA TRATTA ALTEDO DIR NORD (km19+800) - FERRARA SUD DIR NORD (km32+300) DIREZIONE NORD","20/04/2026 15:44:22","12/11/2025 16:22:37"
"Z2RMP000","POLIZIA STRADALE","Z2RMP000","3248","13/06/2011","rilevatore di velocità in modalità istantanea","Eltraff S.r.l.","TRUCAM","TRUCAM","TC008193","","20/04/2026 15:44:22","12/11/2025 16:22:37"
"Z2RMP000","POLIZIA STRADALE","Z2RMP000","3999","24/12/2004","FISSO - Velocità media","Movyon SpA","SICVe","SICVe","non applicabile","A13, AUTOSTRADA BOLOGNA - PADOVA TRATTA FERRARA SUD DIR NORD (km32+300) - FERRARA NORD DIR NORD (km40+300) DIREZIONE NORD","20/04/2026 15:44:22","12/11/2025 16:22:37"
"Z2RMP000","POLIZIA STRADALE","Z2RMP000","3248","13/06/2011","rilevatore di velocità in modalità istantanea","Eltraff S.r.l.","TRUCAM","TRUCAM","TC004722","","20/04/2026 15:44:22","12/11/2025 16:22:37"
"Z2RMP000","POLIZIA STRADALE","Z2RMP000","3999","24/12/2004","FISSO - Velocità media","Movyon SpA","SICVe","SICVe","non applicabile","A13, AUTOSTRADA BOLOGNA - PADOVA TRATTA FERRARA NORD DIR NORD (km40+300) - OCCHIOBELLO DIR NORD (km45+600) DIREZIONE NORD","20/04/2026 15:44:22","12/11/2025 16:22:37"
"Z2RMP000","POLIZIA STRADALE","Z2RMP000","3248","13/06/2011","rilevatore di velocità in modalità istantanea","Eltraff S.r.l.","TRUCAM","TRUCAM","TC005739","","20/04/2026 15:44:22","12/11/2025 16:22:37"
"Z2RMP000","POLIZIA STRADALE","Z2RMP000","3999","24/12/2004","FISSO - Velocità media","Movyon SpA","SICVe","SICVe","non applicabile","A13, AUTOSTRADA BOLOGNA - PADOVA TRATTA OCCHIOBELLO DIR NORD (km45+600) - ROVIGO SUD DIR NORD (km61+700) DIREZIONE NORD","20/04/2026 15:44:22","12/11/2025 16:22:37"
"Z2RMP000","POLIZIA STRADALE","Z2RMP000","3248","13/06/2011","rilevatore di velocità in modalità istantanea","Eltraff S.r.l.","TRUCAM","TRUCAM","TC007324","","20/04/2026 15:44:22","12/11/2025 16:22:37"
"Z2RMP000","POLIZIA STRADALE","Z2RMP000","3999","24/12/2004","FISSO - Velocità media","Movyon SpA","SICVe","SICVe","non applicabile","A13, AUTOSTRADA BOLOGNA - PADOVA TRATTA ROVIGO SUD DIR NORD (km61+700) - ROVIGO DIR NORD (km68+900) DIREZIONE NORD","20/04/2026 15:44:22","12/11/2025 16:22:37"
"Z2RMP000","POLIZIA STRADALE","Z2RMP000","3248","13/06/2011","rilevatore di velocità in modalità istantanea","Eltraff S.r.l.","TRUCAM","TRUCAM","UL008251","","20/04/2026 15:44:22","12/11/2025 16:22:37"
"Z2RMP000","POLIZIA STRADALE","Z2RMP000","3999","24/12/2004","FISSO - Velocità media","Movyon SpA","SICVe","SICVe","non applicabile","A13, AUTOSTRADA BOLOGNA - PADOVA TRATTA ROVIGO DIR NORD (km68+900) - BOARA DIR NORD (km74+100) DIREZIONE NORD","20/04/2026 15:44:22","12/11/2025 16:22:37"
"Z2RMP000","POLIZIA STRADALE","Z2RMP000","3248","13/06/2011","rilevatore di velocità in modalità istantanea","Eltraff S.r.l.","TRUCAM","TRUCAM","TC005751","","20/04/2026 15:44:22","12/11/2025 16:22:37"
"Z2RMP000","POLIZIA STRADALE","Z2RMP000","3999","24/12/2004","FISSO - Velocità media","Movyon SpA","SICVe","SICVe","non applicabile","A13, AUTOSTRADA BOLOGNA - PADOVA TRATTA BOARA DIR NORD (km74+100) - MONSELICE DIR NORD (km86+400) DIREZIONE NORD","20/04/2026 15:44:22","12/11/2025 16:22:37"
"Z2RMP000","POLIZIA STRADALE","Z2RMP000","3248","13/06/2011","rilevatore di velocità in modalità istantanea","Eltraff S.r.l.","TRUCAM","TRUCAM","TC002036","","20/04/2026 15:44:22","12/11/2025 16:22:37"
"Z2RMP000","POLIZIA STRADALE","Z2RMP000","3999","24/12/2004","FISSO - Velocità media","Movyon SpA","SICVe","SICVe","non applicabile","A13, AUTOSTRADA BOLOGNA - PADOVA TRATTA MONSELICE DIR NORD (km86+400) - TERME EUGANEE DIR NORD (km92+800) DIREZIONE NORD","20/04/2026 15:44:22","12/11/2025 16:22:37"
"Z2RMP000","POLIZIA STRADALE","Z2RMP000","3248","13/06/2011","rilevatore di velocità in modalità istantanea","Eltraff S.r.l.","TRUCAM","TRUCAM","TC010134","","20/04/2026 15:44:22","12/11/2025 16:22:37"
"Z2RMP000","POLIZIA STRADALE","Z2RMP000","3999","24/12/2004","FISSO - Velocità media","Movyon SpA","SICVe","SICVe","non applicabile","A13, AUTOSTRADA BOLOGNA - PADOVA TRATTA TERME EUGANEE DIR NORD (km92+800) - PADOVA SUD DIR NORD (km99+400) DIREZIONE NORD","20/04/2026 15:44:22","12/11/2025 16:22:37"
"Z2RMP000","POLIZIA STRADALE","Z2RMP000","3248","13/06/2011","rilevatore di velocità in modalità istantanea","Eltraff S.r.l.","TRUCAM","TRUCAM","TC010135","","20/04/2026 15:44:22","12/11/2025 16:22:37"
"Z2RMP000","POLIZIA STRADALE","Z2RMP000","3999","24/12/2004","FISSO - Velocità media","Movyon SpA","SICVe","SICVe","non applicabile","A13, AUTOSTRADA BOLOGNA - PADOVA TRATTA BOLOGNA INTERPORTO DIR SUD (km 9+400) - ARCOVEGGIO DIR SUD (km 1+400) DIREZIONE SUD","20/04/2026 15:44:22","12/11/2025 16:22:37"
"Z2RMP000","POLIZIA STRADALE","Z2RMP000","3248","13/06/2011","rilevatore di velocità in modalità istantanea","Eltraff S.r.l.","TRUCAM","TRUCAM","TC008259","","20/04/2026 15:44:22","12/11/2025 16:22:37"
"Z2RMP000","POLIZIA STRADALE","Z2RMP000","3999","24/12/2004","FISSO - Velocità media","Movyon SpA","SICVe","SICVe","non applicabile","A13, AUTOSTRADA BOLOGNA - PADOVA TRATTA ALTEDO DIR SUD (km21+100) - BOLOGNA INTERPORTO DIR SUD (km 9+400) DIREZIONE SUD","20/04/2026 15:44:22","12/11/2025 16:22:37"
"Z2RMP000","POLIZIA STRADALE","Z2RMP000","242","05/07/2018","rilevatore di velocità in modalità istantanea","Eltraff S.r.l.","TRUCAM HD","TRUCAM HD","TC007066","","20/04/2026 15:44:22","12/11/2025 16:22:37"
"Z2RMP000","POLIZIA STRADALE","Z2RMP000","3999","24/12/2004","FISSO - Velocità media","Movyon SpA","SICVe","SICVe","non applicabile","A13, AUTOSTRADA BOLOGNA - PADOVA TRATTA FERRARA SUD DIR SUD (km34+600) - ALTEDO DIR SUD (km21+100) DIREZIONE SUD","20/04/2026 15:44:22","12/11/2025 16:22:37"
"Z2RMP000","POLIZIA STRADALE","Z2RMP000","242","05/07/2018","rilevatore di velocità in modalità istantanea","Eltraff S.r.l.","TRUCAM HD","TRUCAM HD","TC010139","","20/04/2026 15:44:22","02/01/2026 12:13:58"
"Z2RMP000","POLIZIA STRADALE","Z2RMP000","3999","24/12/2004","FISSO - Velocità media","Movyon SpA","SICVe","SICVe","non applicabile","A13, AUTOSTRADA BOLOGNA - PADOVA TRATTA FERRARA NORD (km42+400) - FERRARA SUD DIR SUD (km34+600) DIREZIONE SUD","20/04/2026 15:44:22","12/11/2025 16:22:37"
"Z2RMP000","POLIZIA STRADALE","Z2RMP000","242","05/07/2018","rilevatore di velocità in modalità istantanea","Eltraff S.r.l.","TRUCAM HD","TRUCAM HD","TC012029","","20/04/2026 15:44:22","09/01/2026 14:46:03"
"Z2RMP000","POLIZIA STRADALE","Z2RMP000","3999","24/12/2004","FISSO - Velocità media","Movyon SpA","SICVe","SICVe","non applicabile","A13, AUTOSTRADA BOLOGNA - PADOVA TRATTA ROVIGO SUD DIR SUD (km64+380) - OCCHIOBELLO (km50+300) DIREZIONE SUD","20/04/2026 15:44:22","12/11/2025 16:22:37"
"Z2RMP000","POLIZIA STRADALE","Z2RMP000","242","05/07/2018","rilevatore di velocità in modalità istantanea","Eltraff S.r.l.","TRUCAM HD","TRUCAM HD","TC012348","","20/04/2026 15:44:22","02/01/2026 12:13:58"
"Z2RMP000","POLIZIA STRADALE","Z2RMP000","3999","24/12/2004","FISSO - Velocità media","Movyon SpA","SICVe","SICVe","non applicabile","A13, AUTOSTRADA BOLOGNA - PADOVA TRATTA ROVIGO DIR SUD (km71+000) - ROVIGO SUD DIR SUD (km64+380) DIREZIONE SUD","20/04/2026 15:44:22","12/11/2025 16:22:37"
"Z2RMP000","POLIZIA STRADALE","Z2RMP000","242","05/07/2018","rilevatore di velocità in modalità istantanea","Eltraff S.r.l.","TRUCAM HD","TRUCAM HD","TC007301","","20/04/2026 15:44:22","02/01/2026 12:13:58"
"Z2RMP000","POLIZIA STRADALE","Z2RMP000","3999","24/12/2004","FISSO - Velocità media","Movyon SpA","SICVe","SICVe","non applicabile","A13, AUTOSTRADA BOLOGNA - PADOVA TRATTA TERME EUGANEE DIR SUD (km96+200) - MONSELICE DIR SUD (km89+100) DIREZIONE SUD","20/04/2026 15:44:22","12/11/2025 16:22:37"
"Z2RMP000","POLIZIA STRADALE","Z2RMP000","242","05/07/2018","rilevatore di velocità in modalità istantanea","Eltraff S.r.l.","TRUCAM HD","TRUCAM HD","TC010140","","20/04/2026 15:44:22","02/01/2026 12:13:58"
"Z2RMP000","POLIZIA STRADALE","Z2RMP000","3999","24/12/2004","FISSO - Velocità media","Movyon SpA","SICVe","SICVe","non applicabile","A13, AUTOSTRADA BOLOGNA - PADOVA TRATTA PADOVA ZONA IND DIR SUD (km 114+200) - PADOVA SUD DIR SUD (km 101+900) DIREZIONE SUD","20/04/2026 15:44:22","12/11/2025 16:22:37"
"Z2RMP000","POLIZIA STRADALE","Z2RMP000","242","05/07/2018","rilevatore di velocità in modalità istantanea","Eltraff S.r.l.","TRUCAM HD","TRUCAM HD","TC008254","","20/04/2026 15:44:22","02/01/2026 12:13:58"
"Z2RMP000","POLIZIA STRADALE","Z2RMP000","3999","24/12/2004","FISSO - Velocità media","Movyon SpA","SICVe","SICVe","non applicabile","A14, AUTOSTRADA BOLOGNA - BARI - TARANTO TRATTA ALL RAMO CASALECCHIO DIR NORD (km 8+400) - BORGO PANIGALE DIR NORD (km 5+500) DIREZIONE NORD","20/04/2026 15:44:22","12/11/2025 16:22:37"
"Z2RMP000","POLIZIA STRADALE","Z2RMP000","242","05/07/2018","rilevatore di velocità in modalità istantanea","Eltraff S.r.l.","TRUCAM HD","TRUCAM HD","TC012353","","20/04/2026 15:44:22","02/01/2026 12:13:58"
"Z2RMP000","POLIZIA STRADALE","Z2RMP000","3999","24/12/2004","FISSO - Velocità media","Movyon SpA","SICVe","SICVe","non applicabile","A14, AUTOSTRADA BOLOGNA - BARI - TARANTO TRATTA CASTEL SAN PIETRO DIR NORD (km39+400) - SAN LAZZARO DIR NORD (km23+000) DIREZIONE NORD","20/04/2026 15:44:22","12/11/2025 16:22:37"
"Z2RMP000","POLIZIA STRADALE","Z2RMP000","242","05/07/2018","rilevatore di velocità in modalità istantanea","Eltraff S.r.l.","TRUCAM HD","TRUCAM HD","TC007983","","20/04/2026 15:44:22","02/01/2026 12:13:58"
"Z2RMP000","POLIZIA STRADALE","Z2RMP000","3999","24/12/2004","FISSO - Velocità media","Movyon SpA","SICVe","SICVe","non applicabile","A14, AUTOSTRADA BOLOGNA - BARI - TARANTO TRATTA IMOLA DIR NORD (km51+300) - CASTEL SAN PIETRO DIR NORD (km39+400) DIREZIONE NORD","20/04/2026 15:44:22","12/11/2025 16:22:37"
"Z2RMP000","POLIZIA STRADALE","Z2RMP000","242","05/07/2018","rilevatore di velocità in modalità istantanea","Eltraff S.r.l.","TRUCAM HD","TRUCAM HD","TC010150","","20/04/2026 15:44:22","02/01/2026 12:13:58"
"Z2RMP000","POLIZIA STRADALE","Z2RMP000","3999","24/12/2004","FISSO - Velocità media","Movyon SpA","SICVe","SICVe","non applicabile","A14, AUTOSTRADA BOLOGNA - BARI - TARANTO TRATTA ALL RAVENNA NORD DIR NORD (km55+300) - IMOLA DIR NORD (km51+300) DIREZIONE NORD","20/04/2026 15:44:22","12/11/2025 16:22:37"
"Z2RMP000","POLIZIA STRADALE","Z2RMP000","242","05/07/2018","rilevatore di velocità in modalità istantanea","Eltraff S.r.l.","TRUCAM HD","TRUCAM HD","TC012345","","20/04/2026 15:44:22","02/01/2026 12:13:58"
"Z2RMP000","POLIZIA STRADALE","Z2RMP000","305","20/06/2024","FISSO - Velocità media","Movyon SpA","Tutor 3.0","Tutor 3.0","non applicabile","A14, AUTOSTRADA BOLOGNA - BARI - TARANTO TRATTA FAENZA DIR NORD (km65+400) - ALL RAVENNA SUD DIR NORD (km58+900) DIREZIONE NORD","20/04/2026 15:44:22","12/11/2025 16:22:37"
"Z2RMP000","POLIZIA STRADALE","Z2RMP000","242","05/07/2018","rilevatore di velocità in modalità istantanea","Eltraff S.r.l.","TRUCAM HD","TRUCAM HD","TC007295","","20/04/2026 15:44:22","02/01/2026 12:13:58"
"Z2RMP000","POLIZIA STRADALE","Z2RMP000","305","20/06/2024","FISSO - Velocità media","Movyon SpA","Tutor 3.0","Tutor 3.0","non applicabile","A14, AUTOSTRADA BOLOGNA - BARI - TARANTO TRATTA FORLI DIR NORD (km82+600) - FAENZA DIR NORD (km65+400) DIREZIONE NORD","20/04/2026 15:44:22","12/11/2025 16:22:37"
"Z2RMP000","POLIZIA STRADALE","Z2RMP000","242","05/07/2018","rilevatore di velocità in modalità istantanea","Eltraff S.r.l.","TRUCAM HD","TRUCAM HD","TC006346","","20/04/2026 15:44:22","02/01/2026 12:13:58"
"Z2RMP000","POLIZIA STRADALE","Z2RMP000","305","20/06/2024","FISSO - Velocità media","Movyon SpA","Tutor 3.0","Tutor 3.0","non applicabile","A14, AUTOSTRADA BOLOGNA - BARI - TARANTO TRATTA CESENA NORD DIR NORD (km94+600) - FORLI DIR NORD (km82+600) DIREZIONE NORD","20/04/2026 15:44:22","12/11/2025 16:22:37"
"Z2RMP000","POLIZIA STRADALE","Z2RMP000","242","05/07/2018","rilevatore di velocità in modalità istantanea","Eltraff S.r.l.","TRUCAM HD","TRUCAM HD","TC007984","","20/04/2026 15:44:22","02/01/2026 12:13:58"
"Z2RMP000","POLIZIA STRADALE","Z2RMP000","305","20/06/2024","FISSO - Velocità media","Movyon SpA","Tutor 3.0","Tutor 3.0","non applicabile","A14, AUTOSTRADA BOLOGNA - BARI - TARANTO TRATTA VALLE DEL RUBICONE DIR NORD (km 112+250) - CESENA DIR NORD (km 101+000) DIREZIONE NORD","20/04/2026 15:44:22","12/11/2025 16:22:37"
"Z2RMP000","POLIZIA STRADALE","Z2RMP000","242","05/07/2018","rilevatore di velocità in modalità istantanea","Eltraff S.r.l.","TRUCAM HD","TRUCAM HD","TC007244","","20/04/2026 15:44:22","02/01/2026 12:13:58"
"Z2RMP000","POLIZIA STRADALE","Z2RMP000","305","20/06/2024","FISSO - Velocità media","Movyon SpA","Tutor 3.0","Tutor 3.0","non applicabile","A14, AUTOSTRADA BOLOGNA - BARI - TARANTO TRATTA RICCIONE DIR NORD (km 137+550) - RIMINI SUD DIR NORD (km 128+500) DIREZIONE NORD","20/04/2026 15:44:22","12/11/2025 16:22:37"
"Z2RMP000","POLIZIA STRADALE","Z2RMP000","242","05/07/2018","rilevatore di velocità in modalità istantanea","Eltraff S.r.l.","TRUCAM HD","TRUCAM HD","TC007242","","20/04/2026 15:44:22","02/01/2026 12:13:58"
"Z2RMP000","POLIZIA STRADALE","Z2RMP000","305","20/06/2024","FISSO - Velocità media","Movyon SpA","Tutor 3.0","Tutor 3.0","non applicabile","A14, AUTOSTRADA BOLOGNA - BARI - TARANTO TRATTA CATTOLICA DIR NORD (km 145+950) - RICCIONE DIR NORD (km 137+550) DIREZIONE NORD","20/04/2026 15:44:22","12/11/2025 16:22:37"
"Z2RMP000","POLIZIA STRADALE","Z2RMP000","242","05/07/2018","rilevatore di velocità in modalità istantanea","Eltraff S.r.l.","TRUCAM HD","TRUCAM HD","TC012040","","20/04/2026 15:44:22","02/01/2026 12:13:58"
"Z2RMP000","POLIZIA STRADALE","Z2RMP000","305","20/06/2024","FISSO - Velocità media","Movyon SpA","Tutor 3.0","Tutor 3.0","non applicabile","A14, AUTOSTRADA BOLOGNA - BARI - TARANTO TRATTA PESARO DIR NORD (km 157+700) - CATTOLICA DIR NORD (km 145+950) DIREZIONE NORD","20/04/2026 15:44:22","12/11/2025 16:22:37"
"Z2RMP000","POLIZIA STRADALE","Z2RMP000","3758","06/08/2014","rilevatore di velocità in modalità istantanea","Sodi Scientifica S.p.A.","106","106","954596","","20/04/2026 15:44:22","12/11/2025 16:22:37"
"Z2RMP000","POLIZIA STRADALE","Z2RMP000","242","05/07/2018","rilevatore di velocità in modalità istantanea","Eltraff S.r.l.","TRUCAM HD","TRUCAM HD","TC012310","","20/04/2026 15:44:22","12/11/2025 16:22:37"
"Z2RMP000","POLIZIA STRADALE","Z2RMP000","305","20/06/2024","FISSO - Velocità media","Movyon SpA","Tutor 3.0","Tutor 3.0","non applicabile","A14, AUTOSTRADA BOLOGNA - BARI - TARANTO TRATTA GIULIANOVA DIR NORD (km 336+000) - VAL VIBRATA DIR NORD (km 329+500) DIREZIONE NORD","20/04/2026 15:44:22","12/11/2025 16:22:37"
"Z2RMP000","POLIZIA STRADALE","Z2RMP000","3758","06/08/2014","rilevatore di velocità in modalità istantanea","Sodi Scientifica S.p.A.","106","106","958077","","20/04/2026 15:44:22","12/11/2025 16:22:37"
"Z2RMP000","POLIZIA STRADALE","Z2RMP000","242","05/07/2018","rilevatore di velocità in modalità istantanea","Eltraff S.r.l.","TRUCAM HD","TRUCAM HD","TC009955","","20/04/2026 15:44:22","12/11/2025 16:22:37"
"Z2RMP000","POLIZIA STRADALE","Z2RMP000","3999","24/12/2004","FISSO - Velocità media","Movyon SpA","SICVe","SICVe","non applicabile","A14, AUTOSTRADA BOLOGNA - BARI - TARANTO TRATTA PESCARA OVEST DIR NORD (km 383+700) - ALL A14 A25 S DIR NORD -M (km 378+300) DIREZIONE NORD","20/04/2026 15:44:22","12/11/2025 16:22:37"
"Z2RMP000","POLIZIA STRADALE","Z2RMP000","3758","06/08/2014","rilevatore di velocità in modalità istantanea","Sodi Scientifica S.p.A.","106","106","954603","","20/04/2026 15:44:22","12/11/2025 16:22:37"
"Z2RMP000","POLIZIA STRADALE","Z2RMP000","242","05/07/2018","rilevatore di velocità in modalità istantanea","Eltraff S.r.l.","TRUCAM HD","TRUCAM HD","TC007067","","20/04/2026 15:44:22","12/11/2025 16:22:37"
"Z2RMP000","POLIZIA STRADALE","Z2RMP000","3999","24/12/2004","FISSO - Velocità media","Movyon SpA","SICVe","SICVe","non applicabile","A14, AUTOSTRADA BOLOGNA - BARI - TARANTO TRATTA ORTONA DIR NORD (km 405+450) - PESCARA SUD DIR NORD (km 394+550) DIREZIONE NORD","20/04/2026 15:44:22","12/11/2025 16:22:37"
"Z2RMP000","POLIZIA STRADALE","Z2RMP000","3758","06/08/2014","rilevatore di velocità in modalità istantanea","Sodi Scientifica S.p.A.","106","106","953485","","20/04/2026 15:44:22","12/11/2025 16:22:37"
"Z2RMP000","POLIZIA STRADALE","Z2RMP000","242","05/07/2018","rilevatore di velocità in modalità istantanea","Eltraff S.r.l.","TRUCAM HD","TRUCAM HD","TC007656","","20/04/2026 15:44:22","12/11/2025 16:22:37"
"Z2RMP000","POLIZIA STRADALE","Z2RMP000","3999","24/12/2004","FISSO - Velocità media","Movyon SpA","SICVe","SICVe","non applicabile","A14, AUTOSTRADA BOLOGNA - BARI - TARANTO TRATTA SAN SEVERO DIR NORD (km 529+550) - POGGIO IMPERIALE DIR NORD (km 508+030) DIREZIONE NORD","20/04/2026 15:44:22","12/11/2025 16:22:37"
"Z2RMP000","POLIZIA STRADALE","Z2RMP000","3758","06/08/2014","rilevatore di velocità in modalità istantanea","Sodi Scientifica S.p.A.","106","106","955391","","20/04/2026 15:44:22","12/11/2025 16:22:37"
"Z2RMP000","POLIZIA STRADALE","Z2RMP000","242","05/07/2018","rilevatore di velocità in modalità istantanea","Eltraff S.r.l.","TRUCAM HD","TRUCAM HD","TC007665","","20/04/2026 15:44:22","12/11/2025 16:22:37"
"Z2RMP000","POLIZIA STRADALE","Z2RMP000","3999","24/12/2004","FISSO - Velocità media","Movyon SpA","SICVe","SICVe","non applicabile","A14, AUTOSTRADA BOLOGNA - BARI - TARANTO TRATTA FOGGIA DIR NORD -M (km 555+700) - SAN SEVERO DIR NORD (km 529+550) DIREZIONE NORD","20/04/2026 15:44:22","12/11/2025 16:22:37"
"Z2RMP000","POLIZIA STRADALE","Z2RMP000","3758","06/08/2014","rilevatore di velocità in modalità istantanea","Sodi Scientifica S.p.A.","106","106","954593","","20/04/2026 15:44:22","12/11/2025 16:22:37"
"Z2RMP000","POLIZIA STRADALE","Z2RMP000","242","05/07/2018","rilevatore di velocità in modalità istantanea","Eltraff S.r.l.","TRUCAM HD","TRUCAM HD","TC007978","","20/04/2026 15:44:22","12/11/2025 16:22:37"
"Z2RMP000","POLIZIA STRADALE","Z2RMP000","3999","24/12/2004","FISSO - Velocità media","Movyon SpA","SICVe","SICVe","non applicabile","A14, AUTOSTRADA BOLOGNA - BARI - TARANTO TRATTA FOGGIA ZONA INDUSTRIALE DIR NORD (km 566+978) - FOGGIA DIR NORD -M (km 555+700) DIREZIONE NORD","20/04/2026 15:44:22","12/11/2025 16:22:37"
"Z2RMP000","POLIZIA STRADALE","Z2RMP000","3758","06/08/2014","rilevatore di velocità in modalità istantanea","Sodi Scientifica S.p.A.","106","106","954605","","20/04/2026 15:44:22","12/11/2025 16:22:37"
"Z2RMP000","POLIZIA STRADALE","Z2RMP000","242","05/07/2018","rilevatore di velocità in modalità istantanea","Eltraff S.r.l.","TRUCAM HD","TRUCAM HD","TC008246","","20/04/2026 15:44:22","12/11/2025 16:22:37"
"Z2RMP000","POLIZIA STRADALE","Z2RMP000","3999","24/12/2004","FISSO - Velocità media","Movyon SpA","SICVe","SICVe","non applicabile","A14, AUTOSTRADA BOLOGNA - BARI - TARANTO TRATTA CERIGNOLA EST DIR NORD (km 590+800) - FOGGIA ZONA INDUSTRIALE DIR NORD (km 566+978) DIREZIONE NORD","20/04/2026 15:44:22","12/11/2025 16:22:37"
"Z2RMP000","POLIZIA STRADALE","Z2RMP000","3758","06/08/2014","rilevatore di velocità in modalità istantanea","Sodi Scientifica S.p.A.","106","106","958346","","20/04/2026 15:44:22","12/11/2025 16:22:37"
"Z2RMP000","POLIZIA STRADALE","Z2RMP000","242","05/07/2018","rilevatore di velocità in modalità istantanea","Eltraff S.r.l.","TRUCAM HD","TRUCAM HD","TC009960","","20/04/2026 15:44:22","12/11/2025 16:22:37"
"Z2RMP000","POLIZIA STRADALE","Z2RMP000","3999","24/12/2004","FISSO - Velocità media","Movyon SpA","SICVe","SICVe","non applicabile","A14, AUTOSTRADA BOLOGNA - BARI - TARANTO TRATTA ALL A16 A14 N DIR NORD (km 599+510) - CERIGNOLA EST DIR NORD (km 590+800) DIREZIONE NORD","20/04/2026 15:44:22","12/11/2025 16:22:37"
"Z2RMP000","POLIZIA STRADALE","Z2RMP000","3758","06/08/2014","rilevatore di velocità in modalità istantanea","Sodi Scientifica S.p.A.","106","106","958347","","20/04/2026 15:44:22","12/11/2025 16:22:37"
"Z2RMP000","POLIZIA STRADALE","Z2RMP000","242","05/07/2018","rilevatore di velocità in modalità istantanea","Eltraff S.r.l.","TRUCAM HD","TRUCAM HD","TC010138","","20/04/2026 15:44:22","12/11/2025 16:22:37"
"Z2RMP000","POLIZIA STRADALE","Z2RMP000","305","20/06/2024","FISSO - Velocità media","Movyon SpA","Tutor 3.0","Tutor 3.0","non applicabile","A14, AUTOSTRADA BOLOGNA - BARI - TARANTO TRATTA CANOSA DIR NORD (km 611+100) - ALL A16 A14 S DIR NORD (km 605+050) DIREZIONE NORD","20/04/2026 15:44:22","12/11/2025 16:22:37"
"Z2RMP000","POLIZIA STRADALE","Z2RMP000","3758","06/08/2014","rilevatore di velocità in modalità istantanea","Sodi Scientifica S.p.A.","106","106","954594","","20/04/2026 15:44:22","12/11/2025 16:22:37"
"Z2RMP000","POLIZIA STRADALE","Z2RMP000","242","05/07/2018","rilevatore di velocità in modalità istantanea","Eltraff S.r.l.","TRUCAM HD","TRUCAM HD","TC012024","","20/04/2026 15:44:22","12/11/2025 16:22:37"
"Z2RMP000","POLIZIA STRADALE","Z2RMP000","305","20/06/2024","FISSO - Velocità media","Movyon SpA","Tutor 3.0","Tutor 3.0","non applicabile","A14, AUTOSTRADA BOLOGNA - BARI - TARANTO TRATTA ANDRIA BARLETTA DIR NORD (km 628+800) - CANOSA DIR NORD (km 611+100) DIREZIONE NORD","20/04/2026 15:44:22","12/11/2025 16:22:37"
"Z2RMP000","POLIZIA STRADALE","Z2RMP000","3758","06/08/2014","rilevatore di velocità in modalità istantanea","Sodi Scientifica S.p.A.","106","106","952851","","20/04/2026 15:44:22","12/11/2025 16:22:37"
"Z2RMP000","POLIZIA STRADALE","Z2RMP000","242","05/07/2018","rilevatore di velocità in modalità istantanea","Eltraff S.r.l.","TRUCAM HD","TRUCAM HD","TC006357","","20/04/2026 15:44:22","12/11/2025 16:22:37"
"Z2RMP000","POLIZIA STRADALE","Z2RMP000","305","20/06/2024","FISSO - Velocità media","Movyon SpA","Tutor 3.0","Tutor 3.0","non applicabile","A14, AUTOSTRADA BOLOGNA - BARI - TARANTO TRATTA BITONTO DIR NORD (km 663+970) - MOLFETTA DIR NORD (km 654+000) DIREZIONE NORD","20/04/2026 15:44:22","12/11/2025 16:22:37"
"Z2RMP000","POLIZIA STRADALE","Z2RMP000","3758","06/08/2014","rilevatore di velocità in modalità istantanea","Sodi Scientifica S.p.A.","106","106","955383","","20/04/2026 15:44:22","12/11/2025 16:22:37"
"Z2RMP000","POLIZIA STRADALE","Z2RMP000","242","05/07/2018","rilevatore di velocità in modalità istantanea","Eltraff S.r.l.","TRUCAM HD","TRUCAM HD","TC006355","","20/04/2026 15:44:22","12/11/2025 16:22:37"
"Z2RMP000","POLIZIA STRADALE","Z2RMP000","305","20/06/2024","FISSO - Velocità media","Movyon SpA","Tutor 3.0","Tutor 3.0","non applicabile","A14, AUTOSTRADA BOLOGNA - BARI - TARANTO TRATTA BARI NORD DIR NORD (km 671+000) - BITONTO DIR NORD (km 663+970) DIREZIONE NORD","20/04/2026 15:44:22","12/11/2025 16:22:37"
"Z2RMP000","POLIZIA STRADALE","Z2RMP000","3758","06/08/2014","rilevatore di velocità in modalità istantanea","Sodi Scientifica S.p.A.","106","106","953538","","20/04/2026 15:44:22","12/11/2025 16:22:37"
"Z2RMP000","POLIZIA STRADALE","Z2RMP000","242","05/07/2018","rilevatore di velocità in modalità istantanea","Eltraff S.r.l.","TRUCAM HD","TRUCAM HD","TC010137","","20/04/2026 15:44:22","12/11/2025 16:22:37"
"Z2RMP000","POLIZIA STRADALE","Z2RMP000","305","20/06/2024","FISSO - Velocità media","Movyon SpA","Tutor 3.0","Tutor 3.0","non applicabile","A14, AUTOSTRADA BOLOGNA - BARI - TARANTO TRATTA BARI SUD DIR NORD (km 681+135) - BARI NORD DIR NORD (km 671+000) DIREZIONE NORD","20/04/2026 15:44:22","12/11/2025 16:22:37"
"Z2RMP000","POLIZIA STRADALE","Z2RMP000","3758","06/08/2014","rilevatore di velocità in modalità istantanea","Sodi Scientifica S.p.A.","106","106","953496","","20/04/2026 15:44:22","12/11/2025 16:22:37"
"Z2RMP000","POLIZIA STRADALE","Z2RMP000","242","05/07/2018","rilevatore di velocità in modalità istantanea","Eltraff S.r.l.","TRUCAM HD","TRUCAM HD","TC012312","","20/04/2026 15:44:22","12/11/2025 16:22:37"
"Z2RMP000","POLIZIA STRADALE","Z2RMP000","3999","24/12/2004","FISSO - Velocità media","Movyon SpA","SICVe","SICVe","non applicabile","A14, AUTOSTRADA BOLOGNA - BARI - TARANTO TRATTA BOLOGNA FIERA DIR SUD (km16+400) - ALL SAN LAZZARO DIR SUD (km21+800) DIREZIONE SUD","20/04/2026 15:44:22","12/11/2025 16:22:37"
"Z2RMP000","POLIZIA STRADALE","Z2RMP000","3758","06/08/2014","rilevatore di velocità in modalità istantanea","Sodi Scientifica S.p.A.","106","106","953466","","20/04/2026 15:44:22","12/11/2025 16:22:37"
"Z2RMP000","POLIZIA STRADALE","Z2RMP000","242","05/07/2018","rilevatore di velocità in modalità istantanea","Eltraff S.r.l.","TRUCAM HD","TRUCAM HD","TC012337","","20/04/2026 15:44:22","12/11/2025 16:22:37"
"Z2RMP000","POLIZIA STRADALE","Z2RMP000","305","20/06/2024","FISSO - Velocità media","Movyon SpA","Tutor 3.0","Tutor 3.0","non applicabile","A14, AUTOSTRADA BOLOGNA - BARI - TARANTO TRATTA CASTEL SAN PIETRO DIR SUD (km35+900) - IMOLA DIR SUD (km49+000) DIREZIONE SUD","20/04/2026 15:44:22","12/11/2025 16:22:37"
"Z2RMP000","POLIZIA STRADALE","Z2RMP000","3758","06/08/2014","rilevatore di velocità in modalità istantanea","Sodi Scientifica S.p.A.","106","106","953520","","20/04/2026 15:44:22","12/11/2025 16:22:37"
"Z2RMP000","POLIZIA STRADALE","Z2RMP000","242","05/07/2018","rilevatore di velocità in modalità istantanea","Eltraff S.r.l.","TRUCAM HD","TRUCAM HD","TC010126","","20/04/2026 15:44:22","02/12/2025 16:33:15"
"Z2RMP000","POLIZIA STRADALE","Z2RMP000","305","20/06/2024","FISSO - Velocità media","Movyon SpA","Tutor 3.0","Tutor 3.0","non applicabile","A14, AUTOSTRADA BOLOGNA - BARI - TARANTO TRATTA FAENZA DIR SUD (km63+000) - FORLI (km80+300) DIREZIONE SUD","20/04/2026 15:44:22","12/11/2025 16:22:37"
"Z2RMP000","POLIZIA STRADALE","Z2RMP000","3758","06/08/2014","rilevatore di velocità in modalità istantanea","Sodi Scientifica S.p.A.","106","106","953529","","20/04/2026 15:44:22","12/11/2025 16:22:37"
"Z2RMP000","POLIZIA STRADALE","Z2RMP000","242","05/07/2018","rilevatore di velocità in modalità istantanea","Eltraff S.r.l.","TRUCAM HD","TRUCAM HD","TC012338","","20/04/2026 15:44:22","12/11/2025 16:22:37"
"Z2RMP000","POLIZIA STRADALE","Z2RMP000","305","20/06/2024","FISSO - Velocità media","Movyon SpA","Tutor 3.0","Tutor 3.0","non applicabile","A14, AUTOSTRADA BOLOGNA - BARI - TARANTO TRATTA CESENA DIR SUD (km98+200) - VALLE DEL RUBICONE DIR SUD (km 109+120) DIREZIONE SUD","20/04/2026 15:44:22","12/11/2025 16:22:37"
"Z2RMP000","POLIZIA STRADALE","Z2RMP000","3758","06/08/2014","rilevatore di velocità in modalità istantanea","Sodi Scientifica S.p.A.","106","106","954592","","20/04/2026 15:44:22","12/11/2025 16:22:37"
"Z2RMP000","POLIZIA STRADALE","Z2RMP000","242","05/07/2018","rilevatore di velocità in modalità istantanea","Eltraff S.r.l.","TRUCAM HD","TRUCAM HD","TC010129","","20/04/2026 15:44:22","12/11/2025 16:22:37"
"Z2RMP000","POLIZIA STRADALE","Z2RMP000","305","20/06/2024","FISSO - Velocità media","Movyon SpA","Tutor 3.0","Tutor 3.0","non applicabile","A14, AUTOSTRADA BOLOGNA - BARI - TARANTO TRATTA VALLE DEL RUBICONE DIR SUD (km 109+120) - RIMINI NORD DIR SUD (km 115+800) DIREZIONE SUD","20/04/2026 15:44:22","12/11/2025 16:22:37"
"Z2RMP000","POLIZIA STRADALE","Z2RMP000","3758","06/08/2014","rilevatore di velocità in modalità istantanea","Sodi Scientifica S.p.A.","106","106","951195","","20/04/2026 15:44:22","12/11/2025 16:22:37"
"Z2RMP000","POLIZIA STRADALE","Z2RMP000","242","05/07/2018","rilevatore di velocità in modalità istantanea","Eltraff S.r.l.","TRUCAM HD","TRUCAM HD","TC007312","","20/04/2026 15:44:22","12/11/2025 16:22:37"
"Z2RMP000","POLIZIA STRADALE","Z2RMP000","305","20/06/2024","FISSO - Velocità media","Movyon SpA","Tutor 3.0","Tutor 3.0","non applicabile","A14, AUTOSTRADA BOLOGNA - BARI - TARANTO TRATTA RIMINI SUD DIR SUD (km 126+150) - RICCIONE DIR SUD (km 134+500) DIREZIONE SUD","20/04/2026 15:44:22","12/11/2025 16:22:37"
"Z2RMP000","POLIZIA STRADALE","Z2RMP000","3758","06/08/2014","rilevatore di velocità in modalità istantanea","Sodi Scientifica S.p.A.","106","106","954614","","20/04/2026 15:44:22","12/11/2025 16:22:37"
"Z2RMP000","POLIZIA STRADALE","Z2RMP000","242","05/07/2018","rilevatore di velocità in modalità istantanea","Eltraff S.r.l.","TRUCAM HD","TRUCAM HD","TC007313","","20/04/2026 15:44:22","12/11/2025 16:22:37"
"Z2RMP000","POLIZIA STRADALE","Z2RMP000","305","20/06/2024","FISSO - Velocità media","Movyon SpA","Tutor 3.0","Tutor 3.0","non applicabile","A14, AUTOSTRADA BOLOGNA - BARI - TARANTO TRATTA RICCIONE DIR SUD (km 134+500) - CATTOLICA DIR SUD (km 142+700) DIREZIONE SUD","20/04/2026 15:44:22","12/11/2025 16:22:37"
"Z2RMP000","POLIZIA STRADALE","Z2RMP000","3758","06/08/2014","rilevatore di velocità in modalità istantanea","Sodi Scientifica S.p.A.","106","106","953515","","20/04/2026 15:44:22","12/11/2025 16:22:37"
"Z2RMP000","POLIZIA STRADALE","Z2RMP000","242","05/07/2018","rilevatore di velocità in modalità istantanea","Eltraff S.r.l.","TRUCAM HD","TRUCAM HD","TC007288","","20/04/2026 15:44:22","12/11/2025 16:22:37"
"Z2RMP000","POLIZIA STRADALE","Z2RMP000","3999","24/12/2004","FISSO - Velocità media","Movyon SpA","SICVe","SICVe","non applicabile","A14, AUTOSTRADA BOLOGNA - BARI - TARANTO TRATTA PESCARA SUD DIR SUD (km 390+070) - ORTONA DIR SUD (km 402+300) DIREZIONE SUD","20/04/2026 15:44:22","12/11/2025 16:22:37"
"Z2RMP000","POLIZIA STRADALE","Z2RMP000","3758","06/08/2014","rilevatore di velocità in modalità istantanea","Sodi Scientifica S.p.A.","106","106","953516","","20/04/2026 15:44:22","12/11/2025 16:22:37"
"Z2RMP000","POLIZIA STRADALE","Z2RMP000","242","05/07/2018","rilevatore di velocità in modalità istantanea","Eltraff S.r.l.","TRUCAM HD","TRUCAM HD","TC007289","","20/04/2026 15:44:22","12/11/2025 16:22:37"
"Z2RMP000","POLIZIA STRADALE","Z2RMP000","3999","24/12/2004","FISSO - Velocità media","Movyon SpA","SICVe","SICVe","non applicabile","A14, AUTOSTRADA BOLOGNA - BARI - TARANTO TRATTA VALDISANGRO DIR SUD (km 417+150) - VASTO NORD DIR SUD (km 434+430) DIREZIONE SUD","20/04/2026 15:44:22","12/11/2025 16:22:37"
"Z2RMP000","POLIZIA STRADALE","Z2RMP000","3758","06/08/2014","rilevatore di velocità in modalità istantanea","Sodi Scientifica S.p.A.","106","106","958345","","20/04/2026 15:44:22","12/11/2025 16:22:37"
"Z2RMP000","POLIZIA STRADALE","Z2RMP000","242","05/07/2018","rilevatore di velocità in modalità istantanea","Eltraff S.r.l.","TRUCAM HD","TRUCAM HD","TC007315","","20/04/2026 15:44:22","12/11/2025 16:22:37"
"Z2RMP000","POLIZIA STRADALE","Z2RMP000","3999","24/12/2004","FISSO - Velocità media","Movyon SpA","SICVe","SICVe","non applicabile","A14, AUTOSTRADA BOLOGNA - BARI - TARANTO TRATTA POGGIO IMPERIALE DIR SUD (km 502+780) - SAN SEVERO DIR SUD (km 525+785) DIREZIONE SUD","20/04/2026 15:44:22","12/11/2025 16:22:37"
"Z2RMP000","POLIZIA STRADALE","Z2RMP000","3758","06/08/2014","rilevatore di velocità in modalità istantanea","Sodi Scientifica S.p.A.","106","106","957445","","20/04/2026 15:44:22","12/11/2025 16:22:37"
"Z2RMP000","POLIZIA STRADALE","Z2RMP000","242","05/07/2018","rilevatore di velocità in modalità istantanea","Eltraff S.r.l.","TRUCAM HD","TRUCAM HD","TC007290","","20/04/2026 15:44:22","12/11/2025 16:22:37"
"Z2RMP000","POLIZIA STRADALE","Z2RMP000","3999","24/12/2004","FISSO - Velocità media","Movyon SpA","SICVe","SICVe","non applicabile","A14, AUTOSTRADA BOLOGNA - BARI - TARANTO TRATTA SAN SEVERO DIR SUD (km 525+785) - FOGGIA DIR SUD (km 551+690) DIREZIONE SUD","20/04/2026 15:44:22","12/11/2025 16:22:37"
"Z2RMP000","POLIZIA STRADALE","Z2RMP000","3758","06/08/2014","rilevatore di velocità in modalità istantanea","Sodi Scientifica S.p.A.","106","106","953531","","20/04/2026 15:44:22","12/11/2025 16:22:37"
"Z2RMP000","POLIZIA STRADALE","Z2RMP000","242","05/07/2018","rilevatore di velocità in modalità istantanea","Eltraff S.r.l.","TRUCAM HD","TRUCAM HD","TC006343","","20/04/2026 15:44:22","12/11/2025 16:22:37"
"Z2RMP000","POLIZIA STRADALE","Z2RMP000","3999","24/12/2004","FISSO - Velocità media","Movyon SpA","SICVe","SICVe","non applicabile","A14, AUTOSTRADA BOLOGNA - BARI - TARANTO TRATTA FOGGIA DIR SUD (km 551+690) - FOGGIA ZONA INDUSTRIALE DIR SUD (km 562+650) DIREZIONE SUD","20/04/2026 15:44:22","12/11/2025 16:22:37"
"Z2RMP000","POLIZIA STRADALE","Z2RMP000","3758","06/08/2014","rilevatore di velocità in modalità istantanea","Sodi Scientifica S.p.A.","106","106","956778","","20/04/2026 15:44:22","12/11/2025 16:22:37"
"Z2RMP000","POLIZIA STRADALE","Z2RMP000","242","05/07/2018","rilevatore di velocità in modalità istantanea","Eltraff S.r.l.","TRUCAM HD","TRUCAM HD","TC007314","","20/04/2026 15:44:22","12/11/2025 16:22:37"
"Z2RMP000","POLIZIA STRADALE","Z2RMP000","3999","24/12/2004","FISSO - Velocità media","Movyon SpA","SICVe","SICVe","non applicabile","A14, AUTOSTRADA BOLOGNA - BARI - TARANTO TRATTA FOGGIA ZONA INDUSTRIALE DIR SUD (km 562+650) - CERIGNOLA EST DIR SUD (km 580+225) DIREZIONE SUD","20/04/2026 15:44:22","12/11/2025 16:22:37"
"Z2RMP000","POLIZIA STRADALE","Z2RMP000","3758","06/08/2014","rilevatore di velocità in modalità istantanea","Sodi Scientifica S.p.A.","106","106","958342","","20/04/2026 15:44:22","12/11/2025 16:22:37"
"Z2RMP000","POLIZIA STRADALE","Z2RMP000","242","05/07/2018","rilevatore di velocità in modalità istantanea","Eltraff S.r.l.","TRUCAM HD","TRUCAM HD","TC005742","","20/04/2026 15:44:22","12/11/2025 16:22:37"
"Z2RMP000","POLIZIA STRADALE","Z2RMP000","3999","24/12/2004","FISSO - Velocità media","Movyon SpA","SICVe","SICVe","non applicabile","A14, AUTOSTRADA BOLOGNA - BARI - TARANTO TRATTA CERIGNOLA EST DIR SUD (km 580+225) - ALL A16 A14 N DIR SUD (km 599+500) DIREZIONE SUD","20/04/2026 15:44:22","12/11/2025 16:22:37"
"Z2RMP000","POLIZIA STRADALE","Z2RMP000","3758","06/08/2014","rilevatore di velocità in modalità istantanea","Sodi Scientifica S.p.A.","106","106","958085","","20/04/2026 15:44:22","12/11/2025 16:22:37"
"Z2RMP000","POLIZIA STRADALE","Z2RMP000","242","05/07/2018","rilevatore di velocità in modalità istantanea","Eltraff S.r.l.","TRUCAM HD","TRUCAM HD","TC008189","","20/04/2026 15:44:22","12/11/2025 16:22:37"
"Z2RMP000","POLIZIA STRADALE","Z2RMP000","305","20/06/2024","FISSO - Velocità media","Movyon SpA","Tutor 3.0","Tutor 3.0","non applicabile","A14, AUTOSTRADA BOLOGNA - BARI - TARANTO TRATTA ALL A16 A14 S DIR SUD (km 603+790) - CANOSA DIR SUD (km 608+790) DIREZIONE SUD","20/04/2026 15:44:22","12/11/2025 16:22:37"
"Z2RMP000","POLIZIA STRADALE","Z2RMP000","3758","06/08/2014","rilevatore di velocità in modalità istantanea","Sodi Scientifica S.p.A.","106","106","958340","","20/04/2026 15:44:22","12/11/2025 16:22:37"
"Z2RMP000","POLIZIA STRADALE","Z2RMP000","242","05/07/2018","rilevatore di velocità in modalità istantanea","Eltraff S.r.l.","TRUCAM HD","TRUCAM HD","TC010131","","20/04/2026 15:44:22","12/11/2025 16:22:37"
"Z2RMP000","POLIZIA STRADALE","Z2RMP000","305","20/06/2024","FISSO - Velocità media","Movyon SpA","Tutor 3.0","Tutor 3.0","non applicabile","A14, AUTOSTRADA BOLOGNA - BARI - TARANTO TRATTA CANOSA DIR SUD (km 608+790) - ANDRIA BARLETTA DIR SUD (km 619+400) DIREZIONE SUD","20/04/2026 15:44:22","12/11/2025 16:22:37"
"Z2RMP000","POLIZIA STRADALE","Z2RMP000","3758","06/08/2014","rilevatore di velocità in modalità istantanea","Sodi Scientifica S.p.A.","106","106","959281","","20/04/2026 15:44:22","12/11/2025 16:22:37"
"Z2RMP000","POLIZIA STRADALE","Z2RMP000","242","05/07/2018","rilevatore di velocità in modalità istantanea","Eltraff S.r.l.","TRUCAM HD","TRUCAM HD","TC007074","","20/04/2026 15:44:22","12/11/2025 16:22:37"
"Z2RMP000","POLIZIA STRADALE","Z2RMP000","305","20/06/2024","FISSO - Velocità media","Movyon SpA","Tutor 3.0","Tutor 3.0","non applicabile","A14, AUTOSTRADA BOLOGNA - BARI - TARANTO TRATTA ANDRIA BARLETTA DIR SUD (km 619+400) - TRANI DIR SUD (km 637+050) DIREZIONE SUD","20/04/2026 15:44:22","12/11/2025 16:22:37"
"Z2RMP000","POLIZIA STRADALE","Z2RMP000","3758","06/08/2014","rilevatore di velocità in modalità istantanea","Sodi Scientifica S.p.A.","106","106","954597","","20/04/2026 15:44:22","12/11/2025 16:22:37"
"Z2RMP000","POLIZIA STRADALE","Z2RMP000","242","05/07/2018","rilevatore di velocità in modalità istantanea","Eltraff S.r.l.","TRUCAM HD","TRUCAM HD","TC007317","","20/04/2026 15:44:22","12/11/2025 16:22:37"
"Z2RMP000","POLIZIA STRADALE","Z2RMP000","305","20/06/2024","FISSO - Velocità media","Movyon SpA","Tutor 3.0","Tutor 3.0","non applicabile","A14, AUTOSTRADA BOLOGNA - BARI - TARANTO TRATTA TRANI DIR SUD (km 637+050) - MOLFETTA DIR SUD (km 642+500) DIREZIONE SUD","20/04/2026 15:44:22","12/11/2025 16:22:37"
"Z2RMP000","POLIZIA STRADALE","Z2RMP000","3758","06/08/2014","rilevatore di velocità in modalità istantanea","Sodi Scientifica S.p.A.","106","106","953519","","20/04/2026 15:44:22","12/11/2025 16:22:37"
"Z2RMP000","POLIZIA STRADALE","Z2RMP000","242","05/07/2018","rilevatore di velocità in modalità istantanea","Eltraff S.r.l.","TRUCAM HD","TRUCAM HD","TC012334","","20/04/2026 15:44:22","12/11/2025 16:22:37"
"Z2RMP000","POLIZIA STRADALE","Z2RMP000","305","20/06/2024","FISSO - Velocità media","Movyon SpA","Tutor 3.0","Tutor 3.0","non applicabile","A14, AUTOSTRADA BOLOGNA - BARI - TARANTO TRATTA MOLFETTA DIR SUD (km 642+500) - BITONTO DIR SUD (km 660+227) DIREZIONE SUD","20/04/2026 15:44:22","12/11/2025 16:22:37"
"Z2RMP000","POLIZIA STRADALE","Z2RMP000","3758","06/08/2014","rilevatore di velocità in modalità istantanea","Sodi Scientifica S.p.A.","106","106","958341","","20/04/2026 15:44:22","12/11/2025 16:22:37"
"Z2RMP000","POLIZIA STRADALE","Z2RMP000","242","05/07/2018","rilevatore di velocità in modalità istantanea","Eltraff S.r.l.","TRUCAM HD","TRUCAM HD","TC007377","","20/04/2026 15:44:22","12/11/2025 16:22:37"
"Z2RMP000","POLIZIA STRADALE","Z2RMP000","305","20/06/2024","FISSO - Velocità media","Movyon SpA","Tutor 3.0","Tutor 3.0","non applicabile","A14, AUTOSTRADA BOLOGNA - BARI - TARANTO TRATTA BITONTO DIR SUD (km 660+227) - BARI NORD DIR SUD (km 668+200) DIREZIONE SUD","20/04/2026 15:44:22","12/11/2025 16:22:37"
"Z2RMP000","POLIZIA STRADALE","Z2RMP000","3758","06/08/2014","rilevatore di velocità in modalità istantanea","Sodi Scientifica S.p.A.","106","106","953518","","20/04/2026 15:44:22","12/11/2025 16:22:37"
"Z2RMP000","POLIZIA STRADALE","Z2RMP000","242","05/07/2018","rilevatore di velocità in modalità istantanea","Eltraff S.r.l.","TRUCAM HD","TRUCAM HD","TC009346","","20/04/2026 15:44:22","12/11/2025 16:22:37"
"Z2RMP000","POLIZIA STRADALE","Z2RMP000","3999","24/12/2004","FISSO - Velocità media","Movyon SpA","SICVe","SICVe","non applicabile","A16, AUTOSTRADA NAPOLI - CANOSA TRATTA MONTEFORTE DIR EST (km36+050) - AVELLINO OVEST DIR EST (km40+000) DIREZIONE EST","20/04/2026 15:44:22","12/11/2025 16:22:37"
"Z2RMP000","POLIZIA STRADALE","Z2RMP000","3758","06/08/2014","rilevatore di velocità in modalità istantanea","Sodi Scientifica S.p.A.","106","106","955451","","20/04/2026 15:44:22","12/11/2025 16:22:37"
"Z2RMP000","POLIZIA STRADALE","Z2RMP000","242","05/07/2018","rilevatore di velocità in modalità istantanea","Eltraff S.r.l.","TRUCAM HD","TRUCAM HD","TC008252","","20/04/2026 15:44:22","12/11/2025 16:22:37"
"Z2RMP000","POLIZIA STRADALE","Z2RMP000","3999","24/12/2004","FISSO - Velocità media","Movyon SpA","SICVe","SICVe","non applicabile","A16, AUTOSTRADA NAPOLI - CANOSA TRATTA MONTEFORTE DIR OVEST (km36+050) - BAIANO DIR OVEST (km27+650) DIREZIONE OVEST","20/04/2026 15:44:22","12/11/2025 16:22:37"
"Z2RMP000","POLIZIA STRADALE","Z2RMP000","3758","06/08/2014","rilevatore di velocità in modalità istantanea","Sodi Scientifica S.p.A.","106","106","958334","","20/04/2026 15:44:22","12/11/2025 16:22:37"
"Z2RMP000","POLIZIA STRADALE","Z2RMP000","242","05/07/2018","rilevatore di velocità in modalità istantanea","Eltraff S.r.l.","TRUCAM HD","TRUCAM HD","TC007075","","20/04/2026 15:44:22","12/11/2025 16:22:37"
"Z2RMP000","POLIZIA STRADALE","Z2RMP000","305","20/06/2024","FISSO - Velocità media","Movyon SpA","Tutor 3.0","Tutor 3.0","non applicabile","A23, AUTOSTRADA PALMANOVA - UDINE - TARVISIO TRATTA UDINE NORD DIR NORD (km25+200) - GEMONA DIR NORD (km43+000) DIREZIONE NORD","20/04/2026 15:44:22","12/11/2025 16:22:37"
"Z2RMP000","POLIZIA STRADALE","Z2RMP000","3758","06/08/2014","rilevatore di velocità in modalità istantanea","Sodi Scientifica S.p.A.","106","106","945929","","20/04/2026 15:44:22","12/11/2025 16:22:37"
"Z2RMP000","POLIZIA STRADALE","Z2RMP000","242","05/07/2018","rilevatore di velocità in modalità istantanea","Eltraff S.r.l.","TRUCAM HD","TRUCAM HD","TC007076","","20/04/2026 15:44:22","12/11/2025 16:22:37"
"Z2RMP000","POLIZIA STRADALE","Z2RMP000","305","20/06/2024","FISSO - Velocità media","Movyon SpA","Tutor 3.0","Tutor 3.0","non applicabile","A23, AUTOSTRADA PALMANOVA - UDINE - TARVISIO TRATTA GEMONA DIR NORD (km43+000) - CARNIA DIR NORD (km54+370) DIREZIONE NORD","20/04/2026 15:44:22","12/11/2025 16:22:37"
"Z2RMP000","POLIZIA STRADALE","Z2RMP000","3758","06/08/2014","rilevatore di velocità in modalità istantanea","Sodi Scientifica S.p.A.","106","106","954610","","20/04/2026 15:44:22","12/11/2025 16:22:37"
"Z2RMP000","POLIZIA STRADALE","Z2RMP000","242","05/07/2018","rilevatore di velocità in modalità istantanea","Eltraff S.r.l.","TRUCAM HD","TRUCAM HD","TC008190","","20/04/2026 15:44:22","12/11/2025 16:22:37"
"Z2RMP000","POLIZIA STRADALE","Z2RMP000","305","20/06/2024","FISSO - Velocità media","Movyon SpA","Tutor 3.0","Tutor 3.0","non applicabile","A23, AUTOSTRADA PALMANOVA - UDINE - TARVISIO TRATTA GEMONA DIR SUD (km47+200) - UDINE NORD DIR SUD (km30+650) DIREZIONE SUD","20/04/2026 15:44:22","12/11/2025 16:22:37"
"Z2RMP000","POLIZIA STRADALE","Z2RMP000","3758","06/08/2014","rilevatore di velocità in modalità istantanea","Sodi Scientifica S.p.A.","106","106","953036","","20/04/2026 15:44:22","12/11/2025 16:22:37"
"Z2RMP000","POLIZIA STRADALE","Z2RMP000","242","05/07/2018","rilevatore di velocità in modalità istantanea","Eltraff S.r.l.","TRUCAM HD","TRUCAM HD","TC006436","","20/04/2026 15:44:22","12/11/2025 16:22:37"
"Z2RMP000","POLIZIA STRADALE","Z2RMP000","3999","24/12/2004","FISSO - Velocità media","Movyon SpA","SICVe","SICVe","non applicabile","A26, AUTOSTRADA GENOVA VOLTRI - GRAVELLONA TOCE TRATTA OVADA DIR NORD (km28+950) - PREDOSA DIR NORD (km44+490) DIREZIONE NORD","20/04/2026 15:44:22","12/11/2025 16:22:37"
"Z2RMP000","POLIZIA STRADALE","Z2RMP000","3758","06/08/2014","rilevatore di velocità in modalità istantanea","Sodi Scientifica S.p.A.","106","106","957494","","20/04/2026 15:44:22","12/11/2025 16:22:37"
"Z2RMP000","POLIZIA STRADALE","Z2RMP000","242","05/07/2018","rilevatore di velocità in modalità istantanea","Eltraff S.r.l.","TRUCAM HD","TRUCAM HD","TC007319","","20/04/2026 15:44:22","12/11/2025 16:22:37"
"Z2RMP000","POLIZIA STRADALE","Z2RMP000","3999","24/12/2004","FISSO - Velocità media","Movyon SpA","SICVe","SICVe","non applicabile","A26, AUTOSTRADA GENOVA VOLTRI - GRAVELLONA TOCE TRATTA PREDOSA DIR SUD (km43+000) - OVADA (km31+750) DIREZIONE SUD","20/04/2026 15:44:22","12/11/2025 16:22:37"
"Z2RMP000","POLIZIA STRADALE","Z2RMP000","3758","06/08/2014","rilevatore di velocità in modalità istantanea","Sodi Scientifica S.p.A.","106","106","959322","","20/04/2026 15:44:22","12/11/2025 16:22:37"
"Z2RMP000","POLIZIA STRADALE","Z2RMP000","242","05/07/2018","rilevatore di velocità in modalità istantanea","Eltraff S.r.l.","TRUCAM HD","TRUCAM HD","TC010130","","20/04/2026 15:44:22","12/11/2025 16:22:37"
"Z2RMP000","POLIZIA STRADALE","Z2RMP000","305","20/06/2024","FISSO - Velocità media","Movyon SpA","Tutor 3.0","Tutor 3.0","non applicabile","A27, AUTOSTRADA VENEZIA - BELLUNO TRATTA TREVISO SUD DIR NORD (km10+100) - TREVISO NORD DIR NORD (km21+500) DIREZIONE NORD","20/04/2026 15:44:22","12/11/2025 16:22:37"
"Z2RMP000","POLIZIA STRADALE","Z2RMP000","3758","06/08/2014","rilevatore di velocità in modalità istantanea","Sodi Scientifica S.p.A.","106","106","954595","","20/04/2026 15:44:22","12/11/2025 16:22:37"
"Z2RMP000","POLIZIA STRADALE","Z2RMP000","242","05/07/2018","rilevatore di velocità in modalità istantanea","Eltraff S.r.l.","TRUCAM HD","TRUCAM HD","TC012324","","20/04/2026 15:44:22","12/11/2025 16:22:37"
"Z2RMP000","POLIZIA STRADALE","Z2RMP000","305","20/06/2024","FISSO - Velocità media","Movyon SpA","Tutor 3.0","Tutor 3.0","non applicabile","A27, AUTOSTRADA VENEZIA - BELLUNO TRATTA TREVISO NORD DIR NORD (km21+500) - ALL SPV A27 DIR NORD (km24+000) DIREZIONE NORD","20/04/2026 15:44:22","12/11/2025 16:22:37"
"Z2RMP000","POLIZIA STRADALE","Z2RMP000","3758","06/08/2014","rilevatore di velocità in modalità istantanea","Sodi Scientifica S.p.A.","106","106","956785","","20/04/2026 15:44:22","12/11/2025 16:22:37"
"Z2RMP000","POLIZIA STRADALE","Z2RMP000","242","05/07/2018","rilevatore di velocità in modalità istantanea","Eltraff S.r.l.","TRUCAM HD","TRUCAM HD","TC012026","","20/04/2026 15:44:22","12/11/2025 16:22:37"
"Z2RMP000","POLIZIA STRADALE","Z2RMP000","305","20/06/2024","FISSO - Velocità media","Movyon SpA","Tutor 3.0","Tutor 3.0","non applicabile","A27, AUTOSTRADA VENEZIA - BELLUNO TRATTA VITTORIO VENETO NORD DIR NORD (km58+200) - FADALTO DIR NORD (km62+300) DIREZIONE NORD","20/04/2026 15:44:22","12/11/2025 16:22:37"
"Z2RMP000","POLIZIA STRADALE","Z2RMP000","3758","06/08/2014","rilevatore di velocità in modalità istantanea","Sodi Scientifica S.p.A.","106","106","956821","","20/04/2026 15:44:22","12/11/2025 16:22:37"
"Z2RMP000","POLIZIA STRADALE","Z2RMP000","242","05/07/2018","rilevatore di velocità in modalità istantanea","Eltraff S.r.l.","TRUCAM HD","TRUCAM HD","TC012321","","20/04/2026 15:44:22","12/11/2025 16:22:37"
"Z2RMP000","POLIZIA STRADALE","Z2RMP000","305","20/06/2024","FISSO - Velocità media","Movyon SpA","Tutor 3.0","Tutor 3.0","non applicabile","A27, AUTOSTRADA VENEZIA - BELLUNO TRATTA TREVISO SUD DIR SUD (km16+025) - ALL A4 A27 DIR SUD (km10+200) DIREZIONE SUD","20/04/2026 15:44:22","12/11/2025 16:22:37"
"Z2RMP000","POLIZIA STRADALE","Z2RMP000","3758","06/08/2014","rilevatore di velocità in modalità istantanea","Sodi Scientifica S.p.A.","106","106","995377","","20/04/2026 15:44:22","12/11/2025 16:22:37"
"Z2RMP000","POLIZIA STRADALE","Z2RMP000","242","05/07/2018","rilevatore di velocità in modalità istantanea","Eltraff S.r.l.","TRUCAM HD","TRUCAM HD","TC012335","","20/04/2026 15:44:22","12/11/2025 16:22:37"
"Z2RMP000","POLIZIA STRADALE","Z2RMP000","305","20/06/2024","FISSO - Velocità media","Movyon SpA","Tutor 3.0","Tutor 3.0","non applicabile","A27, AUTOSTRADA VENEZIA - BELLUNO TRATTA TREVISO NORD DIR SUD (km24+450) - TREVISO SUD DIR SUD (km16+025) DIREZIONE SUD","20/04/2026 15:44:22","12/11/2025 16:22:37"
"Z2RMP000","POLIZIA STRADALE","Z2RMP000","3758","06/08/2014","rilevatore di velocità in modalità istantanea","Sodi Scientifica S.p.A.","106","106","953533","","20/04/2026 15:44:22","12/11/2025 16:22:37"
"Z2RMP000","POLIZIA STRADALE","Z2RMP000","242","05/07/2018","rilevatore di velocità in modalità istantanea","Eltraff S.r.l.","TRUCAM HD","TRUCAM HD","TC012032","","20/04/2026 15:44:22","12/11/2025 16:22:37"
"Z2RMP000","POLIZIA STRADALE","Z2RMP000","305","20/06/2024","FISSO - Velocità media","Movyon SpA","Tutor 3.0","Tutor 3.0","non applicabile","A30, AUTOSTRADA CASERTA - NOLA - SALERNO TRATTA NOLA DIR NORD (km19+280) - ALL A30 A1 DIR NORD (km 1+300) DIREZIONE NORD","20/04/2026 15:44:22","12/11/2025 16:22:37"
"Z2RMP000","POLIZIA STRADALE","Z2RMP000","3758","06/08/2014","rilevatore di velocità in modalità istantanea","Sodi Scientifica S.p.A.","106","106","954622","","20/04/2026 15:44:22","12/11/2025 16:22:37"
"Z2RMP000","POLIZIA STRADALE","Z2RMP000","242","05/07/2018","rilevatore di velocità in modalità istantanea","Eltraff S.r.l.","TRUCAM HD","TRUCAM HD","TC 009947","","20/04/2026 15:44:22","12/11/2025 16:22:37"
"Z2RMP000","POLIZIA STRADALE","Z2RMP000","305","20/06/2024","FISSO - Velocità media","Movyon SpA","Tutor 3.0","Tutor 3.0","non applicabile","A30, AUTOSTRADA CASERTA - NOLA - SALERNO TRATTA PALMA CAMPANIA DIR NORD (km32+140) - ALL A30 A16 DIR NORD (km22+100) DIREZIONE NORD","20/04/2026 15:44:22","12/11/2025 16:22:37"
"Z2RMP000","POLIZIA STRADALE","Z2RMP000","3758","06/08/2014","rilevatore di velocità in modalità istantanea","Sodi Scientifica S.p.A.","106","106","952273","","20/04/2026 15:44:22","12/11/2025 16:22:37"
"Z2RMP000","POLIZIA STRADALE","Z2RMP000","242","05/07/2018","rilevatore di velocità in modalità istantanea","Eltraff S.r.l.","TRUCAM HD","TRUCAM HD","TC007985","","20/04/2026 15:44:22","12/11/2025 16:22:37"
"Z2RMP000","POLIZIA STRADALE","Z2RMP000","305","20/06/2024","FISSO - Velocità media","Movyon SpA","Tutor 3.0","Tutor 3.0","non applicabile","A30, AUTOSTRADA CASERTA - NOLA - SALERNO TRATTA SARNO DIR NORD (km38+330) - PALMA CAMPANIA DIR NORD (km32+140) DIREZIONE NORD","20/04/2026 15:44:22","12/11/2025 16:22:37"
"Z2RMP000","POLIZIA STRADALE","Z2RMP000","3758","06/08/2014","rilevatore di velocità in modalità istantanea","Sodi Scientifica S.p.A.","106","106","950497","","20/04/2026 15:44:22","12/11/2025 16:22:37"
"Z2RMP000","POLIZIA STRADALE","Z2RMP000","242","05/07/2018","rilevatore di velocità in modalità istantanea","Eltraff S.r.l.","TRUCAM HD","TRUCAM HD","TC005855","","20/04/2026 15:44:22","12/11/2025 16:22:37"
"Z2RMP000","POLIZIA STRADALE","Z2RMP000","305","20/06/2024","FISSO - Velocità media","Movyon SpA","Tutor 3.0","Tutor 3.0","non applicabile","A30, AUTOSTRADA CASERTA - NOLA - SALERNO TRATTA NOCERA PAGANI DIR NORD (km40+940) - SARNO DIR NORD (km38+330) DIREZIONE NORD","20/04/2026 15:44:22","12/11/2025 16:22:37"
"Z2RMP000","POLIZIA STRADALE","Z2RMP000","3758","06/08/2014","rilevatore di velocità in modalità istantanea","Sodi Scientifica S.p.A.","106","106","958351","","20/04/2026 15:44:22","12/11/2025 16:22:37"
"Z2RMP000","POLIZIA STRADALE","Z2RMP000","242","05/07/2018","rilevatore di velocità in modalità istantanea","Eltraff S.r.l.","TRUCAM HD","TRUCAM HD","TC009936","","20/04/2026 15:44:22","12/11/2025 16:22:37"
"Z2RMP000","POLIZIA STRADALE","Z2RMP000","305","20/06/2024","FISSO - Velocità media","Movyon SpA","Tutor 3.0","Tutor 3.0","non applicabile","A30, AUTOSTRADA CASERTA - NOLA - SALERNO TRATTA SALERNO SAN SEVERINO DIR NORD (km49+470) - NOCERA PAGANI DIR NORD (km40+940) DIREZIONE NORD","20/04/2026 15:44:22","12/11/2025 16:22:37"
"Z2RMP000","POLIZIA STRADALE","Z2RMP000","3758","06/08/2014","rilevatore di velocità in modalità istantanea","Sodi Scientifica S.p.A.","106","106","959314","","20/04/2026 15:44:22","12/11/2025 16:22:37"
"Z2RMP000","POLIZIA STRADALE","Z2RMP000","242","05/07/2018","rilevatore di velocità in modalità istantanea","Eltraff S.r.l.","TRUCAM HD","TRUCAM HD","TC012025","","20/04/2026 15:44:22","12/11/2025 16:22:37"
"Z2RMP000","POLIZIA STRADALE","Z2RMP000","3999","24/12/2004","FISSO - Velocità media","Movyon SpA","SICVe","SICVe","non applicabile","A30, AUTOSTRADA CASERTA - NOLA - SALERNO TRATTA ALL A30 A1 DIR SUD (km 1+850) - NOLA DIR SUD (km17+200) DIREZIONE SUD","20/04/2026 15:44:22","12/11/2025 16:22:37"
"Z2RMP000","POLIZIA STRADALE","Z2RMP000","3758","06/08/2014","rilevatore di velocità in modalità istantanea","Sodi Scientifica S.p.A.","106","106","947544","","20/04/2026 15:44:22","12/11/2025 16:22:37"
"Z2RMP000","POLIZIA STRADALE","Z2RMP000","242","05/07/2018","rilevatore di velocità in modalità istantanea","Eltraff S.r.l.","TRUCAM HD","TRUCAM HD","TC006414","","20/04/2026 15:44:22","12/11/2025 16:22:37"
"Z2RMP000","POLIZIA STRADALE","Z2RMP000","305","20/06/2024","FISSO - Velocità media","Movyon SpA","Tutor 3.0","Tutor 3.0","non applicabile","A30, AUTOSTRADA CASERTA - NOLA - SALERNO TRATTA ALL A30 A16 DIR SUD (km22+160) - PALMA CAMPANIA DIR SUD (km29+000) DIREZIONE SUD","20/04/2026 15:44:22","12/11/2025 16:22:37"
"Z2RMP000","POLIZIA STRADALE","Z2RMP000","3758","06/08/2014","rilevatore di velocità in modalità istantanea","Sodi Scientifica S.p.A.","106","106","951902","","20/04/2026 15:44:22","12/11/2025 16:22:37"
"Z2RMP000","POLIZIA STRADALE","Z2RMP000","242","05/07/2018","rilevatore di velocità in modalità istantanea","Eltraff S.r.l.","TRUCAM HD","TRUCAM HD","TC012043","","20/04/2026 15:44:22","12/11/2025 16:22:37"
"Z2RMP000","POLIZIA STRADALE","Z2RMP000","305","20/06/2024","FISSO - Velocità media","Movyon SpA","Tutor 3.0","Tutor 3.0","non applicabile","A30, AUTOSTRADA CASERTA - NOLA - SALERNO TRATTA PALMA CAMPANIA DIR SUD (km29+000) - SARNO DIR SUD (km34+365) DIREZIONE SUD","20/04/2026 15:44:22","12/11/2025 16:22:37"
"Z2RMP000","POLIZIA STRADALE","Z2RMP000","3758","06/08/2014","rilevatore di velocità in modalità istantanea","Sodi Scientifica S.p.A.","106","106","956827","","20/04/2026 15:44:22","12/11/2025 16:22:37"
"Z2RMP000","POLIZIA STRADALE","Z2RMP000","242","05/07/2018","rilevatore di velocità in modalità istantanea","Eltraff S.r.l.","TRUCAM HD","TRUCAM HD","TC007730","","20/04/2026 15:44:22","12/11/2025 16:22:37"
"Z2RMP000","POLIZIA STRADALE","Z2RMP000","305","20/06/2024","FISSO - Velocità media","Movyon SpA","Tutor 3.0","Tutor 3.0","non applicabile","A30, AUTOSTRADA CASERTA - NOLA - SALERNO TRATTA SARNO DIR SUD (km34+365) - NOCERA PAGANI DIR SUD (km38+400) DIREZIONE SUD","20/04/2026 15:44:22","12/11/2025 16:22:37"
"Z2RMP000","POLIZIA STRADALE","Z2RMP000","3758","06/08/2014","rilevatore di velocità in modalità istantanea","Sodi Scientifica S.p.A.","106","106","953468","","20/04/2026 15:44:22","12/11/2025 16:22:37"
"Z2RMP000","POLIZIA STRADALE","Z2RMP000","242","05/07/2018","rilevatore di velocità in modalità istantanea","Eltraff S.r.l.","TRUCAM HD","TRUCAM HD","TC007065","","20/04/2026 15:44:22","12/11/2025 16:22:37"
"Z2RMP000","POLIZIA STRADALE","Z2RMP000","305","20/06/2024","FISSO - Velocità media","Movyon SpA","Tutor 3.0","Tutor 3.0","non applicabile","A30, AUTOSTRADA CASERTA - NOLA - SALERNO TRATTA NOCERA PAGANI DIR SUD (km38+400) - CASTEL SAN GIORGIO DIR SUD (km42+765) DIREZIONE SUD","20/04/2026 15:44:22","12/11/2025 16:22:37"
"Z2RMP000","POLIZIA STRADALE","Z2RMP000","3758","06/08/2014","rilevatore di velocità in modalità istantanea","Sodi Scientifica S.p.A.","106","106","953473","","20/04/2026 15:44:22","12/11/2025 16:22:37"
"Z2RMP000","POLIZIA STRADALE","Z2RMP000","242","05/07/2018","rilevatore di velocità in modalità istantanea","Eltraff S.r.l.","TRUCAM HD","TRUCAM HD","TC007310","","20/04/2026 15:44:22","12/11/2025 16:22:37"
"Z2RMP000","POLIZIA STRADALE","Z2RMP000","3999","24/12/2004","FISSO - Velocità media","Movyon SpA","SICVe","SICVe","non applicabile","A4, AUTOSTRADA TORINO - TRIESTE TRATTA TREZZO DIR EST (km 154+850) - DALMINE DIR EST (km 166+633) DIREZIONE EST","20/04/2026 15:44:22","12/11/2025 16:22:37"
"Z2RMP000","POLIZIA STRADALE","Z2RMP000","3758","06/08/2014","rilevatore di velocità in modalità istantanea","Sodi Scientifica S.p.A.","106","106","953482","","20/04/2026 15:44:22","12/11/2025 16:22:37"
"Z2RMP000","POLIZIA STRADALE","Z2RMP000","242","05/07/2018","rilevatore di velocità in modalità istantanea","Eltraff S.r.l.","TRUCAM HD","TRUCAM HD","TC007320","","20/04/2026 15:44:22","12/11/2025 16:22:37"
"Z2RMP000","POLIZIA STRADALE","Z2RMP000","3999","24/12/2004","FISSO - Velocità media","Movyon SpA","SICVe","SICVe","non applicabile","A4, AUTOSTRADA TORINO - TRIESTE TRATTA DALMINE DIR EST (km 166+633) - BERGAMO DIR EST (km 171+300) DIREZIONE EST","20/04/2026 15:44:22","12/11/2025 16:22:37"
"Z2RMP000","POLIZIA STRADALE","Z2RMP000","3758","06/08/2014","rilevatore di velocità in modalità istantanea","Sodi Scientifica S.p.A.","106","106","946842","","20/04/2026 15:44:22","12/11/2025 16:22:37"
"Z2RMP000","POLIZIA STRADALE","Z2RMP000","242","05/07/2018","rilevatore di velocità in modalità istantanea","Eltraff S.r.l.","TRUCAM HD","TRUCAM HD","TC007064","","20/04/2026 15:44:22","12/11/2025 16:22:37"
"Z2RMP000","POLIZIA STRADALE","Z2RMP000","3999","24/12/2004","FISSO - Velocità media","Movyon SpA","SICVe","SICVe","non applicabile","A4, AUTOSTRADA TORINO - TRIESTE TRATTA BERGAMO DIR EST (km 171+300) - SERIATE DIR EST (km 178+450) DIREZIONE EST","20/04/2026 15:44:22","12/11/2025 16:22:37"
"Z2RMP000","POLIZIA STRADALE","Z2RMP000","3758","06/08/2014","rilevatore di velocità in modalità istantanea","Sodi Scientifica S.p.A.","106","106","958078","","20/04/2026 15:44:22","12/11/2025 16:22:37"
"Z2RMP000","POLIZIA STRADALE","Z2RMP000","242","05/07/2018","rilevatore di velocità in modalità istantanea","Eltraff S.r.l.","TRUCAM HD","TRUCAM HD","TC 008248","","20/04/2026 15:44:22","12/11/2025 16:22:37"
"Z2RMP000","POLIZIA STRADALE","Z2RMP000","3999","24/12/2004","FISSO - Velocità media","Movyon SpA","SICVe","SICVe","non applicabile","A4, AUTOSTRADA TORINO - TRIESTE TRATTA SERIATE DIR EST (km 178+450) - GRUMELLO DIR EST (km 187+010) DIREZIONE EST","20/04/2026 15:44:22","12/11/2025 16:22:37"
"Z2RMP000","POLIZIA STRADALE","Z2RMP000","3758","06/08/2014","rilevatore di velocità in modalità istantanea","Sodi Scientifica S.p.A.","106","106","952410","","20/04/2026 15:44:22","12/11/2025 16:22:37"
"Z2RMP000","POLIZIA STRADALE","Z2RMP000","242","05/07/2018","rilevatore di velocità in modalità istantanea","Eltraff S.r.l.","TRUCAM HD","TRUCAM HD","TC012316","","20/04/2026 15:44:22","12/11/2025 16:22:37"
"Z2RMP000","POLIZIA STRADALE","Z2RMP000","3999","24/12/2004","FISSO - Velocità media","Movyon SpA","SICVe","SICVe","non applicabile","A4, AUTOSTRADA TORINO - TRIESTE TRATTA GRUMELLO DIR EST (km 187+010) - PONTE OGLIO DIR EST (km 190+450) DIREZIONE EST","20/04/2026 15:44:22","12/11/2025 16:22:37"
"Z2RMP000","POLIZIA STRADALE","Z2RMP000","3758","06/08/2014","rilevatore di velocità in modalità istantanea","Sodi Scientifica S.p.A.","106","106","956765","","20/04/2026 15:44:22","12/11/2025 16:22:37"
"Z2RMP000","POLIZIA STRADALE","Z2RMP000","242","05/07/2018","rilevatore di velocità in modalità istantanea","Eltraff S.r.l.","TRUCAM HD","TRUCAM HD","TC012030","","20/04/2026 15:44:22","12/11/2025 16:22:37"
"Z2RMP000","POLIZIA STRADALE","Z2RMP000","3999","24/12/2004","FISSO - Velocità media","Movyon SpA","SICVe","SICVe","non applicabile","A4, AUTOSTRADA TORINO - TRIESTE TRATTA PONTE OGLIO DIR EST (km 190+450) - PALAZZOLO DIR EST (km 192+400) DIREZIONE EST","20/04/2026 15:44:22","12/11/2025 16:22:37"
"Z2RMP000","POLIZIA STRADALE","Z2RMP000","3758","06/08/2014","rilevatore di velocità in modalità istantanea","Sodi Scientifica S.p.A.","106","106","951953","","20/04/2026 15:44:22","12/11/2025 16:22:37"
"Z2RMP000","POLIZIA STRADALE","Z2RMP000","242","05/07/2018","rilevatore di velocità in modalità istantanea","Eltraff S.r.l.","TRUCAM HD","TRUCAM HD","TC008166","","20/04/2026 15:44:22","12/11/2025 16:22:37"
"Z2RMP000","POLIZIA STRADALE","Z2RMP000","3999","24/12/2004","FISSO - Velocità media","Movyon SpA","SICVe","SICVe","non applicabile","A4, AUTOSTRADA TORINO - TRIESTE TRATTA PALAZZOLO DIR EST (km 192+400) - ROVATO DIR EST (km 200+690) DIREZIONE EST","20/04/2026 15:44:22","12/11/2025 16:22:37"
"Z2RMP000","POLIZIA STRADALE","Z2RMP000","3758","06/08/2014","rilevatore di velocità in modalità istantanea","Sodi Scientifica S.p.A.","106","106","953520","","20/04/2026 15:44:22","12/11/2025 16:22:37"
"Z2RMP000","POLIZIA STRADALE","Z2RMP000","242","05/07/2018","rilevatore di velocità in modalità istantanea","Eltraff S.r.l.","TRUCAM HD","TRUCAM HD","TC009953","","20/04/2026 15:44:22","12/11/2025 16:22:37"
"Z2RMP000","POLIZIA STRADALE","Z2RMP000","3999","24/12/2004","FISSO - Velocità media","Movyon SpA","SICVe","SICVe","non applicabile","A4, AUTOSTRADA TORINO - TRIESTE TRATTA ROVATO DIR EST (km 200+690) - OSPITALETTO DIR EST (km 205+550) DIREZIONE EST","20/04/2026 15:44:22","12/11/2025 16:22:37"
"Z2RMP000","POLIZIA STRADALE","Z2RMP000","3758","06/08/2014","rilevatore di velocità in modalità istantanea","Sodi Scientifica S.p.A.","106","106","956769","","20/04/2026 15:44:22","12/11/2025 16:22:37"
"Z2RMP000","POLIZIA STRADALE","Z2RMP000","242","05/07/2018","rilevatore di velocità in modalità istantanea","Eltraff S.r.l.","TRUCAM HD","TRUCAM HD","TC005846","","20/04/2026 15:44:22","12/11/2025 16:22:37"
"Z2RMP000","POLIZIA STRADALE","Z2RMP000","3999","24/12/2004","FISSO - Velocità media","Movyon SpA","SICVe","SICVe","non applicabile","A4, AUTOSTRADA TORINO - TRIESTE TRATTA CAPRIATE DIR OVEST (km 161+490) - CAVENAGO DIR OVEST (km 151+500) DIREZIONE OVEST","20/04/2026 15:44:22","12/11/2025 16:22:37"
"Z2RMP000","POLIZIA STRADALE","Z2RMP000","3758","06/08/2014","rilevatore di velocità in modalità istantanea","Sodi Scientifica S.p.A.","106","106","958764","","20/04/2026 15:44:22","12/11/2025 16:22:37"
"Z2RMP000","POLIZIA STRADALE","Z2RMP000","242","05/07/2018","rilevatore di velocità in modalità istantanea","Eltraff S.r.l.","TRUCAM HD","TRUCAM HD","TC010136","","20/04/2026 15:44:22","12/11/2025 16:22:37"
"Z2RMP000","POLIZIA STRADALE","Z2RMP000","3999","24/12/2004","FISSO - Velocità media","Movyon SpA","SICVe","SICVe","non applicabile","A4, AUTOSTRADA TORINO - TRIESTE TRATTA DALMINE DIR OVEST (km 168+900) - CAPRIATE DIR OVEST (km 161+490) DIREZIONE OVEST","20/04/2026 15:44:22","12/11/2025 16:22:37"
"Z2RMP000","POLIZIA STRADALE","Z2RMP000","3758","06/08/2014","rilevatore di velocità in modalità istantanea","Sodi Scientifica S.p.A.","106","106","952854","","20/04/2026 15:44:22","12/11/2025 16:22:37"
"Z2RMP000","POLIZIA STRADALE","Z2RMP000","242","05/07/2018","rilevatore di velocità in modalità istantanea","Eltraff S.r.l.","TRUCAM HD","TRUCAM HD","TC010123","","20/04/2026 15:44:22","12/11/2025 16:22:37"
"Z2RMP000","POLIZIA STRADALE","Z2RMP000","3999","24/12/2004","FISSO - Velocità media","Movyon SpA","SICVe","SICVe","non applicabile","A4, AUTOSTRADA TORINO - TRIESTE TRATTA SERIATE DIR OVEST (km 180+000) - BERGAMO DIR OVEST (km 174+300) DIREZIONE OVEST","20/04/2026 15:44:22","12/11/2025 16:22:37"
"Z2RMP000","POLIZIA STRADALE","Z2RMP000","3758","06/08/2014","rilevatore di velocità in modalità istantanea","Sodi Scientifica S.p.A.","106","106","959324","","20/04/2026 15:44:22","12/11/2025 16:22:37"
"Z2RMP000","POLIZIA STRADALE","Z2RMP000","242","05/07/2018","rilevatore di velocità in modalità istantanea","Eltraff S.r.l.","TRUCAM HD","TRUCAM HD","TC008165","","20/04/2026 15:44:22","12/11/2025 16:22:37"
"Z2RMP000","POLIZIA STRADALE","Z2RMP000","3999","24/12/2004","FISSO - Velocità media","Movyon SpA","SICVe","SICVe","non applicabile","A4, AUTOSTRADA TORINO - TRIESTE TRATTA GRUMELLO DIR OVEST (km 189+000) - SERIATE DIR OVEST (km 180+000) DIREZIONE OVEST","20/04/2026 15:44:22","12/11/2025 16:22:37"
"Z2RMP000","POLIZIA STRADALE","Z2RMP000","3758","06/08/2014","rilevatore di velocità in modalità istantanea","Sodi Scientifica S.p.A.","106","106","954599","","20/04/2026 15:44:22","12/11/2025 16:22:37"
"Z2RMP000","POLIZIA STRADALE","Z2RMP000","242","05/07/2018","rilevatore di velocità in modalità istantanea","Eltraff S.r.l.","TRUCAM HD","TRUCAM HD","TC012315","","20/04/2026 15:44:22","12/11/2025 16:22:37"
"Z2RMP000","POLIZIA STRADALE","Z2RMP000","3999","24/12/2004","FISSO - Velocità media","Movyon SpA","SICVe","SICVe","non applicabile","A4, AUTOSTRADA TORINO - TRIESTE TRATTA PONTE OGLIO DIR OVEST (km 192+400) - GRUMELLO DIR OVEST (km 189+000) DIREZIONE OVEST","20/04/2026 15:44:22","12/11/2025 16:22:37"
"Z2RMP000","POLIZIA STRADALE","Z2RMP000","3758","06/08/2014","rilevatore di velocità in modalità istantanea","Sodi Scientifica S.p.A.","106","106","959316","","20/04/2026 15:44:22","12/11/2025 16:22:37"
"Z2RMP000","POLIZIA STRADALE","Z2RMP000","242","05/07/2018","rilevatore di velocità in modalità istantanea","Eltraff S.r.l.","TRUCAM HD","TRUCAM HD","TC007305","","20/04/2026 15:44:22","12/11/2025 16:22:37"
"Z2RMP000","POLIZIA STRADALE","Z2RMP000","3999","24/12/2004","FISSO - Velocità media","Movyon SpA","SICVe","SICVe","non applicabile","A4, AUTOSTRADA TORINO - TRIESTE TRATTA PALAZZOLO DIR OVEST (km 193+900) - PONTE OGLIO DIR OVEST (km 192+400) DIREZIONE OVEST","20/04/2026 15:44:22","12/11/2025 16:22:37"
"Z2RMP000","POLIZIA STRADALE","Z2RMP000","3758","06/08/2014","rilevatore di velocità in modalità istantanea","Sodi Scientifica S.p.A.","106","106","959320","","20/04/2026 15:44:22","12/11/2025 16:22:37"
"Z2RMP000","POLIZIA STRADALE","Z2RMP000","242","05/07/2018","rilevatore di velocità in modalità istantanea","Eltraff S.r.l.","TRUCAM HD","TRUCAM HD","TC006513","","20/04/2026 15:44:22","12/11/2025 16:22:37"
"Z2RMP000","POLIZIA STRADALE","Z2RMP000","3999","24/12/2004","FISSO - Velocità media","Movyon SpA","SICVe","SICVe","non applicabile","A4, AUTOSTRADA TORINO - TRIESTE TRATTA ROVATO DIR OVEST (km 202+300) - PALAZZOLO DIR OVEST (km 193+900) DIREZIONE OVEST","20/04/2026 15:44:22","12/11/2025 16:22:37"
"Z2RMP000","POLIZIA STRADALE","Z2RMP000","3758","06/08/2014","rilevatore di velocità in modalità istantanea","Sodi Scientifica S.p.A.","106","106","955411","","20/04/2026 15:44:22","12/11/2025 16:22:37"
"Z2RMP000","POLIZIA STRADALE","Z2RMP000","242","05/07/2018","rilevatore di velocità in modalità istantanea","Eltraff S.r.l.","TRUCAM HD","TRUCAM HD","TC007308","","20/04/2026 15:44:22","12/11/2025 16:22:37"
"Z2RMP000","POLIZIA STRADALE","Z2RMP000","3999","24/12/2004","FISSO - Velocità media","Movyon SpA","SICVe","SICVe","non applicabile","A4, AUTOSTRADA TORINO - TRIESTE TRATTA OSPITALETTO DIR OVEST (km 206+970) - ROVATO DIR OVEST (km 202+300) DIREZIONE OVEST","20/04/2026 15:44:22","12/11/2025 16:22:37"
"Z2RMP000","POLIZIA STRADALE","Z2RMP000","3758","06/08/2014","rilevatore di velocità in modalità istantanea","Sodi Scientifica S.p.A.","106","106","956771","","20/04/2026 15:44:22","12/11/2025 16:22:37"
"Z2RMP000","POLIZIA STRADALE","Z2RMP000","242","05/07/2018","rilevatore di velocità in modalità istantanea","Eltraff S.r.l.","TRUCAM HD","TRUCAM HD","TC009425","","20/04/2026 15:44:22","12/11/2025 16:22:37"
"Z2RMP000","POLIZIA STRADALE","Z2RMP000","305","20/06/2024","FISSO - Velocità media","Movyon SpA","Tutor 3.0","Tutor 3.0","non applicabile","A7, AUTOSTRADA MILANO - GENOVA TRATTA RONCO SCRIVIA DIR NORD (km 109+330) - ISOLA DEL CANTONE DIR NORD (km 104+800) DIREZIONE NORD","20/04/2026 15:44:22","12/11/2025 16:22:37"
"Z2RMP000","POLIZIA STRADALE","Z2RMP000","3758","06/08/2014","rilevatore di velocità in modalità istantanea","Sodi Scientifica S.p.A.","106","106","958585","","20/04/2026 15:44:22","12/11/2025 16:22:37"
"Z2RMP000","POLIZIA STRADALE","Z2RMP000","242","05/07/2018","rilevatore di velocità in modalità istantanea","Eltraff S.r.l.","TRUCAM HD","TRUCAM HD","TC007306","","20/04/2026 15:44:22","12/11/2025 16:22:37"
"Z2RMP000","POLIZIA STRADALE","Z2RMP000","305","20/06/2024","FISSO - Velocità media","Movyon SpA","Tutor 3.0","Tutor 3.0","non applicabile","A7, AUTOSTRADA MILANO - GENOVA TRATTA BUSALLA DIR NORD (km 114+140) - RONCO SCRIVIA DIR NORD (km 109+330) DIREZIONE NORD","20/04/2026 15:44:22","12/11/2025 16:22:37"
"Z2RMP000","POLIZIA STRADALE","Z2RMP000","3758","06/08/2014","rilevatore di velocità in modalità istantanea","Sodi Scientifica S.p.A.","106","106","955397","","20/04/2026 15:44:22","12/11/2025 16:22:37"
"Z2RMP000","POLIZIA STRADALE","Z2RMP000","242","05/07/2018","rilevatore di velocità in modalità istantanea","Eltraff S.r.l.","TRUCAM HD","TRUCAM HD","TC012319","","20/04/2026 15:44:22","12/11/2025 16:22:37"
"Z2RMP000","POLIZIA STRADALE","Z2RMP000","305","20/06/2024","FISSO - Velocità media","Movyon SpA","Tutor 3.0","Tutor 3.0","non applicabile","A7, AUTOSTRADA MILANO - GENOVA TRATTA BUSALLA DIR SUD (km 112+780) - BOLZANETO DIR SUD (km 125+070) DIREZIONE SUD","20/04/2026 15:44:22","12/11/2025 16:22:37"
"Z2RMP000","POLIZIA STRADALE","Z2RMP000","3758","06/08/2014","rilevatore di velocità in modalità istantanea","Sodi Scientifica S.p.A.","106","106","953526","","20/04/2026 15:44:22","12/11/2025 16:22:37"
"Z2RMP000","POLIZIA STRADALE","Z2RMP000","242","05/07/2018","rilevatore di velocità in modalità istantanea","Eltraff S.r.l.","TRUCAM HD","TRUCAM HD","TC008236","","20/04/2026 15:44:22","12/11/2025 16:22:37"
"Z2RMP000","POLIZIA STRADALE","Z2RMP000","305","20/06/2024","FISSO - Velocità media","Movyon SpA","Tutor 3.0","Tutor 3.0","non applicabile","A8, AUTOSTRADA MILANO - VARESE TRATTA CASTELLANZA DIR NORD (km17+000) - BUSTO ARSIZIO DIR NORD (km20+800) DIREZIONE NORD","20/04/2026 15:44:22","12/11/2025 16:22:37"
"Z2RMP000","POLIZIA STRADALE","Z2RMP000","3758","06/08/2014","rilevatore di velocità in modalità istantanea","Sodi Scientifica S.p.A.","106","106","955386","","20/04/2026 15:44:22","12/11/2025 16:22:37"
"Z2RMP000","POLIZIA STRADALE","Z2RMP000","242","05/07/2018","rilevatore di velocità in modalità istantanea","Eltraff S.r.l.","TRUCAM HD","TRUCAM HD","TC008239","","20/04/2026 15:44:22","12/11/2025 16:22:37"
"Z2RMP000","POLIZIA STRADALE","Z2RMP000","305","20/06/2024","FISSO - Velocità media","Movyon SpA","Tutor 3.0","Tutor 3.0","non applicabile","A8, AUTOSTRADA MILANO - VARESE TRATTA CASTELLANZA DIR SUD (km20+400) - ORIGGIO OVEST DIR SUD (km12+150) DIREZIONE SUD","20/04/2026 15:44:22","12/11/2025 16:22:37"
"Z2RMP000","POLIZIA STRADALE","Z2RMP000","3758","06/08/2014","rilevatore di velocità in modalità istantanea","Sodi Scientifica S.p.A.","106","106","959270","","20/04/2026 15:44:22","12/11/2025 16:22:37"
"Z2RMP000","POLIZIA STRADALE","Z2RMP000","242","05/07/2018","rilevatore di velocità in modalità istantanea","Eltraff S.r.l.","TRUCAM HD","TRUCAM HD","TC012042","","20/04/2026 15:44:22","12/11/2025 16:22:37"
"Z2RMP000","POLIZIA STRADALE","Z2RMP000","305","20/06/2024","FISSO - Velocità media","Movyon SpA","Tutor 3.0","Tutor 3.0","non applicabile","A8, AUTOSTRADA MILANO - VARESE TRATTA BUSTO ARSIZIO DIR SUD (km25+600) - CASTELLANZA DIR SUD (km20+400) DIREZIONE SUD","20/04/2026 15:44:22","12/11/2025 16:22:37"
"Z2RMP000","POLIZIA STRADALE","Z2RMP000","3758","06/08/2014","rilevatore di velocità in modalità istantanea","Sodi Scientifica S.p.A.","106","106","958081","","20/04/2026 15:44:22","12/11/2025 16:22:37"
"Z2RMP000","POLIZIA STRADALE","Z2RMP000","242","05/07/2018","rilevatore di velocità in modalità istantanea","Eltraff S.r.l.","TRUCAM HD","TRUCAM HD","TC008243","","20/04/2026 15:44:22","12/11/2025 16:22:37"
"Z2RMP000","POLIZIA STRADALE","Z2RMP000","305","20/06/2024","FISSO - Velocità media","Movyon SpA","Tutor 3.0","Tutor 3.0","non applicabile","A9, AUTOSTRADA LAINATE (MI) - COMO - CHIASSO TRATTA TURATE DIR NORD (km18+100) - ALL A9 A36 DIR NORD (km20+150) DIREZIONE NORD","20/04/2026 15:44:22","12/11/2025 16:22:37"
"Z2RMP000","POLIZIA STRADALE","Z2RMP000","3758","06/08/2014","rilevatore di velocità in modalità istantanea","Sodi Scientifica S.p.A.","106","106","959585","","20/04/2026 15:44:22","12/11/2025 16:22:37"
"Z2RMP000","POLIZIA STRADALE","Z2RMP000","242","05/07/2018","rilevatore di velocità in modalità istantanea","Eltraff S.r.l.","TRUCAM HD","TRUCAM HD","TC012041","","20/04/2026 15:44:22","12/11/2025 16:22:37"
"Z2RMP000","POLIZIA STRADALE","Z2RMP000","305","20/06/2024","FISSO - Velocità media","Movyon SpA","Tutor 3.0","Tutor 3.0","non applicabile","A9, AUTOSTRADA LAINATE (MI) - COMO - CHIASSO TRATTA LOMAZZO SUD DIR NORD (km22+950) - LOMAZZO NORD DIR NORD (km24+850) DIREZIONE NORD","20/04/2026 15:44:22","12/11/2025 16:22:37"
"Z2RMP000","POLIZIA STRADALE","Z2RMP000","3758","06/08/2014","rilevatore di velocità in modalità istantanea","Sodi Scientifica S.p.A.","106","106","957199","","20/04/2026 15:44:22","12/11/2025 16:22:37"
"Z2RMP000","POLIZIA STRADALE","Z2RMP000","242","05/07/2018","rilevatore di velocità in modalità istantanea","Eltraff S.r.l.","TRUCAM HD","TRUCAM HD","TC006570","","20/04/2026 15:44:22","12/11/2025 16:22:37"
"Z2RMP000","POLIZIA STRADALE","Z2RMP000","305","20/06/2024","FISSO - Velocità media","Movyon SpA","Tutor 3.0","Tutor 3.0","non applicabile","A9, AUTOSTRADA LAINATE (MI) - COMO - CHIASSO TRATTA LOMAZZO NORD DIR NORD (km24+850) - FINO MORNASCO DIR NORD (km28+600) DIREZIONE NORD","20/04/2026 15:44:22","12/11/2025 16:22:37"
"Z2RMP000","POLIZIA STRADALE","Z2RMP000","3758","06/08/2014","rilevatore di velocità in modalità istantanea","Sodi Scientifica S.p.A.","106","106","956787","","20/04/2026 15:44:22","12/11/2025 16:22:37"
"Z2RMP000","POLIZIA STRADALE","Z2RMP000","242","05/07/2018","rilevatore di velocità in modalità istantanea","Eltraff S.r.l.","TRUCAM HD","TRUCAM HD","TC008225","","20/04/2026 15:44:22","12/11/2025 16:22:37"
"Z2RMP000","POLIZIA STRADALE","Z2RMP000","305","20/06/2024","FISSO - Velocità media","Movyon SpA","Tutor 3.0","Tutor 3.0","non applicabile","A9, AUTOSTRADA LAINATE (MI) - COMO - CHIASSO TRATTA TURATE DIR SUD (km20+450) - SARONNO DIR SUD (km17+650) DIREZIONE SUD","20/04/2026 15:44:22","12/11/2025 16:22:37"
"Z2RMP000","POLIZIA STRADALE","Z2RMP000","3758","06/08/2014","rilevatore di velocità in modalità istantanea","Sodi Scientifica S.p.A.","106","106","958771","","20/04/2026 15:44:22","12/11/2025 16:22:37"
"Z2RMP000","POLIZIA STRADALE","Z2RMP000","242","05/07/2018","rilevatore di velocità in modalità istantanea","Eltraff S.r.l.","TRUCAM HD","TRUCAM HD","TC008226","","20/04/2026 15:44:22","12/11/2025 16:22:37"
"Z2RMP000","POLIZIA STRADALE","Z2RMP000","305","20/06/2024","FISSO - Velocità media","Movyon SpA","Tutor 3.0","Tutor 3.0","non applicabile","A9, AUTOSTRADA LAINATE (MI) - COMO - CHIASSO TRATTA LOMAZZO NORD DIR SUD (km26+700) - LOMAZZO SUD DIR SUD (km23+950) DIREZIONE SUD","20/04/2026 15:44:22","12/11/2025 16:22:37"
"Z2RMP000","POLIZIA STRADALE","Z2RMP000","3758","06/08/2014","rilevatore di velocità in modalità istantanea","Sodi Scientifica S.p.A.","106","106","958922","","20/04/2026 15:44:22","12/11/2025 16:22:37"
"Z2RMP000","POLIZIA STRADALE","Z2RMP000","242","05/07/2018","rilevatore di velocità in modalità istantanea","Eltraff S.r.l.","TRUCAM HD","TRUCAM HD","TC008263","","20/04/2026 15:44:22","12/11/2025 16:22:37"
"Z2RMP000","POLIZIA STRADALE","Z2RMP000","3999","24/12/2004","FISSO - Velocità media","Movyon SpA","SICVe","SICVe","non applicabile","A56, TANGENZIALE DI NAPOLI  A56 TRATTA ARCO FELICE DIR EST (km 1+600) - ASTRONI DIR EST (km 4+329) DIREZIONE EST","20/04/2026 15:44:22","12/11/2025 16:22:37"
"Z2RMP000","POLIZIA STRADALE","Z2RMP000","3758","06/08/2014","rilevatore di velocità in modalità istantanea","Sodi Scientifica S.p.A.","106","106","956766","","20/04/2026 15:44:22","12/11/2025 16:22:37"
"Z2RMP000","POLIZIA STRADALE","Z2RMP000","242","05/07/2018","rilevatore di velocità in modalità istantanea","Eltraff S.r.l.","TRUCAM HD","TRUCAM HD","TC004740","","20/04/2026 15:44:22","12/11/2025 16:22:37"
"Z2RMP000","POLIZIA STRADALE","Z2RMP000","3999","24/12/2004","FISSO - Velocità media","Movyon SpA","SICVe","SICVe","non applicabile","A56, TANGENZIALE DI NAPOLI  A56 TRATTA SOLFATARA DIR EST (km 4+515) - AGNANO DIR EST (km 6+651) DIREZIONE EST","20/04/2026 15:44:22","12/11/2025 16:22:37"
"Z2RMP000","POLIZIA STRADALE","Z2RMP000","3758","06/08/2014","rilevatore di velocità in modalità istantanea","Sodi Scientifica S.p.A.","106","106","954591","","20/04/2026 15:44:22","12/11/2025 16:22:37"
"Z2RMP000","POLIZIA STRADALE","Z2RMP000","242","05/07/2018","rilevatore di velocità in modalità istantanea","Eltraff S.r.l.","TRUCAM HD","TRUCAM HD","TC005735","","20/04/2026 15:44:22","12/11/2025 16:22:37"
"Z2RMP000","POLIZIA STRADALE","Z2RMP000","3999","24/12/2004","FISSO - Velocità media","Movyon SpA","SICVe","SICVe","non applicabile","A56, TANGENZIALE DI NAPOLI  A56 TRATTA AGNANO DIR EST (km 6+651) - FUORIGROTTA DIR EST (km 9+684) DIREZIONE EST","20/04/2026 15:44:22","12/11/2025 16:22:37"
"Z2RMP000","POLIZIA STRADALE","Z2RMP000","3758","06/08/2014","rilevatore di velocità in modalità istantanea","Sodi Scientifica S.p.A.","106","106","958337","","20/04/2026 15:44:22","12/11/2025 16:22:37"
"Z2RMP000","POLIZIA STRADALE","Z2RMP000","242","05/07/2018","rilevatore di velocità in modalità istantanea","Eltraff S.r.l.","TRUCAM HD","TRUCAM HD","TC005736","","20/04/2026 15:44:22","12/11/2025 16:22:37"
"Z2RMP000","POLIZIA STRADALE","Z2RMP000","3999","24/12/2004","FISSO - Velocità media","Movyon SpA","SICVe","SICVe","non applicabile","A56, TANGENZIALE DI NAPOLI  A56 TRATTA ARENELLA DIR EST (km15+351) - CAPODIMONTE DIR EST (km17+357) DIREZIONE EST","20/04/2026 15:44:22","12/11/2025 16:22:37"
"Z2RMP000","POLIZIA STRADALE","Z2RMP000","3758","06/08/2014","rilevatore di velocità in modalità istantanea","Sodi Scientifica S.p.A.","106","106","958333","","20/04/2026 15:44:22","12/11/2025 16:22:37"
"Z2RMP000","POLIZIA STRADALE","Z2RMP000","242","05/07/2018","rilevatore di velocità in modalità istantanea","Eltraff S.r.l.","TRUCAM HD","TRUCAM HD","TC009427","","20/04/2026 15:44:22","12/11/2025 16:22:37"
"Z2RMP000","POLIZIA STRADALE","Z2RMP000","3999","24/12/2004","FISSO - Velocità media","Movyon SpA","SICVe","SICVe","non applicabile","A56, TANGENZIALE DI NAPOLI  A56 TRATTA SOLFATARA DIR OVEST (km 4+525) - ARCO FELICE DIR OVEST (km 1+600) DIREZIONE OVEST","20/04/2026 15:44:22","12/11/2025 16:22:37"
"Z2RMP000","POLIZIA STRADALE","Z2RMP000","3758","06/08/2014","rilevatore di velocità in modalità istantanea","Sodi Scientifica S.p.A.","106","106","959589","","20/04/2026 15:44:22","12/11/2025 16:22:37"
"Z2RMP000","POLIZIA STRADALE","Z2RMP000","242","05/07/2018","rilevatore di velocità in modalità istantanea","Eltraff S.r.l.","TRUCAM HD","TRUCAM HD","TC012339","","20/04/2026 15:44:22","12/11/2025 16:22:37"
"Z2RMP000","POLIZIA STRADALE","Z2RMP000","3999","24/12/2004","FISSO - Velocità media","Movyon SpA","SICVe","SICVe","non applicabile","A56, TANGENZIALE DI NAPOLI  A56 TRATTA FUORIGROTTA DIR OVEST (km 9+886) - AGNANO DIR OVEST (km 8+149) DIREZIONE OVEST","20/04/2026 15:44:22","12/11/2025 16:22:37"
"Z2RMP000","POLIZIA STRADALE","Z2RMP000","3758","06/08/2014","rilevatore di velocità in modalità istantanea","Sodi Scientifica S.p.A.","106","106","958336","","20/04/2026 15:44:22","12/11/2025 16:22:37"
"Z2RMP000","POLIZIA STRADALE","Z2RMP000","242","05/07/2018","rilevatore di velocità in modalità istantanea","Eltraff S.r.l.","TRUCAM HD","TRUCAM HD","TC010196","","20/04/2026 15:44:22","12/11/2025 16:22:37"
"Z2RMP000","POLIZIA STRADALE","Z2RMP000","3999","24/12/2004","FISSO - Velocità media","Movyon SpA","SICVe","SICVe","non applicabile","A56, TANGENZIALE DI NAPOLI  A56 TRATTA CAMALDOLI DIR OVEST (km13+207) - VOMERO DIR OVEST (km11+418) DIREZIONE OVEST","20/04/2026 15:44:22","12/11/2025 16:22:37"
"Z2RMP000","POLIZIA STRADALE","Z2RMP000","3758","06/08/2014","rilevatore di velocità in modalità istantanea","Sodi Scientifica S.p.A.","106","106","959311","","20/04/2026 15:44:22","12/11/2025 16:22:37"
"Z2RMP000","POLIZIA STRADALE","Z2RMP000","242","05/07/2018","rilevatore di velocità in modalità istantanea","Eltraff S.r.l.","TRUCAM HD","TRUCAM HD","TC010144","","20/04/2026 15:44:22","12/11/2025 16:22:37"
"Z2RMP000","POLIZIA STRADALE","Z2RMP000","3999","24/12/2004","FISSO - Velocità media","Movyon SpA","SICVe","SICVe","non applicabile","A56, TANGENZIALE DI NAPOLI  A56 TRATTA VIADOTTO CORSO MALTA DIR OVEST (km17+750) - CAPODIMONTE DIR OVEST (km16+350) DIREZIONE OVEST","20/04/2026 15:44:22","12/11/2025 16:22:37"
"Z2RMP000","POLIZIA STRADALE","Z2RMP000","3758","06/08/2014","rilevatore di velocità in modalità istantanea","Sodi Scientifica S.p.A.","106","106","954618","","20/04/2026 15:44:22","12/11/2025 16:22:37"
"Z2RMP000","POLIZIA STRADALE","Z2RMP000","242","05/07/2018","rilevatore di velocità in modalità istantanea","Eltraff S.r.l.","TRUCAM HD","TRUCAM HD","TC005852","","20/04/2026 15:44:22","12/11/2025 16:22:37"
"Z2RMP000","POLIZIA STRADALE","Z2RMP000","3338","31/05/2017","FISSO - Velocità media","Movyon SpA","SICVe-PM","SICVe-PM","non applicabile","TR1, TRAFORO MONTE BIANCO TRATTA MONTEBIANCO SUD DIR NORD (km10+152) - MONTEBIANCO NORD DIR NORD (km 7+745) DIREZIONE NORD","20/04/2026 15:44:22","12/11/2025 16:22:37"
"Z2RMP000","POLIZIA STRADALE","Z2RMP000","3758","06/08/2014","rilevatore di velocità in modalità istantanea","Sodi Scientifica S.p.A.","106","106","954619","","20/04/2026 15:44:22","12/11/2025 16:22:37"
"Z2RMP000","POLIZIA STRADALE","Z2RMP000","242","05/07/2018","rilevatore di velocità in modalità istantanea","Eltraff S.r.l.","TRUCAM HD","TRUCAM HD","TC010127","","20/04/2026 15:44:22","12/11/2025 16:22:37"
"Z2RMP000","POLIZIA STRADALE","Z2RMP000","3338","31/05/2017","FISSO - Velocità media","Movyon SpA","SICVe-PM","SICVe-PM","non applicabile","TR1, TRAFORO MONTE BIANCO TRATTA MONTEBIANCO NORD DIR SUD (km 8+043) - MONTEBIANCO SUD DIR SUD (km10+500) DIREZIONE SUD","20/04/2026 15:44:22","12/11/2025 16:22:37"
"Z2RMP000","POLIZIA STRADALE","Z2RMP000","3758","06/08/2014","rilevatore di velocità in modalità istantanea","Sodi Scientifica S.p.A.","106","106","947163","","20/04/2026 15:44:22","12/11/2025 16:22:37"
"Z2RMP000","POLIZIA STRADALE","Z2RMP000","242","05/07/2018","rilevatore di velocità in modalità istantanea","Eltraff S.r.l.","TRUCAM HD","TRUCAM HD","TC011780","","20/04/2026 15:44:22","12/11/2025 16:22:37"
"Z2RMP000","POLIZIA STRADALE","Z2RMP000","5240","31/08/2017","FISSO - Velocità media","Velocar s.r.l.","VELOCAR RED&SPEED EVO M","VELOCAR RED&SPEED EVO M","non applicabile","SR177, PIANDIPAN - SEQUALS  TRATTA DAL KM 4+180 AL KM 6+965 DIREZIONE SEQUALS","20/04/2026 15:44:22","12/11/2025 16:22:37"
"Z2RMP000","POLIZIA STRADALE","Z2RMP000","3758","06/08/2014","rilevatore di velocità in modalità istantanea","Sodi Scientifica S.p.A.","106","106","954621","","20/04/2026 15:44:22","12/11/2025 16:22:37"
"Z2RMP000","POLIZIA STRADALE","Z2RMP000","242","05/07/2018","rilevatore di velocità in modalità istantanea","Eltraff S.r.l.","TRUCAM HD","TRUCAM HD","TC007291","","20/04/2026 15:44:22","12/11/2025 16:22:37"
"Z2RMP000","POLIZIA STRADALE","Z2RMP000","5240","31/08/2017","FISSO - Velocità media","Velocar s.r.l.","VELOCAR RED&SPEED EVO M","VELOCAR RED&SPEED EVO M","non applicabile","SR177, PIANDIPAN - SEQUALS  TRATTA DAL KM 6+965 AL KM 4+180 DIREZIONE CIMPELLO","20/04/2026 15:44:22","12/11/2025 16:22:37"
"Z2RMP000","POLIZIA STRADALE","Z2RMP000","3758","06/08/2014","rilevatore di velocità in modalità istantanea","Sodi Scientifica S.p.A.","106","106","954612","","20/04/2026 15:44:22","12/11/2025 16:22:37"
"Z2RMP000","POLIZIA STRADALE","Z2RMP000","242","05/07/2018","rilevatore di velocità in modalità istantanea","Eltraff S.r.l.","TRUCAM HD","TRUCAM HD","TC 010139","","20/04/2026 15:44:22","12/11/2025 16:22:37"
"Z2RMP000","POLIZIA STRADALE","Z2RMP000","305","20/06/2024","FISSO - Velocità media","Movyon SpA","Tutor 3.0","Tutor 3.0","non applicabile","A1, AUTOSTRADA MILANO - ROMA - NAPOLI TRATTA SANTA LUCIA NORD DIR SUD (km 264+940) - SANTA LUCIA SUD DIR SUD (km 272+698) DIREZIONE SUD","20/04/2026 15:44:22","05/03/2026 16:24:38"
"Z2RMP000","POLIZIA STRADALE","Z2RMP000","3758","06/08/2014","rilevatore di velocità in modalità istantanea","Sodi Scientifica S.p.A.","106","106","954606","","20/04/2026 15:44:22","12/11/2025 16:22:37"
"Z2RMP000","POLIZIA STRADALE","Z2RMP000","242","05/07/2018","rilevatore di velocità in modalità istantanea","Eltraff S.r.l.","TRUCAM HD","TRUCAM HD","TC 012023","","20/04/2026 15:44:22","12/11/2025 16:22:37"
"Z2RMP000","POLIZIA STRADALE","Z2RMP000","305","20/06/2024","FISSO - Velocità media","Movyon SpA","Tutor 3.0","Tutor 3.0","non applicabile","A13, AUTOSTRADA BOLOGNA - PADOVA TRATTA ARCOVEGGIO DIR NORD (km 1+470) - BOLOGNA INTERPORTO DIR NORD (km 6+500) DIREZIONE NORD","20/04/2026 15:44:22","20/04/2026 15:44:22"
"Z2RMP000","POLIZIA STRADALE","Z2RMP000","3758","06/08/2014","rilevatore di velocità in modalità istantanea","Sodi Scientifica S.p.A.","106","106","949135","","20/04/2026 15:44:22","12/11/2025 16:22:37"
"Z2RMP000","POLIZIA STRADALE","Z2RMP000","242","05/07/2018","rilevatore di velocità in modalità istantanea","Eltraff S.r.l.","TRUCAM HD","TRUCAM HD","TC 012348","","20/04/2026 15:44:22","12/11/2025 16:22:37"
"Z2RMP000","POLIZIA STRADALE","Z2RMP000","305","20/06/2024","FISSO - Velocità media","Movyon SpA","Tutor 3.0","Tutor 3.0","non applicabile","A13, AUTOSTRADA BOLOGNA - PADOVA TRATTA BOLOGNA INTERPORTO DIR NORD (km 6+500) - ALTEDO DIR NORD (km19+800) DIREZIONE NORD","20/04/2026 15:44:22","20/04/2026 15:44:22"
"Z2RMP000","POLIZIA STRADALE","Z2RMP000","3758","06/08/2014","rilevatore di velocità in modalità istantanea","Sodi Scientifica S.p.A.","106","106","953467","","20/04/2026 15:44:22","12/11/2025 16:22:37"
"Z2RMP000","POLIZIA STRADALE","Z2RMP000","242","05/07/2018","rilevatore di velocità in modalità istantanea","Eltraff S.r.l.","TRUCAM HD","TRUCAM HD","TC007996","","20/04/2026 15:44:22","12/11/2025 16:22:37"
"Z2RMP000","POLIZIA STRADALE","Z2RMP000","305","20/06/2024","FISSO - Velocità media","Movyon SpA","Tutor 3.0","Tutor 3.0","non applicabile","A13, AUTOSTRADA BOLOGNA - PADOVA TRATTA ALTEDO DIR NORD (km19+800) - FERRARA SUD DIR NORD (km32+300) DIREZIONE NORD","20/04/2026 15:44:22","20/04/2026 15:44:22"
"Z2RMP000","POLIZIA STRADALE","Z2RMP000","3758","06/08/2014","rilevatore di velocità in modalità istantanea","Sodi Scientifica S.p.A.","106","106","952855","","20/04/2026 15:44:22","12/11/2025 16:22:37"
"Z2RMP000","POLIZIA STRADALE","Z2RMP000","242","05/07/2018","rilevatore di velocità in modalità istantanea","Eltraff S.r.l.","TRUCAM HD","TRUCAM HD","TC012036","","20/04/2026 15:44:22","12/11/2025 16:22:37"
"Z2RMP000","POLIZIA STRADALE","Z2RMP000","305","20/06/2024","FISSO - Velocità media","Movyon SpA","Tutor 3.0","Tutor 3.0","non applicabile","A13, AUTOSTRADA BOLOGNA - PADOVA TRATTA FERRARA SUD DIR NORD (km32+300) - FERRARA NORD DIR NORD (km40+300) DIREZIONE NORD","20/04/2026 15:44:22","20/04/2026 15:44:22"
"Z2RMP000","POLIZIA STRADALE","Z2RMP000","3758","06/08/2014","rilevatore di velocità in modalità istantanea","Sodi Scientifica S.p.A.","106","106","955375","","20/04/2026 15:44:22","12/11/2025 16:22:37"
"Z2RMP000","POLIZIA STRADALE","Z2RMP000","242","05/07/2018","rilevatore di velocità in modalità istantanea","Eltraff S.r.l.","TRUCAM HD","TRUCAM HD","TC008183","","20/04/2026 15:44:22","12/11/2025 16:22:37"
"Z2RMP000","POLIZIA STRADALE","Z2RMP000","305","20/06/2024","FISSO - Velocità media","Movyon SpA","Tutor 3.0","Tutor 3.0","non applicabile","A13, AUTOSTRADA BOLOGNA - PADOVA TRATTA FERRARA NORD DIR NORD (km40+300) - OCCHIOBELLO DIR NORD (km45+600) DIREZIONE NORD","20/04/2026 15:44:22","20/04/2026 15:44:22"
"Z2RMP000","POLIZIA STRADALE","Z2RMP000","3758","06/08/2014","rilevatore di velocità in modalità istantanea","Sodi Scientifica S.p.A.","106","106","955372","","20/04/2026 15:44:22","12/11/2025 16:22:37"
"Z2RMP000","POLIZIA STRADALE","Z2RMP000","242","05/07/2018","rilevatore di velocità in modalità istantanea","Eltraff S.r.l.","TRUCAM HD","TRUCAM HD","TC008186","","20/04/2026 15:44:22","12/11/2025 16:22:37"
"Z2RMP000","POLIZIA STRADALE","Z2RMP000","305","20/06/2024","FISSO - Velocità media","Movyon SpA","Tutor 3.0","Tutor 3.0","non applicabile","A13, AUTOSTRADA BOLOGNA - PADOVA TRATTA OCCHIOBELLO DIR NORD (km45+600) - ROVIGO SUD DIR NORD (km61+700) DIREZIONE NORD","20/04/2026 15:44:22","20/04/2026 15:44:22"
"Z2RMP000","POLIZIA STRADALE","Z2RMP000","3758","06/08/2014","rilevatore di velocità in modalità istantanea","Sodi Scientifica S.p.A.","106","106","959268","","20/04/2026 15:44:22","12/11/2025 16:22:37"
"Z2RMP000","POLIZIA STRADALE","Z2RMP000","242","05/07/2018","rilevatore di velocità in modalità istantanea","Eltraff S.r.l.","TRUCAM HD","TRUCAM HD","TC010153","","20/04/2026 15:44:22","02/12/2025 16:33:15"
"Z2RMP000","POLIZIA STRADALE","Z2RMP000","305","20/06/2024","FISSO - Velocità media","Movyon SpA","Tutor 3.0","Tutor 3.0","non applicabile","A13, AUTOSTRADA BOLOGNA - PADOVA TRATTA ROVIGO SUD DIR NORD (km61+700) - ROVIGO DIR NORD (km68+900) DIREZIONE NORD","20/04/2026 15:44:22","20/04/2026 15:44:22"
"Z2RMP000","POLIZIA STRADALE","Z2RMP000","3758","06/08/2014","rilevatore di velocità in modalità istantanea","Sodi Scientifica S.p.A.","106","106","955376","","20/04/2026 15:44:22","12/11/2025 16:22:37"
"Z2RMP000","POLIZIA STRADALE","Z2RMP000","242","05/07/2018","rilevatore di velocità in modalità istantanea","Eltraff S.r.l.","TRUCAM HD","TRUCAM HD","TC007998","","20/04/2026 15:44:22","12/11/2025 16:22:37"
"Z2RMP000","POLIZIA STRADALE","Z2RMP000","305","20/06/2024","FISSO - Velocità media","Movyon SpA","Tutor 3.0","Tutor 3.0","non applicabile","A13, AUTOSTRADA BOLOGNA - PADOVA TRATTA ROVIGO DIR NORD (km68+900) - BOARA DIR NORD (km74+100) DIREZIONE NORD","20/04/2026 15:44:22","20/04/2026 15:44:22"
"Z2RMP000","POLIZIA STRADALE","Z2RMP000","3758","06/08/2014","rilevatore di velocità in modalità istantanea","Sodi Scientifica S.p.A.","106","106","954590","","20/04/2026 15:44:22","12/11/2025 16:22:37"
"Z2RMP000","POLIZIA STRADALE","Z2RMP000","242","05/07/2018","rilevatore di velocità in modalità istantanea","Eltraff S.r.l.","TRUCAM HD","TRUCAM HD","TC012031","","20/04/2026 15:44:22","12/11/2025 16:22:37"
"Z2RMP000","POLIZIA STRADALE","Z2RMP000","305","20/06/2024","FISSO - Velocità media","Movyon SpA","Tutor 3.0","Tutor 3.0","non applicabile","A13, AUTOSTRADA BOLOGNA - PADOVA TRATTA BOARA DIR NORD (km74+100) - MONSELICE DIR NORD (km86+400) DIREZIONE NORD","20/04/2026 15:44:22","20/04/2026 15:44:22"
"Z2RMP000","POLIZIA STRADALE","Z2RMP000","3758","06/08/2014","rilevatore di velocità in modalità istantanea","Sodi Scientifica S.p.A.","106","106","953495","","20/04/2026 15:44:22","12/11/2025 16:22:37"
"Z2RMP000","POLIZIA STRADALE","Z2RMP000","242","05/07/2018","rilevatore di velocità in modalità istantanea","Eltraff S.r.l.","TRUCAM HD","TRUCAM HD","TC012035","","20/04/2026 15:44:22","12/11/2025 16:22:37"
"Z2RMP000","POLIZIA STRADALE","Z2RMP000","305","20/06/2024","FISSO - Velocità media","Movyon SpA","Tutor 3.0","Tutor 3.0","non applicabile","A13, AUTOSTRADA BOLOGNA - PADOVA TRATTA MONSELICE DIR NORD (km86+400) - TERME EUGANEE DIR NORD (km92+800) DIREZIONE NORD","20/04/2026 15:44:22","20/04/2026 15:44:22"
"Z2RMP000","POLIZIA STRADALE","Z2RMP000","3758","06/08/2014","rilevatore di velocità in modalità istantanea","Sodi Scientifica S.p.A.","106","106","959312","","20/04/2026 15:44:22","12/11/2025 16:22:37"
"Z2RMP000","POLIZIA STRADALE","Z2RMP000","242","05/07/2018","rilevatore di velocità in modalità istantanea","Eltraff S.r.l.","TRUCAM HD","TRUCAM HD","TC007999","","20/04/2026 15:44:22","12/11/2025 16:22:37"
"Z2RMP000","POLIZIA STRADALE","Z2RMP000","305","20/06/2024","FISSO - Velocità media","Movyon SpA","Tutor 3.0","Tutor 3.0","non applicabile","A13, AUTOSTRADA BOLOGNA - PADOVA TRATTA TERME EUGANEE DIR NORD (km92+800) - PADOVA SUD DIR NORD (km99+400) DIREZIONE NORD","20/04/2026 15:44:22","20/04/2026 15:44:22"
"Z2RMP000","POLIZIA STRADALE","Z2RMP000","3758","06/08/2014","rilevatore di velocità in modalità istantanea","Sodi Scientifica S.p.A.","106","106","954629","","20/04/2026 15:44:22","12/11/2025 16:22:37"
"Z2RMP000","POLIZIA STRADALE","Z2RMP000","242","05/07/2018","rilevatore di velocità in modalità istantanea","Eltraff S.r.l.","TRUCAM HD","TRUCAM HD","TC009948","","20/04/2026 15:44:22","12/11/2025 16:22:37"
"Z2RMP000","POLIZIA STRADALE","Z2RMP000","305","20/06/2024","FISSO - Velocità media","Movyon SpA","Tutor 3.0","Tutor 3.0","non applicabile","A13, AUTOSTRADA BOLOGNA - PADOVA TRATTA BOLOGNA INTERPORTO DIR SUD (km 9+400) - ARCOVEGGIO DIR SUD (km 1+400) DIREZIONE SUD","20/04/2026 15:44:22","20/04/2026 15:44:22"
"Z2RMP000","POLIZIA STRADALE","Z2RMP000","3758","06/08/2014","rilevatore di velocità in modalità istantanea","Sodi Scientifica S.p.A.","106","106","954633","","20/04/2026 15:44:22","12/11/2025 16:22:37"
"Z2RMP000","POLIZIA STRADALE","Z2RMP000","242","05/07/2018","rilevatore di velocità in modalità istantanea","Eltraff S.r.l.","TRUCAM HD","TRUCAM HD","TC010156","","20/04/2026 15:44:22","12/11/2025 16:22:37"
"Z2RMP000","POLIZIA STRADALE","Z2RMP000","305","20/06/2024","FISSO - Velocità media","Movyon SpA","Tutor 3.0","Tutor 3.0","non applicabile","A13, AUTOSTRADA BOLOGNA - PADOVA TRATTA ALTEDO DIR SUD (km21+100) - BOLOGNA INTERPORTO DIR SUD (km 9+400) DIREZIONE SUD","20/04/2026 15:44:22","20/04/2026 15:44:22"
"Z2RMP000","POLIZIA STRADALE","Z2RMP000","3758","06/08/2014","rilevatore di velocità in modalità istantanea","Sodi Scientifica S.p.A.","106","106","954604","","20/04/2026 15:44:22","12/11/2025 16:22:37"
"Z2RMP000","POLIZIA STRADALE","Z2RMP000","242","05/07/2018","rilevatore di velocità in modalità istantanea","Eltraff S.r.l.","TRUCAM HD","TRUCAM HD","TC007997","","20/04/2026 15:44:22","12/11/2025 16:22:37"
"Z2RMP000","POLIZIA STRADALE","Z2RMP000","305","20/06/2024","FISSO - Velocità media","Movyon SpA","Tutor 3.0","Tutor 3.0","non applicabile","A13, AUTOSTRADA BOLOGNA - PADOVA TRATTA FERRARA SUD DIR SUD (km34+600) - ALTEDO DIR SUD (km21+100) DIREZIONE SUD","20/04/2026 15:44:22","20/04/2026 15:44:22"
"Z2RMP000","POLIZIA STRADALE","Z2RMP000","3758","06/08/2014","rilevatore di velocità in modalità istantanea","Sodi Scientifica S.p.A.","106","106","953534","","20/04/2026 15:44:22","12/11/2025 16:22:37"
"Z2RMP000","POLIZIA STRADALE","Z2RMP000","242","05/07/2018","rilevatore di velocità in modalità istantanea","Eltraff S.r.l.","TRUCAM HD","TRUCAM HD","TC007995","","20/04/2026 15:44:22","12/11/2025 16:22:37"
"Z2RMP000","POLIZIA STRADALE","Z2RMP000","305","20/06/2024","FISSO - Velocità media","Movyon SpA","Tutor 3.0","Tutor 3.0","non applicabile","A13, AUTOSTRADA BOLOGNA - PADOVA TRATTA FERRARA NORD (km42+400) - FERRARA SUD DIR SUD (km34+600) DIREZIONE SUD","20/04/2026 15:44:22","20/04/2026 15:44:22"
"Z2RMP000","POLIZIA STRADALE","Z2RMP000","3758","06/08/2014","rilevatore di velocità in modalità istantanea","Sodi Scientifica S.p.A.","106","106","954617","","20/04/2026 15:44:22","12/11/2025 16:22:37"
"Z2RMP000","POLIZIA STRADALE","Z2RMP000","242","05/07/2018","rilevatore di velocità in modalità istantanea","Eltraff S.r.l.","TRUCAM HD","TRUCAM HD","TC007995","","20/04/2026 15:44:22","12/11/2025 16:22:37"
"Z2RMP000","POLIZIA STRADALE","Z2RMP000","305","20/06/2024","FISSO - Velocità media","Movyon SpA","Tutor 3.0","Tutor 3.0","non applicabile","A13, AUTOSTRADA BOLOGNA - PADOVA TRATTA ROVIGO SUD DIR SUD (km64+380) - OCCHIOBELLO (km50+300) DIREZIONE SUD","20/04/2026 15:44:22","20/04/2026 15:44:22"
"Z2RMP000","POLIZIA STRADALE","Z2RMP000","3758","06/08/2014","rilevatore di velocità in modalità istantanea","Sodi Scientifica S.p.A.","106","106","953496","","20/04/2026 15:44:22","12/11/2025 16:22:37"
"Z2RMP000","POLIZIA STRADALE","Z2RMP000","242","05/07/2018","rilevatore di velocità in modalità istantanea","Eltraff S.r.l.","TRUCAM HD","TRUCAM HD","TC012027","","20/04/2026 15:44:22","12/11/2025 16:22:37"
"Z2RMP000","POLIZIA STRADALE","Z2RMP000","305","20/06/2024","FISSO - Velocità media","Movyon SpA","Tutor 3.0","Tutor 3.0","non applicabile","A13, AUTOSTRADA BOLOGNA - PADOVA TRATTA ROVIGO DIR SUD (km71+000) - ROVIGO SUD DIR SUD (km64+380) DIREZIONE SUD","20/04/2026 15:44:22","20/04/2026 15:44:22"
"Z2RMP000","POLIZIA STRADALE","Z2RMP000","3758","06/08/2014","rilevatore di velocità in modalità istantanea","Sodi Scientifica S.p.A.","106","106","958773","","20/04/2026 15:44:22","12/11/2025 16:22:37"
"Z2RMP000","POLIZIA STRADALE","Z2RMP000","242","05/07/2018","rilevatore di velocità in modalità istantanea","Eltraff S.r.l.","TRUCAM HD","TRUCAM HD","TC012343","","20/04/2026 15:44:22","12/11/2025 16:22:37"
"Z2RMP000","POLIZIA STRADALE","Z2RMP000","305","20/06/2024","FISSO - Velocità media","Movyon SpA","Tutor 3.0","Tutor 3.0","non applicabile","A13, AUTOSTRADA BOLOGNA - PADOVA TRATTA TERME EUGANEE DIR SUD (km96+200) - MONSELICE DIR SUD (km89+100) DIREZIONE SUD","20/04/2026 15:44:22","20/04/2026 15:44:22"
"Z2RMP000","POLIZIA STRADALE","Z2RMP000","3758","06/08/2014","rilevatore di velocità in modalità istantanea","Sodi Scientifica S.p.A.","106","106","959583","","20/04/2026 15:44:22","12/11/2025 16:22:37"
"Z2RMP000","POLIZIA STRADALE","Z2RMP000","242","05/07/2018","rilevatore di velocità in modalità istantanea","Eltraff S.r.l.","TRUCAM HD","TRUCAM HD","TC006347","","20/04/2026 15:44:22","12/11/2025 16:22:37"
"Z2RMP000","POLIZIA STRADALE","Z2RMP000","305","20/06/2024","FISSO - Velocità media","Movyon SpA","Tutor 3.0","Tutor 3.0","non applicabile","A13, AUTOSTRADA BOLOGNA - PADOVA TRATTA PADOVA ZONA IND DIR SUD (km 114+200) - PADOVA SUD DIR SUD (km 101+900) DIREZIONE SUD","20/04/2026 15:44:22","20/04/2026 15:44:22"
"Z2RMP000","POLIZIA STRADALE","Z2RMP000","3758","06/08/2014","rilevatore di velocità in modalità istantanea","Sodi Scientifica S.p.A.","106","106","953332","","20/04/2026 15:44:22","12/11/2025 16:22:37"
"Z2RMP000","POLIZIA STRADALE","Z2RMP000","242","05/07/2018","rilevatore di velocità in modalità istantanea","Eltraff S.r.l.","TRUCAM HD","TRUCAM HD","TC006595","","20/04/2026 15:44:22","12/11/2025 16:22:37"
"Z2RMP000","POLIZIA STRADALE","Z2RMP000","305","20/06/2024","FISSO - Velocità media","Movyon SpA","Tutor 3.0","Tutor 3.0","non applicabile","A1, AUTOSTRADA MILANO - ROMA - NAPOLI TRATTA FROSINONE DIR SUD (km 622+500) - CEPRANO DIR SUD (km 640+800) DIREZIONE SUD","20/04/2026 15:44:22","20/04/2026 15:44:22"
"Z2RMP000","POLIZIA STRADALE","Z2RMP000","3758","06/08/2014","rilevatore di velocità in modalità istantanea","Sodi Scientifica S.p.A.","106","106","954607","","20/04/2026 15:44:22","12/11/2025 16:22:37"
"Z2RMP000","POLIZIA STRADALE","Z2RMP000","242","05/07/2018","rilevatore di velocità in modalità istantanea","Eltraff S.r.l.","TRUCAM HD","TRUCAM HD","TC007322","","20/04/2026 15:44:22","12/11/2025 16:22:37"
"Z2RMP000","POLIZIA STRADALE","Z2RMP000","305","20/06/2024","FISSO - Velocità media","Movyon SpA","Tutor 3.0","Tutor 3.0","non applicabile","A4, AUTOSTRADA TORINO - TRIESTE TRATTA TREZZO DIR EST (km 154+850) - DALMINE DIR EST (km 166+633) DIREZIONE EST","20/04/2026 15:44:22","20/04/2026 15:44:22"
"Z2RMP000","POLIZIA STRADALE","Z2RMP000","3758","06/08/2014","rilevatore di velocità in modalità istantanea","Sodi Scientifica S.p.A.","106","106","959310","","20/04/2026 15:44:22","12/11/2025 16:22:37"
"Z2RMP000","POLIZIA STRADALE","Z2RMP000","242","05/07/2018","rilevatore di velocità in modalità istantanea","Eltraff S.r.l.","TRUCAM HD","TRUCAM HD","TC005738","","20/04/2026 15:44:22","12/11/2025 16:22:37"
"Z2RMP000","POLIZIA STRADALE","Z2RMP000","305","20/06/2024","FISSO - Velocità media","Movyon SpA","Tutor 3.0","Tutor 3.0","non applicabile","A4, AUTOSTRADA TORINO - TRIESTE TRATTA DALMINE DIR EST (km 166+633) - BERGAMO DIR EST (km 171+300) DIREZIONE EST","20/04/2026 15:44:22","20/04/2026 15:44:22"
"Z2RMP000","POLIZIA STRADALE","Z2RMP000","3758","06/08/2014","rilevatore di velocità in modalità istantanea","Sodi Scientifica S.p.A.","106","106","952858","","20/04/2026 15:44:22","12/11/2025 16:22:37"
"Z2RMP000","POLIZIA STRADALE","Z2RMP000","242","05/07/2018","rilevatore di velocità in modalità istantanea","Eltraff S.r.l.","TRUCAM HD","TRUCAM HD","TC007073","","20/04/2026 15:44:22","12/11/2025 16:22:37"
"Z2RMP000","POLIZIA STRADALE","Z2RMP000","305","20/06/2024","FISSO - Velocità media","Movyon SpA","Tutor 3.0","Tutor 3.0","non applicabile","A4, AUTOSTRADA TORINO - TRIESTE TRATTA BERGAMO DIR EST (km 171+300) - SERIATE DIR EST (km 178+450) DIREZIONE EST","20/04/2026 15:44:22","20/04/2026 15:44:22"
"Z2RMP000","POLIZIA STRADALE","Z2RMP000","3758","06/08/2014","rilevatore di velocità in modalità istantanea","Sodi Scientifica S.p.A.","106","106","952274","","20/04/2026 15:44:22","12/11/2025 16:22:37"
"Z2RMP000","POLIZIA STRADALE","Z2RMP000","3248","13/06/2011","rilevatore di velocità in modalità istantanea","Eltraff S.r.l.","TRUSPEED","TRUSPEED","TS007290","","20/04/2026 15:44:22","12/11/2025 16:22:37"
"Z2RMP000","POLIZIA STRADALE","Z2RMP000","305","20/06/2024","FISSO - Velocità media","Movyon SpA","Tutor 3.0","Tutor 3.0","non applicabile","A4, AUTOSTRADA TORINO - TRIESTE TRATTA SERIATE DIR EST (km 178+450) - GRUMELLO DIR EST (km 187+010) DIREZIONE EST","20/04/2026 15:44:22","20/04/2026 15:44:22"
"Z2RMP000","POLIZIA STRADALE","Z2RMP000","3758","06/08/2014","rilevatore di velocità in modalità istantanea","Sodi Scientifica S.p.A.","106","106","958350","","20/04/2026 15:44:22","12/11/2025 16:22:37"
"Z2RMP000","POLIZIA STRADALE","Z2RMP000","3248","13/06/2011","rilevatore di velocità in modalità istantanea","Eltraff S.r.l.","TRUSPEED","TRUSPEED","TS008567","","20/04/2026 15:44:22","12/11/2025 16:22:37"
"Z2RMP000","POLIZIA STRADALE","Z2RMP000","305","20/06/2024","FISSO - Velocità media","Movyon SpA","Tutor 3.0","Tutor 3.0","non applicabile","A4, AUTOSTRADA TORINO - TRIESTE TRATTA GRUMELLO DIR EST (km 187+010) - PONTE OGLIO DIR EST (km 190+450) DIREZIONE EST","20/04/2026 15:44:22","20/04/2026 15:44:22"
"Z2RMP000","POLIZIA STRADALE","Z2RMP000","3758","06/08/2014","rilevatore di velocità in modalità istantanea","Sodi Scientifica S.p.A.","106","106","931094","","20/04/2026 15:44:22","12/11/2025 16:22:37"
"Z2RMP000","POLIZIA STRADALE","Z2RMP000","3248","13/06/2011","rilevatore di velocità in modalità istantanea","Eltraff S.r.l.","TRUSPEED","TRUSPEED","TS008460","","20/04/2026 15:44:22","12/11/2025 16:22:37"
"Z2RMP000","POLIZIA STRADALE","Z2RMP000","305","20/06/2024","FISSO - Velocità media","Movyon SpA","Tutor 3.0","Tutor 3.0","non applicabile","A4, AUTOSTRADA TORINO - TRIESTE TRATTA PONTE OGLIO DIR EST (km 190+450) - PALAZZOLO DIR EST (km 192+400) DIREZIONE EST","20/04/2026 15:44:22","20/04/2026 15:44:22"
"Z2RMP000","POLIZIA STRADALE","Z2RMP000","3758","06/08/2014","rilevatore di velocità in modalità istantanea","Sodi Scientifica S.p.A.","106","106","956770","","20/04/2026 15:44:22","12/11/2025 16:22:37"
"Z2RMP000","POLIZIA STRADALE","Z2RMP000","3248","13/06/2011","rilevatore di velocità in modalità istantanea","Eltraff S.r.l.","TRUSPEED","TRUSPEED","TS008546","","20/04/2026 15:44:22","12/11/2025 16:22:37"
"Z2RMP000","POLIZIA STRADALE","Z2RMP000","305","20/06/2024","FISSO - Velocità media","Movyon SpA","Tutor 3.0","Tutor 3.0","non applicabile","A4, AUTOSTRADA TORINO - TRIESTE TRATTA PALAZZOLO DIR EST (km 192+400) - ROVATO DIR EST (km 200+690) DIREZIONE EST","20/04/2026 15:44:22","20/04/2026 15:44:22"
"Z2RMP000","POLIZIA STRADALE","Z2RMP000","3758","06/08/2014","rilevatore di velocità in modalità istantanea","Sodi Scientifica S.p.A.","106","106","958771","","20/04/2026 15:44:22","12/11/2025 16:22:37"
"Z2RMP000","POLIZIA STRADALE","Z2RMP000","1824","20/03/2000","rilevatore di velocità in modalità istantanea","Eltraff S.r.l.","ULTRALYTE","ULTRALYTE","UL016473","","20/04/2026 15:44:22","12/11/2025 16:22:37"
"Z2RMP000","POLIZIA STRADALE","Z2RMP000","305","20/06/2024","FISSO - Velocità media","Movyon SpA","Tutor 3.0","Tutor 3.0","non applicabile","A4, AUTOSTRADA TORINO - TRIESTE TRATTA ROVATO DIR EST (km 200+690) - OSPITALETTO DIR EST (km 205+550) DIREZIONE EST","20/04/2026 15:44:22","20/04/2026 15:44:22"
"Z2RMP000","POLIZIA STRADALE","Z2RMP000","3758","06/08/2014","rilevatore di velocità in modalità istantanea","Sodi Scientifica S.p.A.","106","106","958776","","20/04/2026 15:44:22","12/11/2025 16:22:37"
"Z2RMP000","POLIZIA STRADALE","Z2RMP000","1824","20/03/2000","rilevatore di velocità in modalità istantanea","Eltraff S.r.l.","ULTRALYTE","ULTRALYTE","UL021785","","20/04/2026 15:44:22","12/11/2025 16:22:37"
"Z2RMP000","POLIZIA STRADALE","Z2RMP000","305","20/06/2024","FISSO - Velocità media","Movyon SpA","Tutor 3.0","Tutor 3.0","non applicabile","A4, AUTOSTRADA TORINO - TRIESTE TRATTA CAPRIATE DIR OVEST (km 161+490) - CAVENAGO DIR OVEST (km 151+500) DIREZIONE OVEST","20/04/2026 15:44:22","20/04/2026 15:44:22"
"Z2RMP000","POLIZIA STRADALE","Z2RMP000","3758","06/08/2014","rilevatore di velocità in modalità istantanea","Sodi Scientifica S.p.A.","106","106","958343","","20/04/2026 15:44:22","12/11/2025 16:22:37"
"Z2RMP000","POLIZIA STRADALE","Z2RMP000","1824","20/03/2000","rilevatore di velocità in modalità istantanea","Eltraff S.r.l.","ULTRALYTE","ULTRALYTE","UL006595","","20/04/2026 15:44:22","12/11/2025 16:22:37"
"Z2RMP000","POLIZIA STRADALE","Z2RMP000","305","20/06/2024","FISSO - Velocità media","Movyon SpA","Tutor 3.0","Tutor 3.0","non applicabile","A4, AUTOSTRADA TORINO - TRIESTE TRATTA DALMINE DIR OVEST (km 168+900) - CAPRIATE DIR OVEST (km 161+490) DIREZIONE OVEST","20/04/2026 15:44:22","20/04/2026 15:44:22"
"Z2RMP000","POLIZIA STRADALE","Z2RMP000","3758","06/08/2014","rilevatore di velocità in modalità istantanea","Sodi Scientifica S.p.A.","106","106","955413","","20/04/2026 15:44:22","12/11/2025 16:22:37"
"Z2RMP000","POLIZIA STRADALE","Z2RMP000","1824","20/03/2000","rilevatore di velocità in modalità istantanea","Eltraff S.r.l.","ULTRALYTE","ULTRALYTE","UL020078","","20/04/2026 15:44:22","02/01/2026 12:13:58"
"Z2RMP000","POLIZIA STRADALE","Z2RMP000","305","20/06/2024","FISSO - Velocità media","Movyon SpA","Tutor 3.0","Tutor 3.0","non applicabile","A4, AUTOSTRADA TORINO - TRIESTE TRATTA SERIATE DIR OVEST (km 180+000) - BERGAMO DIR OVEST (km 174+300) DIREZIONE OVEST","20/04/2026 15:44:22","20/04/2026 15:44:22"
"Z2RMP000","POLIZIA STRADALE","Z2RMP000","3758","06/08/2014","rilevatore di velocità in modalità istantanea","Sodi Scientifica S.p.A.","106","106","954620","","20/04/2026 15:44:22","12/11/2025 16:22:37"
"Z2RMP000","POLIZIA STRADALE","Z2RMP000","1824","20/03/2000","rilevatore di velocità in modalità istantanea","Eltraff S.r.l.","ULTRALYTE","ULTRALYTE","UL023370","","20/04/2026 15:44:22","12/11/2025 16:22:37"
"Z2RMP000","POLIZIA STRADALE","Z2RMP000","305","20/06/2024","FISSO - Velocità media","Movyon SpA","Tutor 3.0","Tutor 3.0","non applicabile","A4, AUTOSTRADA TORINO - TRIESTE TRATTA GRUMELLO DIR OVEST (km 189+000) - SERIATE DIR OVEST (km 180+000) DIREZIONE OVEST","20/04/2026 15:44:22","20/04/2026 15:44:22"
"Z2RMP000","POLIZIA STRADALE","Z2RMP000","3758","06/08/2014","rilevatore di velocità in modalità istantanea","Sodi Scientifica S.p.A.","106","106","958332","","20/04/2026 15:44:22","12/11/2025 16:22:37"
"Z2RMP000","POLIZIA STRADALE","Z2RMP000","1824","20/03/2000","rilevatore di velocità in modalità istantanea","Eltraff S.r.l.","ULTRALYTE","ULTRALYTE","UL020584","","20/04/2026 15:44:22","12/11/2025 16:22:37"
"Z2RMP000","POLIZIA STRADALE","Z2RMP000","305","20/06/2024","FISSO - Velocità media","Movyon SpA","Tutor 3.0","Tutor 3.0","non applicabile","A4, AUTOSTRADA TORINO - TRIESTE TRATTA PONTE OGLIO DIR OVEST (km 192+400) - GRUMELLO DIR OVEST (km 189+000) DIREZIONE OVEST","20/04/2026 15:44:22","20/04/2026 15:44:22"
"Z2RMP000","POLIZIA STRADALE","Z2RMP000","3758","06/08/2014","rilevatore di velocità in modalità istantanea","Sodi Scientifica S.p.A.","106","106","958332","","20/04/2026 15:44:22","12/11/2025 16:22:37"
"Z2RMP000","POLIZIA STRADALE","Z2RMP000","1824","20/03/2000","rilevatore di velocità in modalità istantanea","Eltraff S.r.l.","ULTRALYTE","ULTRALYTE","UL021786","","20/04/2026 15:44:22","12/11/2025 16:22:37"
"Z2RMP000","POLIZIA STRADALE","Z2RMP000","305","20/06/2024","FISSO - Velocità media","Movyon SpA","Tutor 3.0","Tutor 3.0","non applicabile","A4, AUTOSTRADA TORINO - TRIESTE TRATTA PALAZZOLO DIR OVEST (km 193+900) - PONTE OGLIO DIR OVEST (km 192+400) DIREZIONE OVEST","20/04/2026 15:44:22","20/04/2026 15:44:22"
"Z2RMP000","POLIZIA STRADALE","Z2RMP000","3758","06/08/2014","rilevatore di velocità in modalità istantanea","Sodi Scientifica S.p.A.","106","106","954600","","20/04/2026 15:44:22","12/11/2025 16:22:37"
"Z2RMP000","POLIZIA STRADALE","Z2RMP000","1824","20/03/2000","rilevatore di velocità in modalità istantanea","Eltraff S.r.l.","ULTRALYTE","ULTRALYTE","UL008558","","20/04/2026 15:44:22","12/11/2025 16:22:37"
"Z2RMP000","POLIZIA STRADALE","Z2RMP000","305","20/06/2024","FISSO - Velocità media","Movyon SpA","Tutor 3.0","Tutor 3.0","non applicabile","A4, AUTOSTRADA TORINO - TRIESTE TRATTA ROVATO DIR OVEST (km 202+300) - PALAZZOLO DIR OVEST (km 193+900) DIREZIONE OVEST","20/04/2026 15:44:22","20/04/2026 15:44:22"
"Z2RMP000","POLIZIA STRADALE","Z2RMP000","3758","06/08/2014","rilevatore di velocità in modalità istantanea","Sodi Scientifica S.p.A.","106","106","955409","","20/04/2026 15:44:22","12/11/2025 16:22:37"
"Z2RMP000","POLIZIA STRADALE","Z2RMP000","1824","20/03/2000","rilevatore di velocità in modalità istantanea","Eltraff S.r.l.","ULTRALYTE","ULTRALYTE","UL 016420","","20/04/2026 15:44:22","12/11/2025 16:22:37"
"Z2RMP000","POLIZIA STRADALE","Z2RMP000","305","20/06/2024","FISSO - Velocità media","Movyon SpA","Tutor 3.0","Tutor 3.0","non applicabile","A4, AUTOSTRADA TORINO - TRIESTE TRATTA OSPITALETTO DIR OVEST (km 206+970) - ROVATO DIR OVEST (km 202+300) DIREZIONE OVEST","20/04/2026 15:44:22","20/04/2026 15:44:22"
"Z2RMP000","POLIZIA STRADALE","Z2RMP000","3758","06/08/2014","rilevatore di velocità in modalità istantanea","Sodi Scientifica S.p.A.","106","106","953493","","20/04/2026 15:44:22","12/11/2025 16:22:37"
"Z2RMP000","POLIZIA STRADALE","Z2RMP000","1824","20/03/2000","rilevatore di velocità in modalità istantanea","Eltraff S.r.l.","ULTRALYTE","ULTRALYTE","UL016427","","20/04/2026 15:44:22","12/11/2025 16:22:37"
"Z2RMP000","POLIZIA STRADALE","Z2RMP000","305","20/06/2024","FISSO - Velocità media","Movyon SpA","Tutor 3.0","Tutor 3.0","non applicabile","A1, AUTOSTRADA MILANO - ROMA - NAPOLI TRATTA ANAGNI DIR SUD (km 602+900) - FERENTINO DIR SUD (km 616+500) DIREZIONE SUD","20/04/2026 15:44:22","20/04/2026 15:44:22"
"Z2RMP000","POLIZIA STRADALE","Z2RMP000","3758","06/08/2014","rilevatore di velocità in modalità istantanea","Sodi Scientifica S.p.A.","106","106","958083","","20/04/2026 15:44:22","12/11/2025 16:22:37"
"Z2RMP000","POLIZIA STRADALE","Z2RMP000","1824","20/03/2000","rilevatore di velocità in modalità istantanea","Eltraff S.r.l.","ULTRALYTE","ULTRALYTE","UL024352","","20/04/2026 15:44:22","12/11/2025 16:22:37"
"Z2RMP000","POLIZIA STRADALE","Z2RMP000","3758","06/08/2014","rilevatore di velocità in modalità istantanea","Sodi Scientifica S.p.A.","106","106","954627","","20/04/2026 15:44:22","12/11/2025 16:22:37"
"Z2RMP000","POLIZIA STRADALE","Z2RMP000","1824","20/03/2000","rilevatore di velocità in modalità istantanea","Eltraff S.r.l.","ULTRALYTE","ULTRALYTE","UL021784","","20/04/2026 15:44:22","12/11/2025 16:22:37"
"Z2RMP000","POLIZIA STRADALE","Z2RMP000","3758","06/08/2014","rilevatore di velocità in modalità istantanea","Sodi Scientifica S.p.A.","106","106","954598","","20/04/2026 15:44:22","12/11/2025 16:22:37"
"Z2RMP000","POLIZIA STRADALE","Z2RMP000","1824","20/03/2000","rilevatore di velocità in modalità istantanea","Eltraff S.r.l.","ULTRALYTE","ULTRALYTE","UL021789","","20/04/2026 15:44:22","12/11/2025 16:22:37"
"Z2RMP000","POLIZIA STRADALE","Z2RMP000","3758","06/08/2014","rilevatore di velocità in modalità istantanea","Sodi Scientifica S.p.A.","106","106","955393","","20/04/2026 15:44:22","12/11/2025 16:22:37"
"Z2RMP000","POLIZIA STRADALE","Z2RMP000","1824","20/03/2000","rilevatore di velocità in modalità istantanea","Eltraff S.r.l.","ULTRALYTE","ULTRALYTE","UL006587","","20/04/2026 15:44:22","12/11/2025 16:22:37"
"Z2RMP000","POLIZIA STRADALE","Z2RMP000","3758","06/08/2014","rilevatore di velocità in modalità istantanea","Sodi Scientifica S.p.A.","106","106","953472","","20/04/2026 15:44:22","12/11/2025 16:22:37"
"Z2RMP000","POLIZIA STRADALE","Z2RMP000","1824","20/03/2000","rilevatore di velocità in modalità istantanea","Eltraff S.r.l.","ULTRALYTE","ULTRALYTE","UL011720","","20/04/2026 15:44:22","12/11/2025 16:22:37"
"Z2RMP000","POLIZIA STRADALE","Z2RMP000","3758","06/08/2014","rilevatore di velocità in modalità istantanea","Sodi Scientifica S.p.A.","106","106","955405","","20/04/2026 15:44:22","12/11/2025 16:22:37"
"Z2RMP000","POLIZIA STRADALE","Z2RMP000","1824","20/03/2000","rilevatore di velocità in modalità istantanea","Eltraff S.r.l.","ULTRALYTE","ULTRALYTE","UL003855","","20/04/2026 15:44:22","12/11/2025 16:22:37"
"Z2RMP000","POLIZIA STRADALE","Z2RMP000","3758","06/08/2014","rilevatore di velocità in modalità istantanea","Sodi Scientifica S.p.A.","106","106","955404","","20/04/2026 15:44:22","12/11/2025 16:22:37"
"Z2RMP000","POLIZIA STRADALE","Z2RMP000","1824","20/03/2000","rilevatore di velocità in modalità istantanea","Eltraff S.r.l.","ULTRALYTE","ULTRALYTE","UL006585","","20/04/2026 15:44:22","12/11/2025 16:22:37"
"Z2RMP000","POLIZIA STRADALE","Z2RMP000","3758","06/08/2014","rilevatore di velocità in modalità istantanea","Sodi Scientifica S.p.A.","106","106","958917","","20/04/2026 15:44:22","23/01/2026 13:04:57"
"Z2RMP000","POLIZIA STRADALE","Z2RMP000","1824","20/03/2000","rilevatore di velocità in modalità istantanea","Eltraff S.r.l.","ULTRALYTE","ULTRALYTE","UL009243","","20/04/2026 15:44:22","12/11/2025 16:22:37"
"Z2RMP000","POLIZIA STRADALE","Z2RMP000","354","05/02/2003","rilevatore di velocità in modalità istantanea","Sodi Scientifica S.p.A.","105 SE","105 SE","941349","","20/04/2026 15:44:22","12/11/2025 16:22:37"
"Z2RMP000","POLIZIA STRADALE","Z2RMP000","1824","20/03/2000","rilevatore di velocità in modalità istantanea","Eltraff S.r.l.","ULTRALYTE","ULTRALYTE","UL021793","","20/04/2026 15:44:22","12/11/2025 16:22:37"
"Z2RMP000","POLIZIA STRADALE","Z2RMP000","354","05/02/2003","rilevatore di velocità in modalità istantanea","Sodi Scientifica S.p.A.","105 SE","105 SE","940728","","20/04/2026 15:44:22","12/11/2025 16:22:37"
"Z2RMP000","POLIZIA STRADALE","Z2RMP000","1824","20/03/2000","rilevatore di velocità in modalità istantanea","Eltraff S.r.l.","ULTRALYTE","ULTRALYTE","UL021783","","20/04/2026 15:44:22","02/01/2026 12:13:58"
"Z2RMP000","POLIZIA STRADALE","Z2RMP000","354","05/02/2003","rilevatore di velocità in modalità istantanea","Sodi Scientifica S.p.A.","105 SE","105 SE","943626","","20/04/2026 15:44:22","12/11/2025 16:22:37"
"Z2RMP000","POLIZIA STRADALE","Z2RMP000","1824","20/03/2000","rilevatore di velocità in modalità istantanea","Eltraff S.r.l.","ULTRALYTE","ULTRALYTE","UL021787","","20/04/2026 15:44:22","12/11/2025 16:22:37"
"Z2RMP000","POLIZIA STRADALE","Z2RMP000","354","05/02/2003","rilevatore di velocità in modalità istantanea","Sodi Scientifica S.p.A.","105 SE","105 SE","941012","","20/04/2026 15:44:22","12/11/2025 16:22:37"
"Z2RMP000","POLIZIA STRADALE","Z2RMP000","1824","20/03/2000","rilevatore di velocità in modalità istantanea","Eltraff S.r.l.","ULTRALYTE","ULTRALYTE","UL003861","","20/04/2026 15:44:22","12/11/2025 16:22:37"
"Z2RMP000","POLIZIA STRADALE","Z2RMP000","354","05/02/2003","rilevatore di velocità in modalità istantanea","Sodi Scientifica S.p.A.","105 SE","105 SE","931094","","20/04/2026 15:44:22","12/11/2025 16:22:37"
"Z2RMP000","POLIZIA STRADALE","Z2RMP000","1824","20/03/2000","rilevatore di velocità in modalità istantanea","Eltraff S.r.l.","ULTRALYTE","ULTRALYTE","UL022969","","20/04/2026 15:44:22","12/11/2025 16:22:37"
"Z2RMP000","POLIZIA STRADALE","Z2RMP000","354","05/02/2003","rilevatore di velocità in modalità istantanea","Sodi Scientifica S.p.A.","105 SE","105 SE","931115","","20/04/2026 15:44:22","12/11/2025 16:22:37"
"Z2RMP000","POLIZIA STRADALE","Z2RMP000","1824","20/03/2000","rilevatore di velocità in modalità istantanea","Eltraff S.r.l.","ULTRALYTE","ULTRALYTE","UL021778","","20/04/2026 15:44:22","12/11/2025 16:22:37"
"Z2RMP000","POLIZIA STRADALE","Z2RMP000","354","05/02/2003","rilevatore di velocità in modalità istantanea","Sodi Scientifica S.p.A.","105 SE","105 SE","936900","","20/04/2026 15:44:22","12/11/2025 16:22:37"
"Z2RMP000","POLIZIA STRADALE","Z2RMP000","1824","20/03/2000","rilevatore di velocità in modalità istantanea","Eltraff S.r.l.","ULTRALYTE","ULTRALYTE","UL012706","","20/04/2026 15:44:22","12/11/2025 16:22:37"
"Z2RMP000","POLIZIA STRADALE","Z2RMP000","354","05/02/2003","rilevatore di velocità in modalità istantanea","Sodi Scientifica S.p.A.","105 SE","105 SE","929432","","20/04/2026 15:44:22","12/11/2025 16:22:37"
"Z2RMP000","POLIZIA STRADALE","Z2RMP000","1824","20/03/2000","rilevatore di velocità in modalità istantanea","Eltraff S.r.l.","ULTRALYTE","ULTRALYTE","UL011302","","20/04/2026 15:44:22","12/11/2025 16:22:37"
"Z2RMP000","POLIZIA STRADALE","Z2RMP000","354","05/02/2003","rilevatore di velocità in modalità istantanea","Sodi Scientifica S.p.A.","105 SE","105 SE","934451","","20/04/2026 15:44:22","12/11/2025 16:22:37"
"Z2RMP000","POLIZIA STRADALE","Z2RMP000","1824","20/03/2000","rilevatore di velocità in modalità istantanea","Eltraff S.r.l.","ULTRALYTE","ULTRALYTE","UL008553","","20/04/2026 15:44:22","12/11/2025 16:22:37"
"Z2RMP000","POLIZIA STRADALE","Z2RMP000","354","05/02/2003","rilevatore di velocità in modalità istantanea","Sodi Scientifica S.p.A.","105 SE","105 SE","945429","","20/04/2026 15:44:22","12/11/2025 16:22:37"
"Z2RMP000","POLIZIA STRADALE","Z2RMP000","1824","20/03/2000","rilevatore di velocità in modalità istantanea","Eltraff S.r.l.","ULTRALYTE","ULTRALYTE","UL008551","","20/04/2026 15:44:22","12/11/2025 16:22:37"
"Z2RMP000","POLIZIA STRADALE","Z2RMP000","555","24/12/2021","rilevatore di velocità in modalità istantanea","EngiNe S.r.l.","CELERITAS MVD 2020","CELERITAS MVD 2020","0x0003B1D1","","20/04/2026 15:44:22","12/11/2025 16:22:37"
"Z2RMP000","POLIZIA STRADALE","Z2RMP000","1824","20/03/2000","rilevatore di velocità in modalità istantanea","Eltraff S.r.l.","ULTRALYTE","ULTRALYTE","UL016435","","20/04/2026 15:44:22","12/11/2025 16:22:37"
"Z2RMP000","POLIZIA STRADALE","Z2RMP000","555","24/12/2021","rilevatore di velocità in modalità istantanea","EngiNe S.r.l.","CELERITAS MVD 2020","CELERITAS MVD 2020","0x0003B075","","20/04/2026 15:44:22","12/11/2025 16:22:37"
"Z2RMP000","POLIZIA STRADALE","Z2RMP000","1824","20/03/2000","rilevatore di velocità in modalità istantanea","Eltraff S.r.l.","ULTRALYTE","ULTRALYTE","UL021680","","20/04/2026 15:44:22","12/11/2025 16:22:37"
"Z2RMP000","POLIZIA STRADALE","Z2RMP000","555","24/12/2021","rilevatore di velocità in modalità istantanea","EngiNe S.r.l.","CELERITAS MVD 2020","CELERITAS MVD 2020","0x00043FC8","","20/04/2026 15:44:22","12/11/2025 16:22:37"
"Z2RMP000","POLIZIA STRADALE","Z2RMP000","1824","20/03/2000","rilevatore di velocità in modalità istantanea","Eltraff S.r.l.","ULTRALYTE","ULTRALYTE","UL021682","","20/04/2026 15:44:22","12/11/2025 16:22:37"
"Z2RMP000","POLIZIA STRADALE","Z2RMP000","4199","08/09/1997","rilevatore di velocità in modalità istantanea","Eltraff S.r.l.","LTI 20_20","LTI 20_20","13203","","20/04/2026 15:44:22","02/01/2026 12:13:58"
"Z2RMP000","POLIZIA STRADALE","Z2RMP000","1824","20/03/2000","rilevatore di velocità in modalità istantanea","Eltraff S.r.l.","ULTRALYTE","ULTRALYTE","UL023371","","20/04/2026 15:44:22","12/11/2025 16:22:37"
"Z2RMP000","POLIZIA STRADALE","Z2RMP000","4199","08/09/1997","rilevatore di velocità in modalità istantanea","Eltraff S.r.l.","LTI 20_20","LTI 20_20","13208","","20/04/2026 15:44:22","12/11/2025 16:22:37"
"Z2RMP000","POLIZIA STRADALE","Z2RMP000","56214","08/07/2008","rilevatore di velocità in modalità istantanea","Velocar s.r.l.","VELOCAR RED&SPEED","F01054","167161","","20/04/2026 15:44:22","12/11/2025 16:22:37"
"Z2RMP000","POLIZIA STRADALE","Z2RMP000","4199","08/09/1997","rilevatore di velocità in modalità istantanea","Eltraff S.r.l.","LTI 20_20","LTI 20_20","13291","","20/04/2026 15:44:22","12/11/2025 16:22:37"
"Z2RMP000","POLIZIA STRADALE","Z2RMP000","56214","08/07/2008","rilevatore di velocità in modalità istantanea","Velocar s.r.l.","VELOCAR RED&SPEED","F01054","167159","","20/04/2026 15:44:22","12/11/2025 16:22:37"
"Z2RMP000","POLIZIA STRADALE","Z2RMP000","4199","08/09/1997","rilevatore di velocità in modalità istantanea","Eltraff S.r.l.","LTI 20_20","LTI 20_20","12611","","20/04/2026 15:44:22","12/11/2025 16:22:37"
"Z2RMP000","POLIZIA STRADALE","Z2RMP000","56214","08/07/2008","rilevatore di velocità in modalità istantanea","Velocar s.r.l.","VELOCAR RED&SPEED","F01054","167164","","20/04/2026 15:44:22","12/11/2025 16:22:37"
"Z2RMP000","POLIZIA STRADALE","Z2RMP000","4199","08/09/1997","rilevatore di velocità in modalità istantanea","Eltraff S.r.l.","LTI 20_20","LTI 20_20","12618","","20/04/2026 15:44:22","12/11/2025 16:22:37"
"Z2RMP000","POLIZIA STRADALE","Z2RMP000","56214","08/07/2008","rilevatore di velocità in modalità istantanea","Velocar s.r.l.","VELOCAR RED&SPEED","F01054","167162","","20/04/2026 15:44:22","12/11/2025 16:22:37"
"Z2RMP000","POLIZIA STRADALE","Z2RMP000","4199","08/09/1997","rilevatore di velocità in modalità istantanea","Eltraff S.r.l.","LTI 20_20","LTI 20_20","13413","","20/04/2026 15:44:22","12/11/2025 16:22:37"
"Z2RMP000","POLIZIA STRADALE","Z2RMP000","56214","08/07/2008","rilevatore di velocità in modalità istantanea","Velocar s.r.l.","VELOCAR RED&SPEED","F01054","167163","","20/04/2026 15:44:22","12/11/2025 16:22:37"
"Z2RMP000","POLIZIA STRADALE","Z2RMP000","4199","08/09/1997","rilevatore di velocità in modalità istantanea","Eltraff S.r.l.","LTI 20_20","LTI 20_20","13202","","20/04/2026 15:44:22","12/11/2025 16:22:37"
"Z2RMP000","POLIZIA STRADALE","Z2RMP000","814","24/02/2015","rilevatore di velocità in modalità istantanea","Velocar s.r.l.","VELOCAR RED&SPEED EVO","VRS-EVO-L1","129","","20/04/2026 15:44:22","12/11/2025 16:22:37"
"Z2RMP000","POLIZIA STRADALE","Z2RMP000","4199","08/09/1997","rilevatore di velocità in modalità istantanea","Eltraff S.r.l.","LTI 20_20","LTI 20_20","13414","","20/04/2026 15:44:22","12/11/2025 16:22:37"
"Z2RMP000","POLIZIA STRADALE","Z2RMP000","305","20/06/2024","FISSO - Velocità media","Movyon SpA","Tutor 3.0","Tutor 3.0","non applicabile","A1, AUTOSTRADA MILANO - ROMA - NAPOLI TRATTA LODI DIR NORD (km24+000) - MILANO SUD DIR NORD (km12+050) DIREZIONE NORD","20/04/2026 15:44:22","12/11/2025 16:22:37"
"Z2RMP000","POLIZIA STRADALE","Z2RMP000","4199","08/09/1997","rilevatore di velocità in modalità istantanea","Eltraff S.r.l.","LTI 20_20","LTI 20_20","13207","","20/04/2026 15:44:22","12/11/2025 16:22:37"
"Z2RMP000","POLIZIA STRADALE","Z2RMP000","305","20/06/2024","FISSO - Velocità media","Movyon SpA","Tutor 3.0","Tutor 3.0","non applicabile","A1, AUTOSTRADA MILANO - ROMA - NAPOLI TRATTA CASALE DIR NORD (km38+900) - LODI DIR NORD (km24+000) DIREZIONE NORD","20/04/2026 15:44:22","12/11/2025 16:22:37"
"Z2RMP000","POLIZIA STRADALE","Z2RMP000","4199","08/09/1997","rilevatore di velocità in modalità istantanea","Eltraff S.r.l.","LTI 20_20","LTI 20_20","13014","","20/04/2026 15:44:22","12/11/2025 16:22:37"
"Z2RMP000","POLIZIA STRADALE","Z2RMP000","305","20/06/2024","FISSO - Velocità media","Movyon SpA","Tutor 3.0","Tutor 3.0","non applicabile","A1, AUTOSTRADA MILANO - ROMA - NAPOLI TRATTA PIACENZA NORD DIR NORD (km52+200) - CASALE DIR NORD (km38+900) DIREZIONE NORD","20/04/2026 15:44:22","12/11/2025 16:22:37"
"Z2RMP000","POLIZIA STRADALE","Z2RMP000","4199","08/09/1997","rilevatore di velocità in modalità istantanea","Eltraff S.r.l.","LTI 20-20","LTI 20-20","13391","","20/04/2026 15:44:22","12/11/2025 16:22:37"
"Z2RMP000","POLIZIA STRADALE","Z2RMP000","305","20/06/2024","FISSO - Velocità media","Movyon SpA","Tutor 3.0","Tutor 3.0","non applicabile","A1, AUTOSTRADA MILANO - ROMA - NAPOLI TRATTA PIACENZA SUD DIR NORD (km60+885) - PIACENZA NORD DIR NORD (km52+200) DIREZIONE NORD","20/04/2026 15:44:22","12/11/2025 16:22:37"
"Z2RMP000","POLIZIA STRADALE","Z2RMP000","4199","08/09/1997","rilevatore di velocità in modalità istantanea","Eltraff S.r.l.","LTI 20-20","LTI 20-20","12656","","20/04/2026 15:44:22","12/11/2025 16:22:37"
"Z2RMP000","POLIZIA STRADALE","Z2RMP000","305","20/06/2024","FISSO - Velocità media","Movyon SpA","Tutor 3.0","Tutor 3.0","non applicabile","A1, AUTOSTRADA MILANO - ROMA - NAPOLI TRATTA FIORENZUOLA DIR NORD (km76+580) - PIACENZA SUD DIR NORD (km60+885) DIREZIONE NORD","20/04/2026 15:44:22","12/11/2025 16:22:37"
"Z2RMP000","POLIZIA STRADALE","Z2RMP000","47177","04/06/2008","rilevatore di velocità in modalità istantanea","Lindblad & Piana S.r.l.","SR520","SR520","593-071/65077","","20/04/2026 15:44:22","12/11/2025 16:22:37"
"Z2RMP000","POLIZIA STRADALE","Z2RMP000","305","20/06/2024","FISSO - Velocità media","Movyon SpA","Tutor 3.0","Tutor 3.0","non applicabile","A1, AUTOSTRADA MILANO - ROMA - NAPOLI TRATTA FIDENZA DIR NORD (km92+550) - FIORENZUOLA DIR NORD (km76+580) DIREZIONE NORD","20/04/2026 15:44:22","12/11/2025 16:22:37"
"Z2RMP000","POLIZIA STRADALE","Z2RMP000","3248","13/06/2011","rilevatore di velocità in modalità istantanea","Eltraff S.r.l.","TRUCAM","TRUCAM","TC005809","","20/04/2026 15:44:22","12/11/2025 16:22:37"
"Z2RMP000","POLIZIA STRADALE","Z2RMP000","305","20/06/2024","FISSO - Velocità media","Movyon SpA","Tutor 3.0","Tutor 3.0","non applicabile","A1, AUTOSTRADA MILANO - ROMA - NAPOLI TRATTA ALL A15 A1 N DIR NORD (km99+100) - FIDENZA DIR NORD (km92+550) DIREZIONE NORD","20/04/2026 15:44:22","12/11/2025 16:22:37"
"Z2RMP000","POLIZIA STRADALE","Z2RMP000","3248","13/06/2011","rilevatore di velocità in modalità istantanea","Eltraff S.r.l.","TRUCAM","TRUCAM","TC005807","","20/04/2026 15:44:22","02/01/2026 12:13:58"
"Z2RMP000","POLIZIA STRADALE","Z2RMP000","305","20/06/2024","FISSO - Velocità media","Movyon SpA","Tutor 3.0","Tutor 3.0","non applicabile","A1, AUTOSTRADA MILANO - ROMA - NAPOLI TRATTA CAMPEGINE DIR NORD (km 125+830) - PARMA DIR NORD (km 113+280) DIREZIONE NORD","20/04/2026 15:44:22","12/11/2025 16:22:37"
"Z2RMP000","POLIZIA STRADALE","Z2RMP000","3248","13/06/2011","rilevatore di velocità in modalità istantanea","Eltraff S.r.l.","TRUCAM","TRUCAM","TC005811","","20/04/2026 15:44:22","12/11/2025 16:22:37"
"Z2RMP000","POLIZIA STRADALE","Z2RMP000","305","20/06/2024","FISSO - Velocità media","Movyon SpA","Tutor 3.0","Tutor 3.0","non applicabile","A1, AUTOSTRADA MILANO - ROMA - NAPOLI TRATTA REGGIO EMILIA DIR NORD (km 139+200) - CAMPEGINE DIR NORD (km 125+830) DIREZIONE NORD","20/04/2026 15:44:22","12/11/2025 16:22:37"
"Z2RMP000","POLIZIA STRADALE","Z2RMP000","3248","13/06/2011","rilevatore di velocità in modalità istantanea","Eltraff S.r.l.","TRUCAM","TRUCAM","TC004817","","20/04/2026 15:44:22","12/11/2025 16:22:37"
"Z2RMP000","POLIZIA STRADALE","Z2RMP000","305","20/06/2024","FISSO - Velocità media","Movyon SpA","Tutor 3.0","Tutor 3.0","non applicabile","A1, AUTOSTRADA MILANO - ROMA - NAPOLI TRATTA ALL A22 A1 N DIR NORD (km 153+400) - REGGIO EMILIA DIR NORD (km 139+200) DIREZIONE NORD","20/04/2026 15:44:22","12/11/2025 16:22:37"
"Z2RMP000","POLIZIA STRADALE","Z2RMP000","3248","13/06/2011","rilevatore di velocità in modalità istantanea","Eltraff S.r.l.","TRUCAM","TRUCAM","TC005806","","20/04/2026 15:44:22","12/11/2025 16:22:37"
"Z2RMP000","POLIZIA STRADALE","Z2RMP000","305","20/06/2024","FISSO - Velocità media","Movyon SpA","Tutor 3.0","Tutor 3.0","non applicabile","A1, AUTOSTRADA MILANO - ROMA - NAPOLI TRATTA MODENA SUD DIR NORD (km 172+030) - MODENA NORD DIR NORD (km 158+530) DIREZIONE NORD","20/04/2026 15:44:22","12/11/2025 16:22:37"
"Z2RMP000","POLIZIA STRADALE","Z2RMP000","3248","13/06/2011","rilevatore di velocità in modalità istantanea","Eltraff S.r.l.","TRUCAM","TRUCAM","TC004910","","20/04/2026 15:44:22","12/11/2025 16:22:37"
"Z2RMP000","POLIZIA STRADALE","Z2RMP000","305","20/06/2024","FISSO - Velocità media","Movyon SpA","Tutor 3.0","Tutor 3.0","non applicabile","A1, AUTOSTRADA MILANO - ROMA - NAPOLI TRATTA VALDICHIANA DIR NORD (km 386+450) - MONTE SAN SAVINO DIR NORD (km 373+650) DIREZIONE NORD","20/04/2026 15:44:22","12/11/2025 16:22:37"
"Z2RMP000","POLIZIA STRADALE","Z2RMP000","3248","13/06/2011","rilevatore di velocità in modalità istantanea","Eltraff S.r.l.","TRUCAM","TRUCAM","TC006401","","20/04/2026 15:44:22","12/11/2025 16:22:37"
"Z2RMP000","POLIZIA STRADALE","Z2RMP000","305","20/06/2024","FISSO - Velocità media","Movyon SpA","Tutor 3.0","Tutor 3.0","non applicabile","A1, AUTOSTRADA MILANO - ROMA - NAPOLI TRATTA CHIUSI DIR NORD (km 411+600) - VALDICHIANA DIR NORD (km 386+450) DIREZIONE NORD","20/04/2026 15:44:22","12/11/2025 16:22:37"
"Z2RMP000","POLIZIA STRADALE","Z2RMP000","3248","13/06/2011","rilevatore di velocità in modalità istantanea","Eltraff S.r.l.","TRUCAM","TRUCAM","TC004911","","20/04/2026 15:44:22","12/11/2025 16:22:37"
"Z2RMP000","POLIZIA STRADALE","Z2RMP000","305","20/06/2024","FISSO - Velocità media","Movyon SpA","Tutor 3.0","Tutor 3.0","non applicabile","A1, AUTOSTRADA MILANO - ROMA - NAPOLI TRATTA ORVIETO DIR NORD (km 467+000) - FABRO DIR NORD (km 429+100) DIREZIONE NORD","20/04/2026 15:44:22","12/11/2025 16:22:37"
"Z2RMP000","POLIZIA STRADALE","Z2RMP000","3248","13/06/2011","rilevatore di velocità in modalità istantanea","Eltraff S.r.l.","TRUCAM","TRUCAM","TC012033","","20/04/2026 15:44:22","12/11/2025 16:22:37"
"Z2RMP000","POLIZIA STRADALE","Z2RMP000","3999","24/12/2004","FISSO - Velocità media","Movyon SpA","SICVe","SICVe","non applicabile","A1, AUTOSTRADA MILANO - ROMA - NAPOLI TRATTA MAGLIANO DIR NORD (km 503+110) - ORTE DIR NORD (km 493+900) DIREZIONE NORD","20/04/2026 15:44:22","12/11/2025 16:22:37"
"Z2RMP000","POLIZIA STRADALE","Z2RMP000","3248","13/06/2011","rilevatore di velocità in modalità istantanea","Eltraff S.r.l.","TRUCAM","TRUCAM","TC009942","","20/04/2026 15:44:22","12/11/2025 16:22:37"
"Z2RMP000","POLIZIA STRADALE","Z2RMP000","3999","24/12/2004","FISSO - Velocità media","Movyon SpA","SICVe","SICVe","non applicabile","A1, AUTOSTRADA MILANO - ROMA - NAPOLI TRATTA PONZANO ROMANO DIR NORD (km 517+550) - MAGLIANO DIR NORD (km 503+110) DIREZIONE NORD","20/04/2026 15:44:22","12/11/2025 16:22:37"
"Z2RMP000","POLIZIA STRADALE","Z2RMP000","3248","13/06/2011","rilevatore di velocità in modalità istantanea","Eltraff S.r.l.","TRUCAM","TRUCAM","TC012330","","20/04/2026 15:44:22","12/11/2025 16:22:37"
"Z2RMP000","POLIZIA STRADALE","Z2RMP000","3999","24/12/2004","FISSO - Velocità media","Movyon SpA","SICVe","SICVe","non applicabile","A1, AUTOSTRADA MILANO - ROMA - NAPOLI TRATTA ALL RAC RM-N A1 N DIR NORD (km 529+140) - PONZANO ROMANO DIR NORD (km 517+550) DIREZIONE NORD","20/04/2026 15:44:22","12/11/2025 16:22:37"
"Z2RMP000","POLIZIA STRADALE","Z2RMP000","3248","13/06/2011","rilevatore di velocità in modalità istantanea","Eltraff S.r.l.","TRUCAM","TRUCAM","TC005853","","20/04/2026 15:44:22","12/11/2025 16:22:37"
"Z2RMP000","POLIZIA STRADALE","Z2RMP000","3999","24/12/2004","FISSO - Velocità media","Movyon SpA","SICVe","SICVe","non applicabile","A1, AUTOSTRADA MILANO - ROMA - NAPOLI TRATTA ALL RAC RM-S A1 N DIR NORD (km 574+600) - ALL A24 A1 S DIR NORD -M (km 564+050) DIREZIONE NORD","20/04/2026 15:44:22","12/11/2025 16:22:37"
"Z2RMP000","POLIZIA STRADALE","Z2RMP000","3248","13/06/2011","rilevatore di velocità in modalità istantanea","Eltraff S.r.l.","TRUCAM","TRUCAM","TC005802","","20/04/2026 15:44:22","12/11/2025 16:22:37"
"Z2RMP000","POLIZIA STRADALE","Z2RMP000","305","20/06/2024","FISSO - Velocità media","Movyon SpA","Tutor 3.0","Tutor 3.0","non applicabile","A1, AUTOSTRADA MILANO - ROMA - NAPOLI TRATTA VALMONTONE DIR NORD (km 589+200) - ALL RAC RM-S A1 S DIR NORD -M (km 579+850) DIREZIONE NORD","20/04/2026 15:44:22","12/11/2025 16:22:37"
"Z2RMP000","POLIZIA STRADALE","Z2RMP000","3248","13/06/2011","rilevatore di velocità in modalità istantanea","Eltraff S.r.l.","TRUCAM","TRUCAM","TC006402","","20/04/2026 15:44:22","12/11/2025 16:22:37"
"Z2RMP000","POLIZIA STRADALE","Z2RMP000","305","20/06/2024","FISSO - Velocità media","Movyon SpA","Tutor 3.0","Tutor 3.0","non applicabile","A1, AUTOSTRADA MILANO - ROMA - NAPOLI TRATTA COLLEFERRO DIR NORD (km 596+000) - VALMONTONE DIR NORD (km 589+200) DIREZIONE NORD","20/04/2026 15:44:22","12/11/2025 16:22:37"
"Z2RMP000","POLIZIA STRADALE","Z2RMP000","3248","13/06/2011","rilevatore di velocità in modalità istantanea","Eltraff S.r.l.","TRUCAM","TRUCAM","TC005753","","20/04/2026 15:44:22","12/11/2025 16:22:37"
"Z2RMP000","POLIZIA STRADALE","Z2RMP000","305","20/06/2024","FISSO - Velocità media","Movyon SpA","Tutor 3.0","Tutor 3.0","non applicabile","A1, AUTOSTRADA MILANO - ROMA - NAPOLI TRATTA ANAGNI DIR NORD (km 605+800) - COLLEFERRO DIR NORD (km 596+000) DIREZIONE NORD","20/04/2026 15:44:22","12/11/2025 16:22:37"
"Z2RMP000","POLIZIA STRADALE","Z2RMP000","3248","13/06/2011","rilevatore di velocità in modalità istantanea","Eltraff S.r.l.","TRUCAM","TRUCAM","TC012028","","20/04/2026 15:44:22","12/11/2025 16:22:37"
"Z2RMP000","POLIZIA STRADALE","Z2RMP000","305","20/06/2024","FISSO - Velocità media","Movyon SpA","Tutor 3.0","Tutor 3.0","non applicabile","A1, AUTOSTRADA MILANO - ROMA - NAPOLI TRATTA PONTECORVO DIR NORD (km 661+750) - CEPRANO DIR NORD (km 644+850) DIREZIONE NORD","20/04/2026 15:44:22","12/11/2025 16:22:37"
"Z2RMP000","POLIZIA STRADALE","Z2RMP000","3248","13/06/2011","rilevatore di velocità in modalità istantanea","Eltraff S.r.l.","TRUCAM","TRUCAM","TC005801","","20/04/2026 15:44:22","12/11/2025 16:22:37"
"Z2RMP000","POLIZIA STRADALE","Z2RMP000","305","20/06/2024","FISSO - Velocità media","Movyon SpA","Tutor 3.0","Tutor 3.0","non applicabile","A1, AUTOSTRADA MILANO - ROMA - NAPOLI TRATTA CASSINO DIR NORD (km 671+200) - PONTECORVO DIR NORD (km 661+750) DIREZIONE NORD","20/04/2026 15:44:22","12/11/2025 16:22:37"
"Z2RMP000","POLIZIA STRADALE","Z2RMP000","3248","13/06/2011","rilevatore di velocità in modalità istantanea","Eltraff S.r.l.","TRUCAM","TRUCAM","TC012329","","20/04/2026 15:44:22","12/11/2025 16:22:37"
"Z2RMP000","POLIZIA STRADALE","Z2RMP000","305","20/06/2024","FISSO - Velocità media","Movyon SpA","Tutor 3.0","Tutor 3.0","non applicabile","A1, AUTOSTRADA MILANO - ROMA - NAPOLI TRATTA SAN VITTORE DIR NORD (km 680+500) - CASSINO DIR NORD (km 671+200) DIREZIONE NORD","20/04/2026 15:44:22","12/11/2025 16:22:37"
"Z2RMP000","POLIZIA STRADALE","Z2RMP000","3248","13/06/2011","rilevatore di velocità in modalità istantanea","Eltraff S.r.l.","TRUCAM","TRUCAM","TC006342","","20/04/2026 15:44:22","12/11/2025 16:22:37"
"Z2RMP000","POLIZIA STRADALE","Z2RMP000","305","20/06/2024","FISSO - Velocità media","Movyon SpA","Tutor 3.0","Tutor 3.0","non applicabile","A1, AUTOSTRADA MILANO - ROMA - NAPOLI TRATTA CAIANELLO DIR NORD (km 702+600) - SAN VITTORE DIR NORD (km 680+500) DIREZIONE NORD","20/04/2026 15:44:22","12/11/2025 16:22:37"
"Z2RMP000","POLIZIA STRADALE","Z2RMP000","3248","13/06/2011","rilevatore di velocità in modalità istantanea","Eltraff S.r.l.","TRUCAM","TRUCAM","TC007249","","20/04/2026 15:44:22","12/11/2025 16:22:37"
"Z2RMP000","POLIZIA STRADALE","Z2RMP000","305","20/06/2024","FISSO - Velocità media","Movyon SpA","Tutor 3.0","Tutor 3.0","non applicabile","A1, AUTOSTRADA MILANO - ROMA - NAPOLI TRATTA SM CAPUAVETERE DIR NORD (km 731+400) - CAPUA DIR NORD (km 721+500) DIREZIONE NORD","20/04/2026 15:44:22","12/11/2025 16:22:37"
"Z2RMP000","POLIZIA STRADALE","Z2RMP000","3248","13/06/2011","rilevatore di velocità in modalità istantanea","Eltraff S.r.l.","TRUCAM","TRUCAM","TC005741","","20/04/2026 15:44:22","12/11/2025 16:22:37"
"Z2RMP000","POLIZIA STRADALE","Z2RMP000","305","20/06/2024","FISSO - Velocità media","Movyon SpA","Tutor 3.0","Tutor 3.0","non applicabile","A1, AUTOSTRADA MILANO - ROMA - NAPOLI TRATTA CASERTA NORD DIR NORD (km 736+680) - SM CAPUAVETERE DIR NORD (km 731+400) DIREZIONE NORD","20/04/2026 15:44:22","12/11/2025 16:22:37"
"Z2RMP000","POLIZIA STRADALE","Z2RMP000","3248","13/06/2011","rilevatore di velocità in modalità istantanea","Eltraff S.r.l.","TRUCAM","TRUCAM","TC006325","","20/04/2026 15:44:22","12/11/2025 16:22:37"
"Z2RMP000","POLIZIA STRADALE","Z2RMP000","3999","24/12/2004","FISSO - Velocità media","Movyon SpA","SICVe","SICVe","non applicabile","A1, AUTOSTRADA MILANO - ROMA - NAPOLI TRATTA MILANO SUD DIR SUD (km12+300) - LODI DIR SUD (km21+200) DIREZIONE SUD","20/04/2026 15:44:22","12/11/2025 16:22:37"
"Z2RMP000","POLIZIA STRADALE","Z2RMP000","3248","13/06/2011","rilevatore di velocità in modalità istantanea","Eltraff S.r.l.","TRUCAM","TRUCAM","TC005731","","20/04/2026 15:44:22","12/11/2025 16:22:37"
"Z2RMP000","POLIZIA STRADALE","Z2RMP000","3999","24/12/2004","FISSO - Velocità media","Movyon SpA","SICVe","SICVe","non applicabile","A1, AUTOSTRADA MILANO - ROMA - NAPOLI TRATTA LODI DIR SUD (km21+200) - CASALE DIR SUD (km36+100) DIREZIONE SUD","20/04/2026 15:44:22","12/11/2025 16:22:37"
"Z2RMP000","POLIZIA STRADALE","Z2RMP000","3248","13/06/2011","rilevatore di velocità in modalità istantanea","Eltraff S.r.l.","TRUCAM","TRUCAM","TC006327","","20/04/2026 15:44:22","12/11/2025 16:22:37"
"Z2RMP000","POLIZIA STRADALE","Z2RMP000","3999","24/12/2004","FISSO - Velocità media","Movyon SpA","SICVe","SICVe","non applicabile","A1, AUTOSTRADA MILANO - ROMA - NAPOLI TRATTA CASALE DIR SUD (km36+100) - PIACENZA NORD DIR SUD (km48+100) DIREZIONE SUD","20/04/2026 15:44:22","12/11/2025 16:22:37"
"Z2RMP000","POLIZIA STRADALE","Z2RMP000","3248","13/06/2011","rilevatore di velocità in modalità istantanea","Eltraff S.r.l.","TRUCAM","TRUCAM","TC005732","","20/04/2026 15:44:22","12/11/2025 16:22:37"
"Z2RMP000","POLIZIA STRADALE","Z2RMP000","3999","24/12/2004","FISSO - Velocità media","Movyon SpA","SICVe","SICVe","non applicabile","A1, AUTOSTRADA MILANO - ROMA - NAPOLI TRATTA PIACENZA NORD DIR SUD (km48+100) - PIACENZA SUD DIR SUD (km54+500) DIREZIONE SUD","20/04/2026 15:44:22","12/11/2025 16:22:37"
"Z2RMP000","POLIZIA STRADALE","Z2RMP000","3248","13/06/2011","rilevatore di velocità in modalità istantanea","Eltraff S.r.l.","TRUCAM","TRUCAM","TC005733","","20/04/2026 15:44:22","12/11/2025 16:22:37"
"Z2RMP000","POLIZIA STRADALE","Z2RMP000","3999","24/12/2004","FISSO - Velocità media","Movyon SpA","SICVe","SICVe","non applicabile","A1, AUTOSTRADA MILANO - ROMA - NAPOLI TRATTA ALL A21 A1 S DIR SUD (km60+850) - FIORENZUOLA DIR SUD (km71+350) DIREZIONE SUD","20/04/2026 15:44:22","12/11/2025 16:22:37"
"Z2RMP000","POLIZIA STRADALE","Z2RMP000","3248","13/06/2011","rilevatore di velocità in modalità istantanea","Eltraff S.r.l.","TRUCAM","TRUCAM","TC005740","","20/04/2026 15:44:22","12/11/2025 16:22:37"
"Z2RMP000","POLIZIA STRADALE","Z2RMP000","3999","24/12/2004","FISSO - Velocità media","Movyon SpA","SICVe","SICVe","non applicabile","A1, AUTOSTRADA MILANO - ROMA - NAPOLI TRATTA FIORENZUOLA DIR SUD (km71+350) - FIDENZA DIR SUD (km89+150) DIREZIONE SUD","20/04/2026 15:44:22","12/11/2025 16:22:37"

